scheme_code,scheme_name,scheme_type,scheme_category,ter_date,regular_ter,direct_ter,ingested_at
360O/O/H/BHF/23/07/0007,360 ONE Balanced Hybrid Fund,Open Ended,Hybrid Schemes - Balanced Hybrid Fund,2026-09-01,2.19,0.62,2026-09-03T15:06:40Z
360O/O/H/BHF/23/07/0007,360 ONE Balanced Hybrid Fund,Open Ended,Hybrid Schemes - Balanced Hybrid Fund,2026-09-02,2.19,0.62,2026-09-03T15:06:40Z
360O/O/D/DBF/13/02/0001,360 ONE Dynamic Term Fund,Open Ended,Income/Debt Oriented Schemes - Dynamic Term Fund,2026-09-01,0.59,0.34,2026-09-03T15:06:40Z
360O/O/D/DBF/13/02/0001,360 ONE Dynamic Term Fund,Open Ended,Income/Debt Oriented Schemes - Dynamic Term Fund,2026-09-02,0.59,0.34,2026-09-03T15:06:40Z
360O/O/E/ELS/22/10/0005,360 ONE ELSS Tax Saver Nifty 50 Index Fund,Open Ended,Index Funds - Equity Funds,2026-09-01,0.62,0.37,2026-09-03T15:06:40Z
360O/O/E/ELS/22/10/0005,360 ONE ELSS Tax Saver Nifty 50 Index Fund,Open Ended,Index Funds - Equity Funds,2026-09-02,0.62,0.37,2026-09-03T15:06:40Z
360O/O/E/FCF/23/02/0006,360 ONE FLEXICAP FUND,Open Ended,Equity Schemes - Flexi Cap Fund,2026-09-01,2.38,0.94,2026-09-03T15:06:40Z
360O/O/E/FCF/23/02/0006,360 ONE FLEXICAP FUND,Open Ended,Equity Schemes - Flexi Cap Fund,2026-09-02,2.38,0.94,2026-09-03T15:06:40Z
360O/O/E/FOC/14/08/0003,360 ONE Focused Fund,Open Ended,Equity Schemes - Focused Fund,2026-09-01,2.15,1.21,2026-09-03T15:06:40Z
360O/O/E/FOC/14/08/0003,360 ONE Focused Fund,Open Ended,Equity Schemes - Focused Fund,2026-09-02,2.15,1.21,2026-09-03T15:06:40Z
360O/O/O/GET/25/01/0008,360 ONE GOLD ETF,Open Ended,Exchange Traded Funds (ETFs) - Gold ETF,2026-09-01,0.47,0.0,2026-09-03T15:06:40Z
360O/O/O/GET/25/01/0008,360 ONE GOLD ETF,Open Ended,Exchange Traded Funds (ETFs) - Gold ETF,2026-09-02,0.47,0.0,2026-09-03T15:06:40Z
360O/O/D/LIF/13/05/0002,360 ONE Liquid Fund,Open Ended,Income/Debt Oriented Schemes - Liquid Fund,2026-09-01,0.35,0.23,2026-09-03T15:06:40Z
360O/O/D/LIF/13/05/0002,360 ONE Liquid Fund,Open Ended,Income/Debt Oriented Schemes - Liquid Fund,2026-09-02,0.35,0.23,2026-09-03T15:06:40Z
360O/O/O/OET/26/04/0012,360 ONE MSCI India ETF,Open Ended,Exchange Traded Funds (ETFs) - Other ETF,2026-09-01,0.97,0.0,2026-09-03T15:06:40Z
360O/O/O/OET/26/04/0012,360 ONE MSCI India ETF,Open Ended,Exchange Traded Funds (ETFs) - Other ETF,2026-09-02,0.97,0.0,2026-09-03T15:06:40Z
360O/O/H /MAA/25/04/0011,360 ONE Multi Asset Allocation Fund,Open Ended,Hybrid Schemes - Multi Asset Allocation Fund,2026-09-01,2.17,0.6,2026-09-03T15:06:40Z
360O/O/H /MAA/25/04/0011,360 ONE Multi Asset Allocation Fund,Open Ended,Hybrid Schemes - Multi Asset Allocation Fund,2026-09-02,2.17,0.6,2026-09-03T15:06:40Z
360O/O/D /ONF/25/05/0010,360 ONE OVERNIGHT FUND,Open Ended,Income/Debt Oriented Schemes - Overnight Fund,2026-09-01,0.21,0.13,2026-09-03T15:06:40Z
360O/O/D /ONF/25/05/0010,360 ONE OVERNIGHT FUND,Open Ended,Income/Debt Oriented Schemes - Overnight Fund,2026-09-02,0.21,0.13,2026-09-03T15:06:40Z
360O/O/E/THE/21/10/0004,360 ONE QUANT FUND,Open Ended,Equity Schemes - Thematic Fund,2026-09-01,2.55,1.16,2026-09-03T15:06:40Z
360O/O/E/THE/21/10/0004,360 ONE QUANT FUND,Open Ended,Equity Schemes - Thematic Fund,2026-09-02,2.55,1.16,2026-09-03T15:06:40Z
360O/O/O/OET/25/01/0009,360 ONE SILVER ETF,Open Ended,Exchange Traded Funds (ETFs) - Silver ETF,2026-09-01,0.46,0.0,2026-09-03T15:06:40Z
360O/O/O/OET/25/01/0009,360 ONE SILVER ETF,Open Ended,Exchange Traded Funds (ETFs) - Silver ETF,2026-09-02,0.46,0.0,2026-09-03T15:06:40Z
ABKS/O/E/FCF/25/11/0002,Abakkus Flexi Cap Fund,Open Ended,Equity Scheme - Flexi Cap Fund,2026-09-01,2.13,0.84,2026-09-03T15:06:40Z
ABKS/O/E/FCF/25/11/0002,Abakkus Flexi Cap Fund,Open Ended,Equity Scheme - Flexi Cap Fund,2026-09-02,2.13,0.84,2026-09-03T15:06:40Z
ABKS/O/E/LMF/26/06/0005,Abakkus Large & Mid Cap Fund,Open Ended,Equity Scheme - Large & Mid Cap Fund,2026-09-01,4.7,3.21,2026-09-03T15:06:40Z
ABKS/O/E/LMF/26/06/0005,Abakkus Large & Mid Cap Fund,Open Ended,Equity Scheme - Large & Mid Cap Fund,2026-09-02,4.7,3.21,2026-09-03T15:06:40Z
ABKS/O/D/LIF/25/11/0001,Abakkus Liquid Fund,Open Ended,Income/Debt Oriented Schemes - Liquid Fund,2026-09-01,0.31,0.23,2026-09-03T15:06:40Z
ABKS/O/D/LIF/25/11/0001,Abakkus Liquid Fund,Open Ended,Income/Debt Oriented Schemes - Liquid Fund,2026-09-02,0.31,0.23,2026-09-03T15:06:40Z
ABKS/O/E/SCF/26/01/0003,Abakkus Small Cap Fund,Open Ended,Equity Scheme - Small Cap Fund,2026-09-01,2.6,1.28,2026-09-03T15:06:40Z
ABKS/O/E/SCF/26/01/0003,Abakkus Small Cap Fund,Open Ended,Equity Scheme - Small Cap Fund,2026-09-02,2.6,1.28,2026-09-03T15:06:40Z
ABSL/O/H/BHF/95/01/0001,Aditya Birla Sun Life Aggressive Hybrid Fund,Open Ended,Hybrid Schemes - Aggressive Hybrid Fund,2026-09-01,1.89,1.17,2026-09-03T15:06:40Z
ABSL/O/H/BHF/95/01/0001,Aditya Birla Sun Life Aggressive Hybrid Fund,Open Ended,Hybrid Schemes - Aggressive Hybrid Fund,2026-09-02,1.89,1.16,2026-09-03T15:06:40Z
ABSL/O/O/FOD/10/10/0042,Aditya Birla Sun Life Aggressive Hybrid Omni FOF,Open Ended,Other Scheme - FoF Domestic,2026-09-01,1.12,0.56,2026-09-03T15:06:40Z
ABSL/O/O/FOD/10/10/0042,Aditya Birla Sun Life Aggressive Hybrid Omni FOF,Open Ended,Other Scheme - FoF Domestic,2026-09-02,1.12,0.56,2026-09-03T15:06:40Z
ABSL/O/H/ARB/09/04/0039,ADITYA BIRLA SUN LIFE ARBITRAGE FUND,Open Ended,Hybrid Scheme - Arbitrage Fund,2026-09-01,1.95,1.24,2026-09-03T15:06:40Z
ABSL/O/H/ARB/09/04/0039,ADITYA BIRLA SUN LIFE ARBITRAGE FUND,Open Ended,Hybrid Scheme - Arbitrage Fund,2026-09-02,1.95,1.24,2026-09-03T15:06:40Z
ABSL/O/S/CHI/18/10/0073,ADITYA BIRLA SUN LIFE BAL BHAVISHYA YOJNA,Open Ended,Solution Oriented Scheme - Children’s Fund,2026-09-01,2.27,1.07,2026-09-03T15:06:40Z
ABSL/O/S/CHI/18/10/0073,ADITYA BIRLA SUN LIFE BAL BHAVISHYA YOJNA,Open Ended,Solution Oriented Scheme - Children’s Fund,2026-09-02,2.26,1.13,2026-09-03T15:06:40Z
ABSL/O/H/DAA/00/03/0014,Aditya Birla Sun Life Balanced Advantage Fund,Open Ended,Hybrid Scheme - Dynamic Asset Allocation or Balanced Advantage,2026-09-01,1.95,0.89,2026-09-03T15:06:40Z
ABSL/O/H/DAA/00/03/0014,Aditya Birla Sun Life Balanced Advantage Fund,Open Ended,Hybrid Scheme - Dynamic Asset Allocation or Balanced Advantage,2026-09-02,1.95,0.89,2026-09-03T15:06:40Z
ABSL/O/D/BPF/00/01/0013,Aditya Birla Sun Life Banking & PSU Debt Fund,Open Ended,Debt Scheme - Banking and PSU Fund,2026-09-01,0.75,0.41,2026-09-03T15:06:40Z
ABSL/O/D/BPF/00/01/0013,Aditya Birla Sun Life Banking & PSU Debt Fund,Open Ended,Debt Scheme - Banking and PSU Fund,2026-09-02,0.75,0.41,2026-09-03T15:06:40Z
ABSL/O/E/SEC/13/11/0046,Aditya Birla Sun Life Banking and Financial Services Fund,Open Ended,Equity Scheme - Sectoral/ Thematic,2026-09-01,2.0,1.14,2026-09-03T15:06:40Z
ABSL/O/E/SEC/13/11/0046,Aditya Birla Sun Life Banking and Financial Services Fund,Open Ended,Equity Scheme - Sectoral/ Thematic,2026-09-02,2.0,1.14,2026-09-03T15:06:40Z
ABSL/O/O/EIN/25/06/0170,ADITYA BIRLA SUN LIFE BSE 500 MOMENTUM 50 INDEX FUND,Open Ended,Index Funds - Equity Funds,2026-09-01,1.35,0.63,2026-09-03T15:06:40Z
ABSL/O/O/EIN/25/06/0170,ADITYA BIRLA SUN LIFE BSE 500 MOMENTUM 50 INDEX FUND,Open Ended,Index Funds - Equity Funds,2026-09-02,1.35,0.63,2026-09-03T15:06:40Z
ABSL/O/O/EIN/25/06/0169,ADITYA BIRLA SUN LIFE BSE 500 QUALITY 50 INDEX FUND,Open Ended,Index Funds - Equity Funds,2026-09-01,1.11,0.37,2026-09-03T15:06:40Z
ABSL/O/O/EIN/25/06/0169,ADITYA BIRLA SUN LIFE BSE 500 QUALITY 50 INDEX FUND,Open Ended,Index Funds - Equity Funds,2026-09-02,1.11,0.37,2026-09-03T15:06:40Z
ABSL/O/O/EIN/24/10/0165,ADITYA BIRLA SUN LIFE BSE INDIA INFRASTRUCTURE INDEX FUND,Open Ended,Index Funds - Equity Funds,2026-09-01,1.11,0.55,2026-09-03T15:06:40Z
ABSL/O/O/EIN/24/10/0165,ADITYA BIRLA SUN LIFE BSE INDIA INFRASTRUCTURE INDEX FUND,Open Ended,Index Funds - Equity Funds,2026-09-02,1.11,0.55,2026-09-03T15:06:40Z
ABSL/O/O/OET/16/06/0050,Aditya Birla Sun Life BSE Sensex ETF,Open Ended,Exchange Traded Funds (ETFs) - Equity ETF,2026-09-01,0.06,0.0,2026-09-03T15:06:40Z
ABSL/O/O/OET/16/06/0050,Aditya Birla Sun Life BSE Sensex ETF,Open Ended,Exchange Traded Funds (ETFs) - Equity ETF,2026-09-02,0.06,0.0,2026-09-03T15:06:40Z
ABSL/O/O/EET/26/01/0172,Aditya Birla Sun Life BSE TOP 10 BANKS ETF,Open Ended,Exchange Traded Funds (ETFs) - Equity ETF,2026-09-01,0.16,0.0,2026-09-03T15:06:40Z
ABSL/O/O/EET/26/01/0172,Aditya Birla Sun Life BSE TOP 10 BANKS ETF,Open Ended,Exchange Traded Funds (ETFs) - Equity ETF,2026-09-02,0.16,0.0,2026-09-03T15:06:40Z
ABSL/O/E/SEC/21/08/0101,Aditya Birla Sun Life Business Cycle Fund,Open Ended,Equity Scheme - Sectoral/ Thematic,2026-09-01,2.6,1.64,2026-09-03T15:06:40Z
ABSL/O/E/SEC/21/08/0101,Aditya Birla Sun Life Business Cycle Fund,Open Ended,Equity Scheme - Sectoral/ Thematic,2026-09-02,2.6,1.64,2026-09-03T15:06:40Z
ABSL/O/E/THE/24/10/0166,Aditya Birla Sun Life Conglomerate Fund,Open Ended,Equity Scheme - Sectoral/ Thematic,2026-09-01,2.3,1.04,2026-09-03T15:06:40Z
ABSL/O/E/THE/24/10/0166,Aditya Birla Sun Life Conglomerate Fund,Open Ended,Equity Scheme - Sectoral/ Thematic,2026-09-02,2.31,1.04,2026-09-03T15:06:40Z
ABSL/O/O/FOD/10/10/0041,Aditya Birla Sun Life Conservative Hybrid Active FOF,Open Ended,Other Scheme - FoF Domestic,2026-09-01,0.89,0.47,2026-09-03T15:06:40Z
ABSL/O/O/FOD/10/10/0041,Aditya Birla Sun Life Conservative Hybrid Active FOF,Open Ended,Other Scheme - FoF Domestic,2026-09-02,0.89,0.47,2026-09-03T15:06:40Z
ABSL/O/H/CHF/04/02/0023,Aditya Birla Sun Life Conservative Hybrid Fund,Open Ended,Hybrid Schemes - Conservative Hybrid Fund,2026-09-01,1.8,0.96,2026-09-03T15:06:40Z
ABSL/O/H/CHF/04/02/0023,Aditya Birla Sun Life Conservative Hybrid Fund,Open Ended,Hybrid Schemes - Conservative Hybrid Fund,2026-09-02,1.8,0.96,2026-09-03T15:06:40Z
ABSL/O/E/SEC/05/05/0026,Aditya Birla Sun Life Consumption Fund,Open Ended,Equity Scheme - Sectoral/ Thematic,2026-09-01,1.95,0.95,2026-09-03T15:06:40Z
ABSL/O/E/SEC/05/05/0026,Aditya Birla Sun Life Consumption Fund,Open Ended,Equity Scheme - Sectoral/ Thematic,2026-09-02,1.94,0.95,2026-09-03T15:06:40Z
ABSL/O/D/CBF/97/03/0005,Aditya Birla Sun Life Corporate Bond Fund,Open Ended,Debt Scheme - Corporate Bond Fund,2026-09-01,0.52,0.34,2026-09-03T15:06:40Z
ABSL/O/D/CBF/97/03/0005,Aditya Birla Sun Life Corporate Bond Fund,Open Ended,Debt Scheme - Corporate Bond Fund,2026-09-02,0.52,0.34,2026-09-03T15:06:40Z
ABSL/O/D/CRF/14/10/0048,Aditya Birla Sun Life Credit Risk Fund,Open Ended,Debt Scheme - Credit Risk Fund,2026-09-01,1.6,0.8,2026-09-03T15:06:40Z
ABSL/O/D/CRF/14/10/0048,Aditya Birla Sun Life Credit Risk Fund,Open Ended,Debt Scheme - Credit Risk Fund,2026-09-02,1.6,0.8,2026-09-03T15:06:40Z
ABSL/O/O/DET/24/07/0161,Aditya Birla Sun Life Crisil 10 year Gilt ETF,Open Ended,Other Scheme - Other  ETFs,2026-09-01,0.08,0.0,2026-09-03T15:06:40Z
ABSL/O/O/DET/24/07/0161,Aditya Birla Sun Life Crisil 10 year Gilt ETF,Open Ended,Other Scheme - Other  ETFs,2026-09-02,0.08,0.0,2026-09-03T15:06:40Z
ABSL/O/O/DET/24/06/0159,ADITYA BIRLA SUN LIFE CRISIL BROAD BASED GILT ETF,Open Ended,Other Scheme - Other  ETFs,2026-09-01,0.08,0.0,2026-09-03T15:06:40Z
ABSL/O/O/DET/24/06/0159,ADITYA BIRLA SUN LIFE CRISIL BROAD BASED GILT ETF,Open Ended,Other Scheme - Other  ETFs,2026-09-02,0.08,0.0,2026-09-03T15:06:40Z
ABSL/O/O/DIN/22/09/0124,Aditya Birla Sun Life Crisil IBX 50:50 Gilt Plus SDL Apr 2028 Index Fund,Open Ended,Other Scheme - Index Funds,2026-09-01,0.35,0.2,2026-09-03T15:06:40Z
ABSL/O/O/DIN/22/09/0124,Aditya Birla Sun Life Crisil IBX 50:50 Gilt Plus SDL Apr 2028 Index Fund,Open Ended,Other Scheme - Index Funds,2026-09-02,0.35,0.2,2026-09-03T15:06:40Z
ABSL/O/O/OIN/22/03/0107,Aditya Birla Sun Life Crisil IBX 60:40 SDL+AAA PSU-APR 2027 Index Fund,Open Ended,Other Scheme - Index Funds,2026-09-01,0.38,0.21,2026-09-03T15:06:40Z
ABSL/O/O/OIN/22/03/0107,Aditya Birla Sun Life Crisil IBX 60:40 SDL+AAA PSU-APR 2027 Index Fund,Open Ended,Other Scheme - Index Funds,2026-09-02,0.38,0.21,2026-09-03T15:06:40Z
ABSL/O/O/DIN/22/09/0125,Aditya Birla Sun Life Crisil IBX Gilt -Apr 2029 Index Fund,Open Ended,Other Scheme - Index Funds,2026-09-01,0.38,0.22,2026-09-03T15:06:40Z
ABSL/O/O/DIN/22/09/0125,Aditya Birla Sun Life Crisil IBX Gilt -Apr 2029 Index Fund,Open Ended,Other Scheme - Index Funds,2026-09-02,0.38,0.22,2026-09-03T15:06:40Z
ABSL/O/O/DIN/22/09/0141,Aditya Birla Sun Life CRISIL IBX Gilt Apr 2028 Index Fund,Open Ended,Other Scheme - Index Funds,2026-09-01,0.79,0.52,2026-09-03T15:06:40Z
ABSL/O/O/DIN/22/09/0141,Aditya Birla Sun Life CRISIL IBX Gilt Apr 2028 Index Fund,Open Ended,Other Scheme - Index Funds,2026-09-02,0.79,0.52,2026-09-03T15:06:40Z
ABSL/O/O/DIN/23/11/0152,Aditya Birla Sun Life Crisil IBX Gilt April 2033 Index Fund,Open Ended,Other Scheme - Index Funds,2026-09-01,0.45,0.2,2026-09-03T15:06:40Z
ABSL/O/O/DIN/23/11/0152,Aditya Birla Sun Life Crisil IBX Gilt April 2033 Index Fund,Open Ended,Other Scheme - Index Funds,2026-09-02,0.45,0.2,2026-09-03T15:06:40Z
ABSL/O/O/DIN/23/11/0157,Aditya Birla Sun Life Crisil IBX Gilt June 2027 Index Fund,Open Ended,Other Scheme - Index Funds,2026-09-01,0.61,0.32,2026-09-03T15:06:40Z
ABSL/O/O/DIN/23/11/0157,Aditya Birla Sun Life Crisil IBX Gilt June 2027 Index Fund,Open Ended,Other Scheme - Index Funds,2026-09-02,0.61,0.31,2026-09-03T15:06:40Z
ABSL/O/O/DIN/22/09/0136,Aditya Birla Sun Life Crisil IBX SDL Jun 2032 Index Fund,Open Ended,Other Scheme - Index Funds,2026-09-01,0.57,0.22,2026-09-03T15:06:40Z
ABSL/O/O/DIN/22/09/0136,Aditya Birla Sun Life Crisil IBX SDL Jun 2032 Index Fund,Open Ended,Other Scheme - Index Funds,2026-09-02,0.57,0.22,2026-09-03T15:06:40Z
ABSL/O/O/DET/23/02/0139,Aditya Birla Sun Life CRISIL Liquid Overnight ETF,Open Ended,Exchange Traded Funds (ETFs) - Debt ETF,2026-09-01,0.0,0.44,2026-09-03T15:06:40Z
ABSL/O/O/DET/23/02/0139,Aditya Birla Sun Life CRISIL Liquid Overnight ETF,Open Ended,Exchange Traded Funds (ETFs) - Debt ETF,2026-09-02,0.0,0.44,2026-09-03T15:06:40Z
ABSL/O/O/DIN/24/09/0164,Aditya Birla Sun Life Crisil-IBX AAA Financial Services Index-Sep 2027 Fund,Open Ended,Other Scheme - Index Funds,2026-09-01,0.43,0.14,2026-09-03T15:06:40Z
ABSL/O/O/DIN/24/09/0164,Aditya Birla Sun Life Crisil-IBX AAA Financial Services Index-Sep 2027 Fund,Open Ended,Other Scheme - Index Funds,2026-09-02,0.43,0.14,2026-09-03T15:06:40Z
ABSL/O/O/DIN/24/09/0162,Aditya Birla Sun Life Crisil-IBX AAA NBFC-HFC INDEX-Sep 2026 Fund,Open Ended,Other Scheme - Index Funds,2026-09-01,0.44,0.14,2026-09-03T15:06:40Z
ABSL/O/O/DIN/24/09/0162,Aditya Birla Sun Life Crisil-IBX AAA NBFC-HFC INDEX-Sep 2026 Fund,Open Ended,Other Scheme - Index Funds,2026-09-02,0.44,0.14,2026-09-03T15:06:40Z
ABSL/O/O/DIN/24/11/0167,Aditya Birla Sun Life Crisil-IBX Financial Services 3 to 6 months Debt Index Fund,Open Ended,Other Scheme - Index Funds,2026-09-01,0.37,0.14,2026-09-03T15:06:40Z
ABSL/O/O/DIN/24/11/0167,Aditya Birla Sun Life Crisil-IBX Financial Services 3 to 6 months Debt Index Fund,Open Ended,Other Scheme - Index Funds,2026-09-02,0.37,0.14,2026-09-03T15:06:40Z
ABSL/O/O/DIN/24/11/0168,Aditya Birla Sun Life CRISIL-IBX Financial Services 9-12 Months Debt Index Fund,Open Ended,Other Scheme - Index Funds,2026-09-01,0.36,0.16,2026-09-03T15:06:40Z
ABSL/O/O/DIN/24/11/0168,Aditya Birla Sun Life CRISIL-IBX Financial Services 9-12 Months Debt Index Fund,Open Ended,Other Scheme - Index Funds,2026-09-02,0.36,0.16,2026-09-03T15:06:40Z
ABSL/O/E/SEC/99/12/0012,Aditya Birla Sun Life Digital India Fund,Open Ended,Equity Scheme - Sectoral/ Thematic,2026-09-01,2.04,1.03,2026-09-03T15:06:40Z
ABSL/O/E/SEC/99/12/0012,Aditya Birla Sun Life Digital India Fund,Open Ended,Equity Scheme - Sectoral/ Thematic,2026-09-02,2.04,1.06,2026-09-03T15:06:40Z
ABSL/O/E/DYF/03/01/0020,Aditya Birla Sun Life Dividend Yield Fund,Open Ended,Equity Scheme - Dividend Yield Fund,2026-09-01,2.72,1.93,2026-09-03T15:06:40Z
ABSL/O/E/DYF/03/01/0020,Aditya Birla Sun Life Dividend Yield Fund,Open Ended,Equity Scheme - Dividend Yield Fund,2026-09-02,2.72,1.93,2026-09-03T15:06:40Z
ABSL/O/O/FOD/10/10/0040,Aditya Birla Sun Life Dynamic Asset Allocation Omni FOF,Open Ended,Other Scheme - FoF Domestic,2026-09-01,1.11,0.32,2026-09-03T15:06:40Z
ABSL/O/O/FOD/10/10/0040,Aditya Birla Sun Life Dynamic Asset Allocation Omni FOF,Open Ended,Other Scheme - FoF Domestic,2026-09-02,1.18,0.4,2026-09-03T15:06:40Z
ABSL/O/D/DBF/04/08/0024,Aditya Birla Sun Life Dynamic Term Fund,Open Ended,Income/Debt Oriented Schemes - Dynamic Term Fund,2026-09-01,1.22,0.64,2026-09-03T15:06:40Z
ABSL/O/D/DBF/04/08/0024,Aditya Birla Sun Life Dynamic Term Fund,Open Ended,Income/Debt Oriented Schemes - Dynamic Term Fund,2026-09-02,1.22,0.64,2026-09-03T15:06:40Z
ABSL/O/E/ELS/96/01/0004,Aditya Birla Sun Life ELSS Tax Saver Fund,Open Ended,Equity Scheme - ELSS,2026-09-01,1.78,1.08,2026-09-03T15:06:40Z
ABSL/O/E/ELS/96/01/0004,Aditya Birla Sun Life ELSS Tax Saver Fund,Open Ended,Equity Scheme - ELSS,2026-09-02,1.78,1.08,2026-09-03T15:06:40Z
ABSL/O/H/ESF/14/10/0047,Aditya Birla Sun Life Equity Savings Fund,Open Ended,Hybrid Scheme - Equity Savings,2026-09-01,1.69,1.21,2026-09-03T15:06:40Z
ABSL/O/H/ESF/14/10/0047,Aditya Birla Sun Life Equity Savings Fund,Open Ended,Hybrid Scheme - Equity Savings,2026-09-02,1.69,1.21,2026-09-03T15:06:40Z
ABSL/O/E/SEC/20/03/0088,Aditya Birla Sun Life ESG Integration Strategy Fund,Open Ended,Equity Scheme - Sectoral/ Thematic,2026-09-01,2.43,1.43,2026-09-03T15:06:40Z
ABSL/O/E/SEC/20/03/0088,Aditya Birla Sun Life ESG Integration Strategy Fund,Open Ended,Equity Scheme - Sectoral/ Thematic,2026-09-02,2.43,1.43,2026-09-03T15:06:40Z
ABSL/C/D/FTP/21/08/0099,Aditya Birla Sun Life Fixed Term Plan - Series TQ (1879 days),Close Ended,Income,2026-09-01,0.15,0.04,2026-09-03T15:06:40Z
ABSL/C/D/FTP/21/08/0099,Aditya Birla Sun Life Fixed Term Plan - Series TQ (1879 days),Close Ended,Income,2026-09-02,0.15,0.04,2026-09-03T15:06:40Z
ABSL/O/E/FCF/98/08/0008,Aditya Birla Sun Life Flexi Cap Fund,Open Ended,Equity Scheme - Flexi Cap Fund,2026-09-01,1.65,0.88,2026-09-03T15:06:40Z
ABSL/O/E/FCF/98/08/0008,Aditya Birla Sun Life Flexi Cap Fund,Open Ended,Equity Scheme - Flexi Cap Fund,2026-09-02,1.65,0.89,2026-09-03T15:06:40Z
ABSL/O/D/FLF/03/05/0021,Aditya Birla Sun Life Floating Interest Rate Fund,Open Ended,Income/Debt Oriented Schemes - Floating Interest Rates Fund,2026-09-01,0.43,0.25,2026-09-03T15:06:40Z
ABSL/O/D/FLF/03/05/0021,Aditya Birla Sun Life Floating Interest Rate Fund,Open Ended,Income/Debt Oriented Schemes - Floating Interest Rates Fund,2026-09-02,0.43,0.25,2026-09-03T15:06:40Z
ABSL/O/E/FOC/05/05/0025,Aditya Birla Sun Life Focused Fund,Open Ended,Equity Scheme - Focused Fund,2026-09-01,1.9,1.0,2026-09-03T15:06:40Z
ABSL/O/E/FOC/05/05/0025,Aditya Birla Sun Life Focused Fund,Open Ended,Equity Scheme - Focused Fund,2026-09-02,1.9,1.0,2026-09-03T15:06:40Z
ABSL/O/D/GIL/99/10/0011,Aditya Birla Sun Life Gilt Fund,Open Ended,Income/Debt Oriented Schemes - Gilt Fund,2026-09-01,1.14,0.49,2026-09-03T15:06:40Z
ABSL/O/D/GIL/99/10/0011,Aditya Birla Sun Life Gilt Fund,Open Ended,Income/Debt Oriented Schemes - Gilt Fund,2026-09-02,1.14,0.49,2026-09-03T15:06:40Z
ABSL/O/O/FOO/08/03/0036,Aditya Birla Sun Life Global Emerging Opportunities Fund,Open Ended,Other Scheme - FoF Overseas,2026-09-01,1.09,0.54,2026-09-03T15:06:40Z
ABSL/O/O/FOO/08/03/0036,Aditya Birla Sun Life Global Emerging Opportunities Fund,Open Ended,Other Scheme - FoF Overseas,2026-09-02,1.09,0.54,2026-09-03T15:06:40Z
ABSL/O/O/FOO/07/11/0035,Aditya Birla Sun Life Global Excellence Equity Fund of Fund,Open Ended,Other Scheme - FoF Overseas,2026-09-01,1.28,0.68,2026-09-03T15:06:40Z
ABSL/O/O/FOO/07/11/0035,Aditya Birla Sun Life Global Excellence Equity Fund of Fund,Open Ended,Other Scheme - FoF Overseas,2026-09-02,1.28,0.68,2026-09-03T15:06:40Z
ABSL/O/O/GET/11/01/0044,Aditya Birla Sun Life Gold ETF,Open Ended,Exchange Traded Funds (ETFs) - Equity ETF,2026-09-01,0.44,0.0,2026-09-03T15:06:40Z
ABSL/O/O/GET/11/01/0044,Aditya Birla Sun Life Gold ETF,Open Ended,Exchange Traded Funds (ETFs) - Equity ETF,2026-09-02,0.44,0.0,2026-09-03T15:06:40Z
ABSL/O/O/FOD/11/10/0045,Aditya Birla Sun Life Gold Fund,Open Ended,Other Scheme - FoF Domestic,2026-09-01,0.52,0.21,2026-09-03T15:06:40Z
ABSL/O/O/FOD/11/10/0045,Aditya Birla Sun Life Gold Fund,Open Ended,Other Scheme - FoF Domestic,2026-09-02,0.52,0.21,2026-09-03T15:06:40Z
ABSL/O/O/FOD/06/09/0030,Aditya Birla Sun Life Income plus Arbitrage Active FOF,Open Ended,Other Scheme - FoF Domestic,2026-09-01,0.42,0.06,2026-09-03T15:06:40Z
ABSL/O/O/FOD/06/09/0030,Aditya Birla Sun Life Income plus Arbitrage Active FOF,Open Ended,Other Scheme - FoF Domestic,2026-09-02,0.42,0.06,2026-09-03T15:06:40Z
ABSL/O/E/SEC/06/01/0027,Aditya Birla Sun Life Infrastructure Fund,Open Ended,Equity Scheme - Sectoral/ Thematic,2026-09-01,2.33,1.49,2026-09-03T15:06:40Z
ABSL/O/E/SEC/06/01/0027,Aditya Birla Sun Life Infrastructure Fund,Open Ended,Equity Scheme - Sectoral/ Thematic,2026-09-02,2.33,1.49,2026-09-03T15:06:40Z
ABSL/O/E/SEC/07/08/0032,Aditya Birla Sun Life International Equity Fund,Open Ended,Equity Scheme - Sectoral/ Thematic,2026-09-01,2.54,1.99,2026-09-03T15:06:40Z
ABSL/O/E/SEC/07/08/0032,Aditya Birla Sun Life International Equity Fund,Open Ended,Equity Scheme - Sectoral/ Thematic,2026-09-02,2.54,1.99,2026-09-03T15:06:40Z
ABSL/O/E/LMF/95/02/0002,Aditya Birla Sun Life Large & Mid Cap Fund,Open Ended,Equity Scheme - Large & Mid Cap Fund,2026-09-01,2.0,1.27,2026-09-03T15:06:40Z
ABSL/O/E/LMF/95/02/0002,Aditya Birla Sun Life Large & Mid Cap Fund,Open Ended,Equity Scheme - Large & Mid Cap Fund,2026-09-02,2.0,1.27,2026-09-03T15:06:40Z
ABSL/O/E/LCF/02/09/0019,Aditya Birla Sun Life Large Cap Fund,Open Ended,Equity Scheme - Large Cap Fund,2026-09-01,1.67,1.04,2026-09-03T15:06:40Z
ABSL/O/E/LCF/02/09/0019,Aditya Birla Sun Life Large Cap Fund,Open Ended,Equity Scheme - Large Cap Fund,2026-09-02,1.66,1.03,2026-09-03T15:06:40Z
ABSL/O/D/LIF/97/06/0006,Aditya Birla Sun Life Liquid Fund,Open Ended,Debt Scheme - Liquid Fund,2026-09-01,0.35,0.21,2026-09-03T15:06:40Z
ABSL/O/D/LIF/97/06/0006,Aditya Birla Sun Life Liquid Fund,Open Ended,Debt Scheme - Liquid Fund,2026-09-02,0.35,0.21,2026-09-03T15:06:40Z
ABSL/O/D/LON/21/10/0117,Aditya Birla Sun Life Long Term Fund,Open Ended,Income/Debt Oriented Schemes - Long Term Fund,2026-09-01,0.98,0.43,2026-09-03T15:06:40Z
ABSL/O/D/LON/21/10/0117,Aditya Birla Sun Life Long Term Fund,Open Ended,Income/Debt Oriented Schemes - Long Term Fund,2026-09-02,0.98,0.43,2026-09-03T15:06:40Z
ABSL/O/E/SEC/14/12/0049,Aditya Birla Sun Life Manufacturing Equity Fund,Open Ended,Equity Scheme - Sectoral/ Thematic,2026-09-01,2.32,1.39,2026-09-03T15:06:40Z
ABSL/O/E/SEC/14/12/0049,Aditya Birla Sun Life Manufacturing Equity Fund,Open Ended,Equity Scheme - Sectoral/ Thematic,2026-09-02,2.32,1.39,2026-09-03T15:06:40Z
ABSL/O/D/MDF/09/02/0038,Aditya Birla Sun Life Medium Term Fund,Open Ended,Income/Debt Oriented Schemes - Medium Term Fund,2026-09-01,1.55,0.83,2026-09-03T15:06:40Z
ABSL/O/D/MDF/09/02/0038,Aditya Birla Sun Life Medium Term Fund,Open Ended,Income/Debt Oriented Schemes - Medium Term Fund,2026-09-02,1.55,0.83,2026-09-03T15:06:40Z
ABSL/O/D/MLD/95/10/0003,Aditya Birla Sun Life Medium to Long Term Fund,Open Ended,Income/Debt Oriented Schemes - Medium to Long Term Fund,2026-09-01,1.13,0.69,2026-09-03T15:06:40Z
ABSL/O/D/MLD/95/10/0003,Aditya Birla Sun Life Medium to Long Term Fund,Open Ended,Income/Debt Oriented Schemes - Medium to Long Term Fund,2026-09-02,1.13,0.69,2026-09-03T15:06:40Z
ABSL/O/E/MIF/02/09/0017,Aditya Birla Sun Life MIDCAP Fund,Open Ended,Equity Scheme - Mid Cap Fund,2026-09-01,2.02,1.22,2026-09-03T15:06:40Z
ABSL/O/E/MIF/02/09/0017,Aditya Birla Sun Life MIDCAP Fund,Open Ended,Equity Scheme - Mid Cap Fund,2026-09-02,2.02,1.22,2026-09-03T15:06:40Z
ABSL/O/E/SEC/98/11/0009,Aditya Birla Sun Life MNC Fund,Open Ended,Equity Scheme - Sectoral/ Thematic,2026-09-01,2.09,1.43,2026-09-03T15:06:40Z
ABSL/O/E/SEC/98/11/0009,Aditya Birla Sun Life MNC Fund,Open Ended,Equity Scheme - Sectoral/ Thematic,2026-09-02,2.09,1.46,2026-09-03T15:06:40Z
ABSL/O/D/MMF/03/06/0022,Aditya Birla Sun Life Money Market Fund,Open Ended,Income/Debt Oriented Schemes - Money Market Fund,2026-09-01,0.37,0.22,2026-09-03T15:06:40Z
ABSL/O/D/MMF/03/06/0022,Aditya Birla Sun Life Money Market Fund,Open Ended,Income/Debt Oriented Schemes - Money Market Fund,2026-09-02,0.37,0.22,2026-09-03T15:06:40Z
ABSL/O/O/EET/25/12/0171,ADITYA BIRLA SUN LIFE MSCI INDIA ETF,Open Ended,Exchange Traded Funds (ETFs) - Equity ETF,2026-09-01,0.22,0.0,2026-09-03T15:06:40Z
ABSL/O/O/EET/25/12/0171,ADITYA BIRLA SUN LIFE MSCI INDIA ETF,Open Ended,Exchange Traded Funds (ETFs) - Equity ETF,2026-09-02,0.22,0.0,2026-09-03T15:06:40Z
ABSL/O/H/MAA/22/08/0132,Aditya Birla Sun Life Multi Asset Allocation Fund,Open Ended,Hybrid Scheme - Multi Asset Allocation,2026-09-01,1.78,0.67,2026-09-03T15:06:40Z
ABSL/O/H/MAA/22/08/0132,Aditya Birla Sun Life Multi Asset Allocation Fund,Open Ended,Hybrid Scheme - Multi Asset Allocation,2026-09-02,1.78,0.67,2026-09-03T15:06:40Z
ABSL/O/O/FOD/06/05/0029,Aditya Birla Sun Life Multi Asset Omni FoF,Open Ended,Other Scheme - FoF Domestic,2026-09-01,1.25,0.3,2026-09-03T15:06:40Z
ABSL/O/O/FOD/06/05/0029,Aditya Birla Sun Life Multi Asset Omni FoF,Open Ended,Other Scheme - FoF Domestic,2026-09-02,1.33,0.38,2026-09-03T15:06:40Z
ABSL/O/O/FOO/22/07/0122,Aditya Birla Sun Life Multi-Asset Passive FOF,Open Ended,Other Scheme - FoF Domestic,2026-09-01,0.62,0.3,2026-09-03T15:06:40Z
ABSL/O/O/FOO/22/07/0122,Aditya Birla Sun Life Multi-Asset Passive FOF,Open Ended,Other Scheme - FoF Domestic,2026-09-02,0.62,0.3,2026-09-03T15:06:40Z
ABSL/O/E/MCF/21/03/0093,Aditya Birla Sun Life Multi-Cap Fund,Open Ended,Equity Scheme - Multi Cap Fund,2026-09-01,2.0,1.01,2026-09-03T15:06:40Z
ABSL/O/E/MCF/21/03/0093,Aditya Birla Sun Life Multi-Cap Fund,Open Ended,Equity Scheme - Multi Cap Fund,2026-09-02,2.0,1.02,2026-09-03T15:06:40Z
ABSL/O/O/EET/22/02/0110,Aditya Birla Sun Life Nifty 200 Momentum 30 ETF,Open Ended,Other Scheme - Other  ETFs,2026-09-01,0.74,0.0,2026-09-03T15:06:40Z
ABSL/O/O/EET/22/02/0110,Aditya Birla Sun Life Nifty 200 Momentum 30 ETF,Open Ended,Other Scheme - Other  ETFs,2026-09-02,0.74,0.0,2026-09-03T15:06:40Z
ABSL/O/O/EET/22/02/0111,Aditya Birla Sun Life Nifty 200 Quality 30 ETF,Open Ended,Exchange Traded Funds (ETFs) - Equity ETF,2026-09-01,0.34,0.0,2026-09-03T15:06:40Z
ABSL/O/O/EET/22/02/0111,Aditya Birla Sun Life Nifty 200 Quality 30 ETF,Open Ended,Exchange Traded Funds (ETFs) - Equity ETF,2026-09-02,0.34,0.0,2026-09-03T15:06:40Z
ABSL/O/O/OIN/20/05/0091,Aditya Birla Sun Life Nifty 50 Equal Weight index Fund,Open Ended,Index Funds - Equity Funds,2026-09-01,1.04,0.4,2026-09-03T15:06:40Z
ABSL/O/O/OIN/20/05/0091,Aditya Birla Sun Life Nifty 50 Equal Weight index Fund,Open Ended,Index Funds - Equity Funds,2026-09-02,1.04,0.4,2026-09-03T15:06:40Z
ABSL/O/O/OET/11/01/0043,Aditya Birla Sun Life Nifty 50 ETF,Open Ended,Exchange Traded Funds (ETFs) - Equity ETF,2026-09-01,0.05,0.0,2026-09-03T15:06:40Z
ABSL/O/O/OET/11/01/0043,Aditya Birla Sun Life Nifty 50 ETF,Open Ended,Exchange Traded Funds (ETFs) - Equity ETF,2026-09-02,0.05,0.0,2026-09-03T15:06:40Z
ABSL/O/O/OIN/02/09/0018,Aditya Birla Sun Life Nifty 50 Index Fund,Open Ended,Other Scheme - Index Funds,2026-09-01,0.57,0.23,2026-09-03T15:06:40Z
ABSL/O/O/OIN/02/09/0018,Aditya Birla Sun Life Nifty 50 Index Fund,Open Ended,Other Scheme - Index Funds,2026-09-02,0.57,0.23,2026-09-03T15:06:40Z
ABSL/O/O/OET/19/06/0087,ADITYA BIRLA SUN LIFE NIFTY BANK ETF,Open Ended,Exchange Traded Funds (ETFs) - Equity ETF,2026-09-01,0.15,0.0,2026-09-03T15:06:40Z
ABSL/O/O/OET/19/06/0087,ADITYA BIRLA SUN LIFE NIFTY BANK ETF,Open Ended,Exchange Traded Funds (ETFs) - Equity ETF,2026-09-02,0.15,0.0,2026-09-03T15:06:40Z
ABSL/O/O/OET/21/07/0096,Aditya Birla Sun Life Nifty Healthcare ETF,Open Ended,Exchange Traded Funds (ETFs) - Equity ETF,2026-09-01,0.2,0.0,2026-09-03T15:06:40Z
ABSL/O/O/OET/21/07/0096,Aditya Birla Sun Life Nifty Healthcare ETF,Open Ended,Exchange Traded Funds (ETFs) - Equity ETF,2026-09-02,0.2,0.0,2026-09-03T15:06:40Z
ABSL/O/O/EIN/24/07/0160,Aditya Birla Sun Life Nifty India Defence Index Fund,Open Ended,Index Funds - Equity Funds,2026-09-01,1.14,0.45,2026-09-03T15:06:40Z
ABSL/O/O/EIN/24/07/0160,Aditya Birla Sun Life Nifty India Defence Index Fund,Open Ended,Index Funds - Equity Funds,2026-09-02,1.14,0.45,2026-09-03T15:06:40Z
ABSL/O/O/OET/21/07/0098,Aditya Birla Sun Life Nifty IT ETF,Open Ended,Exchange Traded Funds (ETFs) - Equity ETF,2026-09-01,0.24,0.0,2026-09-03T15:06:40Z
ABSL/O/O/OET/21/07/0098,Aditya Birla Sun Life Nifty IT ETF,Open Ended,Exchange Traded Funds (ETFs) - Equity ETF,2026-09-02,0.24,0.0,2026-09-03T15:06:40Z
ABSL/O/O/OIN/20/03/0089,Aditya Birla Sun Life Nifty Midcap 150 Index Fund,Open Ended,Index Funds - Equity Funds,2026-09-01,1.0,0.45,2026-09-03T15:06:40Z
ABSL/O/O/OIN/20/03/0089,Aditya Birla Sun Life Nifty Midcap 150 Index Fund,Open Ended,Index Funds - Equity Funds,2026-09-02,1.0,0.45,2026-09-03T15:06:40Z
ABSL/O/O/OET/18/06/0056,Aditya Birla Sun Life Nifty Next 50 ETF,Open Ended,Exchange Traded Funds (ETFs) - Equity ETF,2026-09-01,0.14,0.0,2026-09-03T15:06:40Z
ABSL/O/O/OET/18/06/0056,Aditya Birla Sun Life Nifty Next 50 ETF,Open Ended,Exchange Traded Funds (ETFs) - Equity ETF,2026-09-02,0.14,0.0,2026-09-03T15:06:40Z
ABSL/O/O/OIN/21/12/0102,Aditya Birla Sun Life Nifty Next 50 Index Fund,Open Ended,Index Funds - Equity Funds,2026-09-01,0.99,0.45,2026-09-03T15:06:40Z
ABSL/O/O/OIN/21/12/0102,Aditya Birla Sun Life Nifty Next 50 Index Fund,Open Ended,Index Funds - Equity Funds,2026-09-02,0.99,0.45,2026-09-03T15:06:40Z
ABSL/O/O/EET/24/01/0155,Aditya Birla Sun Life Nifty PSE ETF,Open Ended,Exchange Traded Funds (ETFs) - Equity ETF,2026-09-01,0.2,0.0,2026-09-03T15:06:40Z
ABSL/O/O/EET/24/01/0155,Aditya Birla Sun Life Nifty PSE ETF,Open Ended,Exchange Traded Funds (ETFs) - Equity ETF,2026-09-02,0.2,0.0,2026-09-03T15:06:40Z
ABSL/O/O/OIN/22/01/0105,Aditya Birla Sun Life Nifty SDL Apr 2027 Index Fund,Open Ended,Other Scheme - Index Funds,2026-09-01,0.51,0.21,2026-09-03T15:06:40Z
ABSL/O/O/OIN/22/01/0105,Aditya Birla Sun Life Nifty SDL Apr 2027 Index Fund,Open Ended,Other Scheme - Index Funds,2026-09-02,0.51,0.21,2026-09-03T15:06:40Z
ABSL/O/O/OIN/21/08/0100,Aditya Birla Sun Life Nifty SDL Plus Psu Bond Sep 2026 60:40 Index Fund,Open Ended,Other Scheme - Index Funds,2026-09-01,0.35,0.21,2026-09-03T15:06:40Z
ABSL/O/O/OIN/21/08/0100,Aditya Birla Sun Life Nifty SDL Plus Psu Bond Sep 2026 60:40 Index Fund,Open Ended,Other Scheme - Index Funds,2026-09-02,0.35,0.21,2026-09-03T15:06:40Z
ABSL/O/O/DIN/22/09/0140,Aditya Birla Sun Life Nifty SDL SEP 2027 Index Fund,Open Ended,Other Scheme - Index Funds,2026-09-01,0.48,0.19,2026-09-03T15:06:40Z
ABSL/O/O/DIN/22/09/0140,Aditya Birla Sun Life Nifty SDL SEP 2027 Index Fund,Open Ended,Other Scheme - Index Funds,2026-09-02,0.48,0.19,2026-09-03T15:06:40Z
ABSL/O/O/OIN/20/03/0090,Aditya Birla Sun Life Nifty Smallcap 50 Index Fund,Open Ended,Index Funds - Equity Funds,2026-09-01,1.11,0.57,2026-09-03T15:06:40Z
ABSL/O/O/OIN/20/03/0090,Aditya Birla Sun Life Nifty Smallcap 50 Index Fund,Open Ended,Index Funds - Equity Funds,2026-09-02,1.11,0.57,2026-09-03T15:06:40Z
ABSL/O/D/ONF/18/10/0074,ADITYA BIRLA SUN LIFE OVERNIGHT FUND,Open Ended,Debt Scheme - Overnight Fund,2026-09-01,0.21,0.09,2026-09-03T15:06:40Z
ABSL/O/D/ONF/18/10/0074,ADITYA BIRLA SUN LIFE OVERNIGHT FUND,Open Ended,Debt Scheme - Overnight Fund,2026-09-02,0.21,0.09,2026-09-03T15:06:40Z
ABSL/O/E/SEC/18/05/0054,Aditya Birla Sun Life Pharma and Healthcare Fund,Open Ended,Equity Scheme - Sectoral/ Thematic,2026-09-01,2.29,1.02,2026-09-03T15:06:40Z
ABSL/O/E/SEC/18/05/0054,Aditya Birla Sun Life Pharma and Healthcare Fund,Open Ended,Equity Scheme - Sectoral/ Thematic,2026-09-02,2.29,1.05,2026-09-03T15:06:40Z
ABSL/O/E/SEC/19/06/0086,Aditya Birla Sun Life PSU Equity Fund,Open Ended,Equity Scheme - Sectoral/ Thematic,2026-09-01,1.88,0.75,2026-09-03T15:06:40Z
ABSL/O/E/SEC/19/06/0086,Aditya Birla Sun Life PSU Equity Fund,Open Ended,Equity Scheme - Sectoral/ Thematic,2026-09-02,1.88,0.75,2026-09-03T15:06:40Z
ABSL/O/E/THE/24/01/0158,Aditya Birla Sun Life Quant Fund,Open Ended,Equity Scheme - Sectoral/ Thematic,2026-09-01,2.5,1.21,2026-09-03T15:06:40Z
ABSL/O/E/THE/24/01/0158,Aditya Birla Sun Life Quant Fund,Open Ended,Equity Scheme - Sectoral/ Thematic,2026-09-02,2.51,1.24,2026-09-03T15:06:40Z
ABSL/O/S/RET/18/09/0069,Aditya Birla Sun Life Retirement Fund-The 30s Plan,Open Ended,Solution Oriented Scheme - Retirement Fund,2026-09-01,2.64,1.35,2026-09-03T15:06:40Z
ABSL/O/S/RET/18/09/0069,Aditya Birla Sun Life Retirement Fund-The 30s Plan,Open Ended,Solution Oriented Scheme - Retirement Fund,2026-09-02,2.64,1.35,2026-09-03T15:06:40Z
ABSL/O/S/RET/18/09/0070,Aditya Birla Sun Life Retirement Fund-The 40s Plan,Open Ended,Solution Oriented Scheme - Retirement Fund,2026-09-01,2.42,1.12,2026-09-03T15:06:40Z
ABSL/O/S/RET/18/09/0070,Aditya Birla Sun Life Retirement Fund-The 40s Plan,Open Ended,Solution Oriented Scheme - Retirement Fund,2026-09-02,2.42,1.18,2026-09-03T15:06:40Z
ABSL/O/S/RET/18/09/0072,Aditya Birla Sun Life Retirement Fund-The 50s Plan,Open Ended,Solution Oriented Scheme - Retirement Fund,2026-09-01,1.96,0.63,2026-09-03T15:06:40Z
ABSL/O/S/RET/18/09/0072,Aditya Birla Sun Life Retirement Fund-The 50s Plan,Open Ended,Solution Oriented Scheme - Retirement Fund,2026-09-02,1.96,0.63,2026-09-03T15:06:40Z
ABSL/O/S/RET/18/09/0071,Aditya Birla Sun Life Retirement Fund-The 50s Plus-Debt Plan,Open Ended,Solution Oriented Scheme - Retirement Fund,2026-09-01,2.05,0.92,2026-09-03T15:06:40Z
ABSL/O/S/RET/18/09/0071,Aditya Birla Sun Life Retirement Fund-The 50s Plus-Debt Plan,Open Ended,Solution Oriented Scheme - Retirement Fund,2026-09-02,2.05,0.92,2026-09-03T15:06:40Z
ABSL/O/D/SDF/02/04/0016,Aditya Birla Sun Life Short Term Fund,Open Ended,Debt Scheme - Short Duration Fund,2026-09-01,0.96,0.36,2026-09-03T15:06:40Z
ABSL/O/D/SDF/02/04/0016,Aditya Birla Sun Life Short Term Fund,Open Ended,Debt Scheme - Short Duration Fund,2026-09-02,0.96,0.36,2026-09-03T15:06:40Z
ABSL/O/O/OET/21/12/0103,Aditya Birla Sun Life Silver ETF,Open Ended,Exchange Traded Funds (ETFs) - Equity ETF,2026-09-01,0.35,0.0,2026-09-03T15:06:40Z
ABSL/O/O/OET/21/12/0103,Aditya Birla Sun Life Silver ETF,Open Ended,Exchange Traded Funds (ETFs) - Equity ETF,2026-09-02,0.35,0.0,2026-09-03T15:06:40Z
ABSL/O/O/FOD/21/12/0104,Aditya Birla Sun Life Silver ETF FOF,Open Ended,Fund of Funds Scheme (Domestic) - Fund of Funds Scheme (Domestic),2026-09-01,0.65,0.32,2026-09-03T15:06:40Z
ABSL/O/O/FOD/21/12/0104,Aditya Birla Sun Life Silver ETF FOF,Open Ended,Fund of Funds Scheme (Domestic) - Fund of Funds Scheme (Domestic),2026-09-02,0.65,0.32,2026-09-03T15:06:40Z
ABSL/O/E/SCF/06/02/0028,Aditya Birla Sun Life Small Cap Fund,Open Ended,Equity Scheme - Small Cap Fund,2026-09-01,1.99,1.07,2026-09-03T15:06:40Z
ABSL/O/E/SCF/06/02/0028,Aditya Birla Sun Life Small Cap Fund,Open Ended,Equity Scheme - Small Cap Fund,2026-09-02,2.0,1.07,2026-09-03T15:06:40Z
ABSL/O/E/SEC/20/07/0092,Aditya Birla Sun Life Special Opportunities Fund,Open Ended,Equity Scheme - Sectoral/ Thematic,2026-09-01,2.31,1.22,2026-09-03T15:06:40Z
ABSL/O/E/SEC/20/07/0092,Aditya Birla Sun Life Special Opportunities Fund,Open Ended,Equity Scheme - Sectoral/ Thematic,2026-09-02,2.31,1.22,2026-09-03T15:06:40Z
ABSL/O/E/THE/23/07/0149,Aditya Birla Sun Life Transportation and Logistics Fund,Open Ended,Equity Scheme - Sectoral/ Thematic,2026-09-01,2.22,1.01,2026-09-03T15:06:40Z
ABSL/O/E/THE/23/07/0149,Aditya Birla Sun Life Transportation and Logistics Fund,Open Ended,Equity Scheme - Sectoral/ Thematic,2026-09-02,2.23,1.05,2026-09-03T15:06:40Z
ABSL/O/D/USD/01/11/0015,Aditya Birla Sun Life Ultra Short Term Fund,Open Ended,Income/Debt Oriented Schemes - Ultra Short Term Fund,2026-09-01,0.58,0.32,2026-09-03T15:06:40Z
ABSL/O/D/USD/01/11/0015,Aditya Birla Sun Life Ultra Short Term Fund,Open Ended,Income/Debt Oriented Schemes - Ultra Short Term Fund,2026-09-02,0.58,0.32,2026-09-03T15:06:40Z
ABSL/O/D/LOW/98/07/0007,Aditya Birla Sun Life Ultra Short to Short Term Fund,Open Ended,Income/Debt Oriented Schemes - Ultra Short to Short Term Fund,2026-09-01,1.2,0.42,2026-09-03T15:06:40Z
ABSL/O/D/LOW/98/07/0007,Aditya Birla Sun Life Ultra Short to Short Term Fund,Open Ended,Income/Debt Oriented Schemes - Ultra Short to Short Term Fund,2026-09-02,1.2,0.42,2026-09-03T15:06:40Z
ABSL/O/O/FOO/21/07/0097,Aditya Birla Sun Life US Equity Passive FOF,Open Ended,Overseas Fund of Funds - Fund of Funds investing overseas,2026-09-01,0.67,0.32,2026-09-03T15:06:40Z
ABSL/O/O/FOO/21/07/0097,Aditya Birla Sun Life US Equity Passive FOF,Open Ended,Overseas Fund of Funds - Fund of Funds investing overseas,2026-09-02,0.7,0.34,2026-09-03T15:06:40Z
ABSL/O/O/FOO/23/04/0147,Aditya Birla Sun Life US Treasury 1-3 Year Bond ETFs Passive FOF,Open Ended,Other Scheme - FoF Overseas,2026-09-01,0.17,0.13,2026-09-03T15:06:40Z
ABSL/O/O/FOO/23/04/0147,Aditya Birla Sun Life US Treasury 1-3 Year Bond ETFs Passive FOF,Open Ended,Other Scheme - FoF Overseas,2026-09-02,0.17,0.13,2026-09-03T15:06:40Z
ABSL/O/O/FOO/23/04/0148,Aditya Birla Sun Life US Treasury 3-10 Year Bond ETFs Passive FOF,Open Ended,Other Scheme - FoF Overseas,2026-09-01,0.17,0.12,2026-09-03T15:06:40Z
ABSL/O/O/FOO/23/04/0148,Aditya Birla Sun Life US Treasury 3-10 Year Bond ETFs Passive FOF,Open Ended,Other Scheme - FoF Overseas,2026-09-02,0.17,0.12,2026-09-03T15:06:40Z
ABSL/O/E/VAF/07/07/0031,Aditya Birla Sun Life Value Fund,Open Ended,Equity Scheme - Value Fund,2026-09-01,2.0,1.2,2026-09-03T15:06:40Z
ABSL/O/E/VAF/07/07/0031,Aditya Birla Sun Life Value Fund,Open Ended,Equity Scheme - Value Fund,2026-09-02,2.0,1.2,2026-09-03T15:06:40Z
AGMF/O/E /FCF/26/05/0002,AlphaGrep Flexi Cap Fund,Open Ended,Equity Schemes - Flexi Cap Fund,2026-09-01,5.17,3.31,2026-09-03T15:06:40Z
AGMF/O/E /FCF/26/05/0002,AlphaGrep Flexi Cap Fund,Open Ended,Equity Schemes - Flexi Cap Fund,2026-09-02,5.17,3.31,2026-09-03T15:06:40Z
AGMF/O/O/FOD/26/07/0003,AlphaGrep Liquid Omni FOF,Open Ended,Fund of Funds Scheme (Domestic) - Fund of Funds Scheme (Domestic),2026-09-01,0.42,0.24,2026-09-03T15:06:40Z
AGMF/O/O/FOD/26/07/0003,AlphaGrep Liquid Omni FOF,Open Ended,Fund of Funds Scheme (Domestic) - Fund of Funds Scheme (Domestic),2026-09-02,0.42,0.24,2026-09-03T15:06:40Z
AGMF/O/H /MAA/26/05/0001,AlphaGrep Multi Asset Allocation Fund,Open Ended,Hybrid Schemes - Multi Asset Allocation Fund,2026-09-01,3.28,1.47,2026-09-03T15:06:40Z
AGMF/O/H /MAA/26/05/0001,AlphaGrep Multi Asset Allocation Fund,Open Ended,Hybrid Schemes - Multi Asset Allocation Fund,2026-09-02,3.28,1.47,2026-09-03T15:06:40Z
AOMF/O/O/GET/25/07/0006,ANGEL ONE GOLD ETF,Open Ended,Other Scheme - Gold ETF,2026-09-01,0.0,0.35,2026-09-03T15:06:40Z
AOMF/O/O/GET/25/07/0006,ANGEL ONE GOLD ETF,Open Ended,Other Scheme - Gold ETF,2026-09-02,0.0,0.35,2026-09-03T15:06:40Z
AOMF/O/O/GET/25/07/0006,ANGEL ONE GOLD ETF,Open Ended,Other Scheme - Gold ETF,2026-09-03,0.0,0.35,2026-09-03T15:06:40Z
AOMF/O/O/FOD/25/07/0007,ANGEL ONE GOLD ETF FOF,Open Ended,Other Scheme - FoF Domestic,2026-09-01,0.7,0.2,2026-09-03T15:06:40Z
AOMF/O/O/FOD/25/07/0007,ANGEL ONE GOLD ETF FOF,Open Ended,Other Scheme - FoF Domestic,2026-09-02,0.7,0.2,2026-09-03T15:06:40Z
AOMF/O/O/FOD/25/07/0007,ANGEL ONE GOLD ETF FOF,Open Ended,Other Scheme - FoF Domestic,2026-09-03,0.7,0.2,2026-09-03T15:06:40Z
AOMF/O/O /DET/25/02/0003,ANGEL ONE NIFTY 1D RATE LIQUID ETF - GROWTH,Open Ended,Other Scheme - Other  ETFs,2026-09-01,0.0,0.34,2026-09-03T15:06:40Z
AOMF/O/O /DET/25/02/0003,ANGEL ONE NIFTY 1D RATE LIQUID ETF - GROWTH,Open Ended,Other Scheme - Other  ETFs,2026-09-02,0.0,0.34,2026-09-03T15:06:40Z
AOMF/O/O /DET/25/02/0003,ANGEL ONE NIFTY 1D RATE LIQUID ETF - GROWTH,Open Ended,Other Scheme - Other  ETFs,2026-09-03,0.0,0.34,2026-09-03T15:06:40Z
AOMF/O/O /EET/25/02/0004,ANGEL ONE NIFTY 50 ETF,Open Ended,Other Scheme - Other  ETFs,2026-09-01,0.0,0.19,2026-09-03T15:06:40Z
AOMF/O/O /EET/25/02/0004,ANGEL ONE NIFTY 50 ETF,Open Ended,Other Scheme - Other  ETFs,2026-09-02,0.0,0.19,2026-09-03T15:06:40Z
AOMF/O/O /EET/25/02/0004,ANGEL ONE NIFTY 50 ETF,Open Ended,Other Scheme - Other  ETFs,2026-09-03,0.0,0.19,2026-09-03T15:06:40Z
AOMF/O/O /EIN/25/02/0005,ANGEL ONE NIFTY 50 INDEX FUND,Open Ended,Other Scheme - Index Funds,2026-09-01,0.74,0.24,2026-09-03T15:06:40Z
AOMF/O/O /EIN/25/02/0005,ANGEL ONE NIFTY 50 INDEX FUND,Open Ended,Other Scheme - Index Funds,2026-09-02,0.74,0.24,2026-09-03T15:06:40Z
AOMF/O/O /EIN/25/02/0005,ANGEL ONE NIFTY 50 INDEX FUND,Open Ended,Other Scheme - Index Funds,2026-09-03,0.74,0.24,2026-09-03T15:06:40Z
AOMF/O/O/EET/25/01/0002,ANGEL ONE NIFTY TOTAL MARKET ETF,Open Ended,Other Scheme - Other  ETFs,2026-09-01,0.0,0.29,2026-09-03T15:06:40Z
AOMF/O/O/EET/25/01/0002,ANGEL ONE NIFTY TOTAL MARKET ETF,Open Ended,Other Scheme - Other  ETFs,2026-09-02,0.0,0.29,2026-09-03T15:06:40Z
AOMF/O/O/EET/25/01/0002,ANGEL ONE NIFTY TOTAL MARKET ETF,Open Ended,Other Scheme - Other  ETFs,2026-09-03,0.0,0.29,2026-09-03T15:06:40Z
AOMF/O/O/EIN/24/12/0001,ANGEL ONE NIFTY TOTAL MARKET INDEX FUND,Open Ended,Other Scheme - Index Funds,2026-09-01,1.07,0.31,2026-09-03T15:06:40Z
AOMF/O/O/EIN/24/12/0001,ANGEL ONE NIFTY TOTAL MARKET INDEX FUND,Open Ended,Other Scheme - Index Funds,2026-09-02,1.07,0.31,2026-09-03T15:06:40Z
AOMF/O/O/EIN/24/12/0001,ANGEL ONE NIFTY TOTAL MARKET INDEX FUND,Open Ended,Other Scheme - Index Funds,2026-09-03,1.07,0.31,2026-09-03T15:06:40Z
AOMF/O/O/EET/25/09/0009,ANGEL ONE NIFTY TOTAL MARKET MOMENTUM QUALITY 50 ETF,Open Ended,Other Scheme - Other  ETFs,2026-09-01,0.0,1.06,2026-09-03T15:06:40Z
AOMF/O/O/EET/25/09/0009,ANGEL ONE NIFTY TOTAL MARKET MOMENTUM QUALITY 50 ETF,Open Ended,Other Scheme - Other  ETFs,2026-09-02,0.0,1.06,2026-09-03T15:06:40Z
AOMF/O/O/EET/25/09/0009,ANGEL ONE NIFTY TOTAL MARKET MOMENTUM QUALITY 50 ETF,Open Ended,Other Scheme - Other  ETFs,2026-09-03,0.0,1.06,2026-09-03T15:06:40Z
AOMF/O/O/EIN/25/09/0008,ANGEL ONE NIFTY TOTAL MARKET MOMENTUM QUALITY 50 INDEX FUND,Open Ended,Other Scheme - Index Funds,2026-09-01,1.43,0.73,2026-09-03T15:06:40Z
AOMF/O/O/EIN/25/09/0008,ANGEL ONE NIFTY TOTAL MARKET MOMENTUM QUALITY 50 INDEX FUND,Open Ended,Other Scheme - Index Funds,2026-09-02,1.43,0.73,2026-09-03T15:06:40Z
AOMF/O/O/EIN/25/09/0008,ANGEL ONE NIFTY TOTAL MARKET MOMENTUM QUALITY 50 INDEX FUND,Open Ended,Other Scheme - Index Funds,2026-09-03,1.43,0.73,2026-09-03T15:06:40Z
AOMF/O/O/OET/25/11/0010,ANGEL ONE SILVER ETF,Open Ended,Other Scheme - Other  ETFs,2026-09-01,0.0,0.35,2026-09-03T15:06:40Z
AOMF/O/O/OET/25/11/0010,ANGEL ONE SILVER ETF,Open Ended,Other Scheme - Other  ETFs,2026-09-02,0.0,0.35,2026-09-03T15:06:40Z
AOMF/O/O/OET/25/11/0010,ANGEL ONE SILVER ETF,Open Ended,Other Scheme - Other  ETFs,2026-09-03,0.0,0.35,2026-09-03T15:06:40Z
AOMF/O/O/FOD/25/12/0011,ANGEL ONE SILVER ETF FOF,Open Ended,Other Scheme - FoF Domestic,2026-09-01,0.7,0.2,2026-09-03T15:06:40Z
AOMF/O/O/FOD/25/12/0011,ANGEL ONE SILVER ETF FOF,Open Ended,Other Scheme - FoF Domestic,2026-09-02,0.7,0.2,2026-09-03T15:06:40Z
AOMF/O/O/FOD/25/12/0011,ANGEL ONE SILVER ETF FOF,Open Ended,Other Scheme - FoF Domestic,2026-09-03,0.7,0.2,2026-09-03T15:06:40Z
ASKM/O/D /LIF/26/07/0001,ASK Liquid Fund,Open Ended,Income/Debt Oriented Schemes - Liquid Fund,2026-09-01,0.24,0.09,2026-09-03T15:06:40Z
ASKM/O/D /LIF/26/07/0001,ASK Liquid Fund,Open Ended,Income/Debt Oriented Schemes - Liquid Fund,2026-09-02,0.24,0.09,2026-09-03T15:06:40Z
AXIS/O/H/AHF/18/05/0027,Axis Aggressive Hybrid Fund,Open Ended,Hybrid Schemes - Aggressive Hybrid Fund,2026-09-01,2.22,1.17,2026-09-03T15:06:40Z
AXIS/O/H/AHF/18/05/0027,Axis Aggressive Hybrid Fund,Open Ended,Hybrid Schemes - Aggressive Hybrid Fund,2026-09-02,2.22,1.17,2026-09-03T15:06:40Z
AXIS/O/H/ARB/14/05/0018,Axis Arbitrage Fund,Open Ended,Hybrid Schemes - Arbitrage Fund,2026-09-01,2.11,1.41,2026-09-03T15:06:40Z
AXIS/O/H/ARB/14/05/0018,Axis Arbitrage Fund,Open Ended,Hybrid Schemes - Arbitrage Fund,2026-09-02,2.1,1.41,2026-09-03T15:06:40Z
AXIS/O/H/BAF/17/05/0024,Axis Balanced Advantage Fund,Open Ended,Hybrid Schemes - Balanced Advantage Fund/ Dynamic Asset Allocation,2026-09-01,2.12,1.07,2026-09-03T15:06:40Z
AXIS/O/H/BAF/17/05/0024,Axis Balanced Advantage Fund,Open Ended,Hybrid Schemes - Balanced Advantage Fund/ Dynamic Asset Allocation,2026-09-02,2.12,1.07,2026-09-03T15:06:40Z
AXIS/O/D/BPF/12/03/0015,Axis Banking and PSU Debt Fund,Open Ended,Income/Debt Oriented Schemes - Banking and PSU Debt Fund,2026-09-01,0.65,0.36,2026-09-03T15:06:40Z
AXIS/O/D/BPF/12/03/0015,Axis Banking and PSU Debt Fund,Open Ended,Income/Debt Oriented Schemes - Banking and PSU Debt Fund,2026-09-02,0.65,0.36,2026-09-03T15:06:40Z
AXIS/O/O/EIN/25/12/0104,Axis BSE India Sector Leaders Index Fund,Open Ended,Index Funds - Equity Funds,2026-09-01,1.19,0.28,2026-09-03T15:06:40Z
AXIS/O/O/EIN/25/12/0104,Axis BSE India Sector Leaders Index Fund,Open Ended,Index Funds - Equity Funds,2026-09-02,1.19,0.28,2026-09-03T15:06:40Z
AXIS/O/O/EET/22/09/0073,Axis BSE Sensex ETF,Open Ended,Exchange Traded Funds (ETFs) - Equity ETF,2026-09-01,0.04,0.0,2026-09-03T15:06:40Z
AXIS/O/O/EET/22/09/0073,Axis BSE Sensex ETF,Open Ended,Exchange Traded Funds (ETFs) - Equity ETF,2026-09-02,0.04,0.0,2026-09-03T15:06:40Z
AXIS/O/O /EIN/23/12/0084,Axis BSE Sensex Index Fund,Open Ended,Index Funds - Equity Funds,2026-09-01,0.84,0.22,2026-09-03T15:06:40Z
AXIS/O/O /EIN/23/12/0084,Axis BSE Sensex Index Fund,Open Ended,Index Funds - Equity Funds,2026-09-02,0.84,0.22,2026-09-03T15:06:40Z
AXIS/O/E/THE/22/12/0070,Axis Business Cycles Fund,Open Ended,Equity Schemes - Thematic Fund,2026-09-01,2.26,1.59,2026-09-03T15:06:40Z
AXIS/O/E/THE/22/12/0070,Axis Business Cycles Fund,Open Ended,Equity Schemes - Thematic Fund,2026-09-02,2.26,1.59,2026-09-03T15:06:40Z
Lock-IN - AXIS/O/S/CHI/15/09/0020,Axis Children's Fund,Open Ended,Children’s Fund - Childrens' Fund,2026-09-01,2.39,1.48,2026-09-03T15:06:40Z
Lock-IN - AXIS/O/S/CHI/15/09/0020,Axis Children's Fund,Open Ended,Children’s Fund - Childrens' Fund,2026-09-02,2.39,1.48,2026-09-03T15:06:40Z
AXIS/O/H/CHF/10/05/0006,Axis Conservative Hybrid Fund,Open Ended,Hybrid Schemes - Conservative Hybrid Fund,2026-09-01,2.18,1.16,2026-09-03T15:06:40Z
AXIS/O/H/CHF/10/05/0006,Axis Conservative Hybrid Fund,Open Ended,Hybrid Schemes - Conservative Hybrid Fund,2026-09-02,2.18,1.16,2026-09-03T15:06:40Z
AXIS/O/E/THE/24/06/0088,Axis Consumption Fund,Open Ended,Equity Schemes - Thematic Fund,2026-09-01,2.14,0.86,2026-09-03T15:06:40Z
AXIS/O/E/THE/24/06/0088,Axis Consumption Fund,Open Ended,Equity Schemes - Thematic Fund,2026-09-02,2.14,0.86,2026-09-03T15:06:40Z
AXIS/O/D/CBF/17/05/0023,AXIS Corporate Bond Fund,Open Ended,Income/Debt Oriented Schemes - Corporate Bond Fund,2026-09-01,0.97,0.36,2026-09-03T15:06:40Z
AXIS/O/D/CBF/17/05/0023,AXIS Corporate Bond Fund,Open Ended,Income/Debt Oriented Schemes - Corporate Bond Fund,2026-09-02,0.97,0.36,2026-09-03T15:06:40Z
AXIS/O/D/CRF/14/03/0017,Axis Credit Risk Fund,Open Ended,Income/Debt Oriented Schemes - Credit Risk Fund,2026-09-01,1.61,0.82,2026-09-03T15:06:40Z
AXIS/O/D/CRF/14/03/0017,Axis Credit Risk Fund,Open Ended,Income/Debt Oriented Schemes - Credit Risk Fund,2026-09-02,1.61,0.82,2026-09-03T15:06:40Z
AXIS/O/O/DIN/22/10/0069,Axis CRISIL IBX 50:50 Gilt Plus SDL June 2028 Index Fund,Open Ended,Other Scheme - Index Funds,2026-09-01,0.37,0.19,2026-09-03T15:06:40Z
AXIS/O/O/DIN/22/10/0069,Axis CRISIL IBX 50:50 Gilt Plus SDL June 2028 Index Fund,Open Ended,Other Scheme - Index Funds,2026-09-02,0.37,0.19,2026-09-03T15:06:40Z
AXIS/O/O/DIN/22/10/0071,Axis CRISIL IBX 50:50 Gilt Plus SDL September 2027 Index Fund,Open Ended,Index Funds - Debt Funds,2026-09-01,0.42,0.15,2026-09-03T15:06:40Z
AXIS/O/O/DIN/22/10/0071,Axis CRISIL IBX 50:50 Gilt Plus SDL September 2027 Index Fund,Open Ended,Index Funds - Debt Funds,2026-09-02,0.42,0.15,2026-09-03T15:06:40Z
AXIS/O/O/DIN/22/01/0063,Axis CRISIL IBX SDL May 2027 Index Fund,Open Ended,Index Funds - Debt Funds,2026-09-01,0.28,0.15,2026-09-03T15:06:40Z
AXIS/O/O/DIN/22/01/0063,Axis CRISIL IBX SDL May 2027 Index Fund,Open Ended,Index Funds - Debt Funds,2026-09-02,0.28,0.15,2026-09-03T15:06:40Z
AXIS/O/O/DIN/24/10/0091,Axis CRISIL-IBX AAA Bond Financial Services - Sep 2027 Index Fund,Open Ended,Index Funds - Debt Funds,2026-09-01,1.06,0.95,2026-09-03T15:06:40Z
AXIS/O/O/DIN/24/10/0091,Axis CRISIL-IBX AAA Bond Financial Services - Sep 2027 Index Fund,Open Ended,Index Funds - Debt Funds,2026-09-02,1.06,0.95,2026-09-03T15:06:40Z
AXIS/O/O/DIN/24/09/0089,Axis CRISIL-IBX AAA Bond NBFC - Jun 2027 Index Fund,Open Ended,Index Funds - Debt Funds,2026-09-01,0.48,0.15,2026-09-03T15:06:40Z
AXIS/O/O/DIN/24/09/0089,Axis CRISIL-IBX AAA Bond NBFC - Jun 2027 Index Fund,Open Ended,Index Funds - Debt Funds,2026-09-02,0.48,0.15,2026-09-03T15:06:40Z
AXIS/O/O/DIN/24/09/0093,Axis CRISIL-IBX AAA Bond NBFC-HFC - Jun 2027 Index Fund,Open Ended,Index Funds - Debt Funds,2026-09-01,1.07,0.92,2026-09-03T15:06:40Z
AXIS/O/O/DIN/24/09/0093,Axis CRISIL-IBX AAA Bond NBFC-HFC - Jun 2027 Index Fund,Open Ended,Index Funds - Debt Funds,2026-09-02,1.07,0.92,2026-09-03T15:06:40Z
AXIS/O/O/DIN/25/05/0100,Axis CRISIL-IBX Financial Services 3-6 Months Debt Index Fund,Open Ended,Index Funds - Debt Funds,2026-09-01,0.27,0.12,2026-09-03T15:06:40Z
AXIS/O/O/DIN/25/05/0100,Axis CRISIL-IBX Financial Services 3-6 Months Debt Index Fund,Open Ended,Index Funds - Debt Funds,2026-09-02,0.27,0.12,2026-09-03T15:06:40Z
AXIS/O/D/DBF/11/03/0010,Axis Dynamic Term Fund,Open Ended,Income/Debt Oriented Schemes - Dynamic Term Fund,2026-09-01,0.65,0.34,2026-09-03T15:06:40Z
AXIS/O/D/DBF/11/03/0010,Axis Dynamic Term Fund,Open Ended,Income/Debt Oriented Schemes - Dynamic Term Fund,2026-09-02,0.65,0.34,2026-09-03T15:06:40Z
AXIS/O/E/ELS/09/11/0005,Axis ELSS- Tax Saver Fund,Open Ended,Equity Schemes - ELSS- Tax Saver Fund,2026-09-01,1.75,1.04,2026-09-03T15:06:40Z
AXIS/O/E/ELS/09/11/0005,Axis ELSS- Tax Saver Fund,Open Ended,Equity Schemes - ELSS- Tax Saver Fund,2026-09-02,1.76,1.05,2026-09-03T15:06:40Z
AXIS/O/H/ESF/15/06/0019,Axis Equity Savings Fund,Open Ended,Hybrid Schemes - Equity Savings Fund,2026-09-01,2.69,1.56,2026-09-03T15:06:40Z
AXIS/O/H/ESF/15/06/0019,Axis Equity Savings Fund,Open Ended,Hybrid Schemes - Equity Savings Fund,2026-09-02,2.69,1.56,2026-09-03T15:06:40Z
AXIS/O/E/THE/19/12/0042,Axis ESG Integration Strategy Fund,Open Ended,Equity Scheme - Sectoral/ Thematic,2026-09-01,2.69,1.82,2026-09-03T15:06:40Z
AXIS/O/E/THE/19/12/0042,Axis ESG Integration Strategy Fund,Open Ended,Equity Scheme - Sectoral/ Thematic,2026-09-02,2.69,1.82,2026-09-03T15:06:40Z
AXIS/O/E/FCF/17/05/0025,Axis Flexi Cap Fund,Open Ended,Equity Schemes - Flexi Cap Fund,2026-09-01,1.83,0.85,2026-09-03T15:06:40Z
AXIS/O/E/FCF/17/05/0025,Axis Flexi Cap Fund,Open Ended,Equity Schemes - Flexi Cap Fund,2026-09-02,1.83,0.85,2026-09-03T15:06:40Z
AXIS/O/D/FLF/21/03/0053,Axis Floating Interest Rates Fund,Open Ended,Income/Debt Oriented Schemes - Floating Interest Rates Fund,2026-09-01,0.53,0.22,2026-09-03T15:06:40Z
AXIS/O/D/FLF/21/03/0053,Axis Floating Interest Rates Fund,Open Ended,Income/Debt Oriented Schemes - Floating Interest Rates Fund,2026-09-02,0.53,0.22,2026-09-03T15:06:40Z
AXIS/O/E/FOC/12/02/0014,Axis Focused Fund,Open Ended,Equity Schemes - Focused Fund,2026-09-01,1.88,1.04,2026-09-03T15:06:40Z
AXIS/O/E/FOC/12/02/0014,Axis Focused Fund,Open Ended,Equity Schemes - Focused Fund,2026-09-02,1.88,1.04,2026-09-03T15:06:40Z
AXIS/O/D/GIL/11/12/0013,Axis Gilt Fund,Open Ended,Income/Debt Oriented Schemes - Gilt Fund,2026-09-01,0.86,0.46,2026-09-03T15:06:40Z
AXIS/O/D/GIL/11/12/0013,Axis Gilt Fund,Open Ended,Income/Debt Oriented Schemes - Gilt Fund,2026-09-02,0.86,0.46,2026-09-03T15:06:40Z
AXIS/O/O/FOO/20/07/0045,Axis Global Equity Alpha Fund of Fund,Open Ended,Overseas Fund of Funds - Fund of Funds investing overseas,2026-09-01,1.59,0.8,2026-09-03T15:06:40Z
AXIS/O/O/FOO/20/07/0045,Axis Global Equity Alpha Fund of Fund,Open Ended,Overseas Fund of Funds - Fund of Funds investing overseas,2026-09-02,1.59,0.8,2026-09-03T15:06:40Z
AXIS/O/O/FOO/20/12/0049,Axis Global Innovation Fund of Fund,Open Ended,Overseas Fund of Funds - Fund of Funds investing overseas,2026-09-01,1.59,0.85,2026-09-03T15:06:40Z
AXIS/O/O/FOO/20/12/0049,Axis Global Innovation Fund of Fund,Open Ended,Overseas Fund of Funds - Fund of Funds investing overseas,2026-09-02,1.59,0.85,2026-09-03T15:06:40Z
AXIS/O/O/FOD/25/11/0103,Axis Gold and Silver Passive FoF,Open Ended,Fund of Funds Scheme (Domestic) - Fund of Funds Scheme (Domestic),2026-09-01,0.59,0.12,2026-09-03T15:06:40Z
AXIS/O/O/FOD/25/11/0103,Axis Gold and Silver Passive FoF,Open Ended,Fund of Funds Scheme (Domestic) - Fund of Funds Scheme (Domestic),2026-09-02,0.59,0.12,2026-09-03T15:06:40Z
AXIS/O/O/GET/10/08/0008,Axis Gold ETF,Open Ended,Exchange Traded Funds (ETFs) - Gold ETF,2026-09-01,0.52,0.0,2026-09-03T15:06:40Z
AXIS/O/O/GET/10/08/0008,Axis Gold ETF,Open Ended,Exchange Traded Funds (ETFs) - Gold ETF,2026-09-02,0.52,0.0,2026-09-03T15:06:40Z
AXIS/O/O/FOD/11/06/0011,Axis Gold Fund,Open Ended,Fund of Funds Scheme (Domestic) - Fund of Funds Scheme (Domestic),2026-09-01,0.54,0.3,2026-09-03T15:06:40Z
AXIS/O/O/FOD/11/06/0011,Axis Gold Fund,Open Ended,Fund of Funds Scheme (Domestic) - Fund of Funds Scheme (Domestic),2026-09-02,0.54,0.3,2026-09-03T15:06:40Z
AXIS/O/O/FOO/20/02/0043,Axis Greater China Equity Fund of Fund,Open Ended,Overseas Fund of Funds - Fund of Funds investing overseas,2026-09-01,1.59,0.57,2026-09-03T15:06:40Z
AXIS/O/O/FOO/20/02/0043,Axis Greater China Equity Fund of Fund,Open Ended,Overseas Fund of Funds - Fund of Funds investing overseas,2026-09-02,1.59,0.57,2026-09-03T15:06:40Z
AXIS/O/O/FOD/19/07/0041,Axis Income Plus Arbitrage Omni FOF,Open Ended,Fund of Funds Scheme (Domestic) - Fund of Funds Scheme (Domestic),2026-09-01,0.54,0.06,2026-09-03T15:06:40Z
AXIS/O/O/FOD/19/07/0041,Axis Income Plus Arbitrage Omni FOF,Open Ended,Fund of Funds Scheme (Domestic) - Fund of Funds Scheme (Domestic),2026-09-02,0.54,0.06,2026-09-03T15:06:40Z
AXIS/O/O/FOD/25/09/0101,Axis Income Plus Arbitrage Passive FOF,Open Ended,Fund of Funds Scheme (Domestic) - Fund of Funds Scheme (Domestic),2026-09-01,0.41,0.06,2026-09-03T15:06:40Z
AXIS/O/O/FOD/25/09/0101,Axis Income Plus Arbitrage Passive FOF,Open Ended,Fund of Funds Scheme (Domestic) - Fund of Funds Scheme (Domestic),2026-09-02,0.41,0.06,2026-09-03T15:06:40Z
AXIS/O/E/THE/23/09/0079,Axis India Manufacturing Fund,Open Ended,Equity Schemes - Thematic Fund,2026-09-01,2.05,0.92,2026-09-03T15:06:40Z
AXIS/O/E/THE/23/09/0079,Axis India Manufacturing Fund,Open Ended,Equity Schemes - Thematic Fund,2026-09-02,2.05,0.92,2026-09-03T15:06:40Z
AXIS/O/E/THE/20/07/0046,Axis Innovation Fund,Open Ended,Equity Schemes - Thematic Fund,2026-09-01,2.29,1.35,2026-09-03T15:06:40Z
AXIS/O/E/THE/20/07/0046,Axis Innovation Fund,Open Ended,Equity Schemes - Thematic Fund,2026-09-02,2.29,1.35,2026-09-03T15:06:40Z
AXIS/O/E/LMF/18/05/0028,Axis Large & Mid Cap Fund,Open Ended,Equity Schemes - Large & Mid Cap Fund,2026-09-01,1.88,0.83,2026-09-03T15:06:40Z
AXIS/O/E/LMF/18/05/0028,Axis Large & Mid Cap Fund,Open Ended,Equity Schemes - Large & Mid Cap Fund,2026-09-02,1.88,0.83,2026-09-03T15:06:40Z
AXIS/O/E/LCF/09/10/0003,Axis Large Cap Fund,Open Ended,Equity Schemes - Large Cap Fund,2026-09-01,1.75,0.93,2026-09-03T15:06:40Z
AXIS/O/E/LCF/09/10/0003,Axis Large Cap Fund,Open Ended,Equity Schemes - Large Cap Fund,2026-09-02,1.76,0.93,2026-09-03T15:06:40Z
AXIS/O/D/LIF/09/09/0002,Axis Liquid Fund,Open Ended,Income/Debt Oriented Schemes - Liquid Fund,2026-09-01,0.22,0.13,2026-09-03T15:06:40Z
AXIS/O/D/LIF/09/09/0002,Axis Liquid Fund,Open Ended,Income/Debt Oriented Schemes - Liquid Fund,2026-09-02,0.22,0.13,2026-09-03T15:06:40Z
AXIS/O/D/LON/22/11/0068,Axis Long Term Fund,Open Ended,Income/Debt Oriented Schemes - Long Term Fund,2026-09-01,0.78,0.33,2026-09-03T15:06:40Z
AXIS/O/D/LON/22/11/0068,Axis Long Term Fund,Open Ended,Income/Debt Oriented Schemes - Long Term Fund,2026-09-02,0.78,0.33,2026-09-03T15:06:40Z
AXIS/O/D/MDF/11/09/0012,Axis Medium Term Fund,Open Ended,Income/Debt Oriented Schemes - Medium Term Fund,2026-09-01,1.32,0.71,2026-09-03T15:06:40Z
AXIS/O/D/MDF/11/09/0012,Axis Medium Term Fund,Open Ended,Income/Debt Oriented Schemes - Medium Term Fund,2026-09-02,1.33,0.72,2026-09-03T15:06:40Z
AXIS/O/E/MIF/10/12/0009,Axis Midcap Fund,Open Ended,Equity Scheme - Mid Cap Fund,2026-09-01,1.78,0.84,2026-09-03T15:06:40Z
AXIS/O/E/MIF/10/12/0009,Axis Midcap Fund,Open Ended,Equity Scheme - Mid Cap Fund,2026-09-02,1.78,0.84,2026-09-03T15:06:40Z
AXIS/O/E/THE/24/09/0092,Axis Momentum Fund,Open Ended,Equity Schemes - Thematic Fund,2026-09-01,3.81,2.38,2026-09-03T15:06:40Z
AXIS/O/E/THE/24/09/0092,Axis Momentum Fund,Open Ended,Equity Schemes - Thematic Fund,2026-09-02,3.81,2.38,2026-09-03T15:06:40Z
AXIS/O/D/MMF/19/07/0036,Axis Money Market Fund,Open Ended,Income/Debt Oriented Schemes - Money Market Fund,2026-09-01,0.35,0.16,2026-09-03T15:06:40Z
AXIS/O/D/MMF/19/07/0036,Axis Money Market Fund,Open Ended,Income/Debt Oriented Schemes - Money Market Fund,2026-09-02,0.35,0.16,2026-09-03T15:06:40Z
AXIS/O/H/MAA/10/05/0007,Axis Multi Asset Allocation Fund,Open Ended,Hybrid Schemes - Multi Asset Allocation Fund,2026-09-01,2.29,1.23,2026-09-03T15:06:40Z
AXIS/O/H/MAA/10/05/0007,Axis Multi Asset Allocation Fund,Open Ended,Hybrid Schemes - Multi Asset Allocation Fund,2026-09-02,2.29,1.23,2026-09-03T15:06:40Z
AXIS/O/O/FOD/21/07/0056,Axis Multi Factor Passive FoF,Open Ended,Fund of Funds Scheme (Domestic) - Fund of Funds Scheme (Domestic),2026-09-01,0.65,0.06,2026-09-03T15:06:40Z
AXIS/O/O/FOD/21/07/0056,Axis Multi Factor Passive FoF,Open Ended,Fund of Funds Scheme (Domestic) - Fund of Funds Scheme (Domestic),2026-09-02,0.65,0.06,2026-09-03T15:06:40Z
AXIS/O/O/FOD/25/09/0102,Axis Multi-Asset Omni FOF,Open Ended,Fund of Funds Scheme (Domestic) - Fund of Funds Scheme (Domestic),2026-09-01,1.34,0.16,2026-09-03T15:06:40Z
AXIS/O/O/FOD/25/09/0102,Axis Multi-Asset Omni FOF,Open Ended,Fund of Funds Scheme (Domestic) - Fund of Funds Scheme (Domestic),2026-09-02,1.34,0.16,2026-09-03T15:06:40Z
AXIS/O/E/MCF/21/09/0058,Axis Multicap Fund,Open Ended,Equity Schemes - Multi Cap Fund,2026-09-01,1.97,1.03,2026-09-03T15:06:40Z
AXIS/O/E/MCF/21/09/0058,Axis Multicap Fund,Open Ended,Equity Schemes - Multi Cap Fund,2026-09-02,1.97,1.03,2026-09-03T15:06:40Z
AXIS/O/O/FOO/22/09/0066,Axis NASDAQ 100 US Specific Equity Passive FOF,Open Ended,Overseas Fund of Funds - Fund of Funds investing overseas,2026-09-01,0.64,0.29,2026-09-03T15:06:40Z
AXIS/O/O/FOO/22/09/0066,Axis NASDAQ 100 US Specific Equity Passive FOF,Open Ended,Overseas Fund of Funds - Fund of Funds investing overseas,2026-09-02,0.64,0.29,2026-09-03T15:06:40Z
AXIS/O/O/EIN/19/07/0040,Axis Nifty 100 Index Fund,Open Ended,Other Scheme - Index Funds,2026-09-01,0.97,0.25,2026-09-03T15:06:40Z
AXIS/O/O/EIN/19/07/0040,Axis Nifty 100 Index Fund,Open Ended,Other Scheme - Index Funds,2026-09-02,0.97,0.25,2026-09-03T15:06:40Z
AXIS/O/O/EET/17/01/0022,Axis NIFTY 50 ETF,Open Ended,Exchange Traded Funds (ETFs) - Equity ETF,2026-09-01,0.17,0.0,2026-09-03T15:06:40Z
AXIS/O/O/EET/17/01/0022,Axis NIFTY 50 ETF,Open Ended,Exchange Traded Funds (ETFs) - Equity ETF,2026-09-02,0.17,0.0,2026-09-03T15:06:40Z
AXIS/O/O/EIN/21/09/0059,Axis Nifty 50 Index Fund,Open Ended,Index Funds - Equity Funds,2026-09-01,0.48,0.16,2026-09-03T15:06:40Z
AXIS/O/O/EIN/21/09/0059,Axis Nifty 50 Index Fund,Open Ended,Index Funds - Equity Funds,2026-09-02,0.48,0.16,2026-09-03T15:06:40Z
AXIS/O/O/EIN/24/06/0087,Axis Nifty 500 Index Fund,Open Ended,Index Funds - Equity Funds,2026-09-01,1.11,0.16,2026-09-03T15:06:40Z
AXIS/O/O/EIN/24/06/0087,Axis Nifty 500 Index Fund,Open Ended,Index Funds - Equity Funds,2026-09-02,1.11,0.16,2026-09-03T15:06:40Z
AXIS/O/O/EET/20/08/0047,Axis NIFTY Bank ETF,Open Ended,Exchange Traded Funds (ETFs) - Equity ETF,2026-09-01,0.25,0.0,2026-09-03T15:06:40Z
AXIS/O/O/EET/20/08/0047,Axis NIFTY Bank ETF,Open Ended,Exchange Traded Funds (ETFs) - Equity ETF,2026-09-02,0.25,0.0,2026-09-03T15:06:40Z
AXIS/O/O/EIN/24/02/0086,Axis Nifty Bank Index Fund,Open Ended,Index Funds - Equity Funds,2026-09-01,1.12,0.24,2026-09-03T15:06:40Z
AXIS/O/O/EIN/24/02/0086,Axis Nifty Bank Index Fund,Open Ended,Index Funds - Equity Funds,2026-09-02,1.12,0.24,2026-09-03T15:06:40Z
AXIS/O/O/EIN/25/12/0109,Axis Nifty Capital Markets Index Fund,Open Ended,Index Funds - Equity Funds,2026-09-01,1.71,0.88,2026-09-03T15:06:40Z
AXIS/O/O/EIN/25/12/0109,Axis Nifty Capital Markets Index Fund,Open Ended,Index Funds - Equity Funds,2026-09-02,1.71,0.88,2026-09-03T15:06:40Z
AXIS/O/O/EET/26/07/0113,Axis Nifty Energy ETF,Open Ended,Exchange Traded Funds (ETFs) - Equity ETF,2026-09-01,9.42,0.0,2026-09-03T15:06:40Z
AXIS/O/O/EET/26/07/0113,Axis Nifty Energy ETF,Open Ended,Exchange Traded Funds (ETFs) - Equity ETF,2026-09-02,9.42,0.0,2026-09-03T15:06:40Z
AXIS/O/O/EIN/26/06/0112,Axis Nifty Energy Index Fund,Open Ended,Index Funds - Equity Funds,2026-09-01,10.21,9.38,2026-09-03T15:06:40Z
AXIS/O/O/EIN/26/06/0112,Axis Nifty Energy Index Fund,Open Ended,Index Funds - Equity Funds,2026-09-02,10.21,9.38,2026-09-03T15:06:40Z
AXIS/O/O/EET/21/03/0055,Axis NIFTY Healthcare ETF,Open Ended,Exchange Traded Funds (ETFs) - Equity ETF,2026-09-01,0.44,0.0,2026-09-03T15:06:40Z
AXIS/O/O/EET/21/03/0055,Axis NIFTY Healthcare ETF,Open Ended,Exchange Traded Funds (ETFs) - Equity ETF,2026-09-02,0.44,0.0,2026-09-03T15:06:40Z
AXIS/O/O/EET/21/01/0050,Axis NIFTY India Consumption ETF,Open Ended,Exchange Traded Funds (ETFs) - Equity ETF,2026-09-01,0.46,0.0,2026-09-03T15:06:40Z
AXIS/O/O/EET/21/01/0050,Axis NIFTY India Consumption ETF,Open Ended,Exchange Traded Funds (ETFs) - Equity ETF,2026-09-02,0.46,0.0,2026-09-03T15:06:40Z
AXIS/O/O/EIN/26/03/0108,Axis Nifty India Defence Index Fund,Open Ended,Index Funds - Equity Funds,2026-09-01,1.5,0.69,2026-09-03T15:06:40Z
AXIS/O/O/EIN/26/03/0108,Axis Nifty India Defence Index Fund,Open Ended,Index Funds - Equity Funds,2026-09-02,1.5,0.69,2026-09-03T15:06:40Z
AXIS/O/O/EET/21/02/0051,Axis NIFTY IT ETF,Open Ended,Exchange Traded Funds (ETFs) - Equity ETF,2026-09-01,0.66,0.0,2026-09-03T15:06:40Z
AXIS/O/O/EET/21/02/0051,Axis NIFTY IT ETF,Open Ended,Exchange Traded Funds (ETFs) - Equity ETF,2026-09-02,0.66,0.0,2026-09-03T15:06:40Z
AXIS/O/O/EIN/22/12/0078,Axis Nifty IT Index Fund,Open Ended,Index Funds - Equity Funds,2026-09-01,1.16,0.42,2026-09-03T15:06:40Z
AXIS/O/O/EIN/22/12/0078,Axis Nifty IT Index Fund,Open Ended,Index Funds - Equity Funds,2026-09-02,1.16,0.42,2026-09-03T15:06:40Z
AXIS/O/O/EIN/21/09/0062,AXIS NIFTY MIDCAP 50 INDEX FUND,Open Ended,Index Funds - Equity Funds,2026-09-01,1.1,0.29,2026-09-03T15:06:40Z
AXIS/O/O/EIN/21/09/0062,AXIS NIFTY MIDCAP 50 INDEX FUND,Open Ended,Index Funds - Equity Funds,2026-09-02,1.1,0.29,2026-09-03T15:06:40Z
AXIS/O/O/EIN/21/09/0060,Axis Nifty Next 50 Index Fund,Open Ended,Index Funds - Equity Funds,2026-09-01,1.12,0.21,2026-09-03T15:06:40Z
AXIS/O/O/EIN/21/09/0060,Axis Nifty Next 50 Index Fund,Open Ended,Index Funds - Equity Funds,2026-09-02,1.12,0.21,2026-09-03T15:06:40Z
AXIS/O/O/DIN/22/10/0067,Axis NIFTY SDL September 2026 Debt Index Fund,Open Ended,Index Funds - Debt Funds,2026-09-01,0.32,0.16,2026-09-03T15:06:40Z
AXIS/O/O/DIN/22/10/0067,Axis NIFTY SDL September 2026 Debt Index Fund,Open Ended,Index Funds - Debt Funds,2026-09-02,0.32,0.16,2026-09-03T15:06:40Z
AXIS/O/O/EIN/21/09/0061,AXIS NIFTY SMALLCAP 50 INDEX FUND,Open Ended,Index Funds - Equity Funds,2026-09-01,1.13,0.34,2026-09-03T15:06:40Z
AXIS/O/O/EIN/21/09/0061,AXIS NIFTY SMALLCAP 50 INDEX FUND,Open Ended,Index Funds - Equity Funds,2026-09-02,1.13,0.34,2026-09-03T15:06:40Z
AXIS/O/O/EIN/26/06/0111,Axis Nifty50 Equal Weight Index Fund,Open Ended,Index Funds - Equity Funds,2026-09-01,2.35,1.53,2026-09-03T15:06:40Z
AXIS/O/O/EIN/26/06/0111,Axis Nifty50 Equal Weight Index Fund,Open Ended,Index Funds - Equity Funds,2026-09-02,2.35,1.53,2026-09-03T15:06:40Z
AXIS/O/O/EIN/24/09/0094,Axis Nifty500 Momentum 50 Index Fund,Open Ended,Index Funds - Equity Funds,2026-09-01,1.53,0.65,2026-09-03T15:06:40Z
AXIS/O/O/EIN/24/09/0094,Axis Nifty500 Momentum 50 Index Fund,Open Ended,Index Funds - Equity Funds,2026-09-02,1.53,0.65,2026-09-03T15:06:40Z
AXIS/O/O/EIN/25/02/0099,Axis Nifty500 Quality 50 Index Fund,Open Ended,Index Funds - Equity Funds,2026-09-01,1.23,0.34,2026-09-03T15:06:40Z
AXIS/O/O/EIN/25/02/0099,Axis Nifty500 Quality 50 Index Fund,Open Ended,Index Funds - Equity Funds,2026-09-02,1.23,0.34,2026-09-03T15:06:40Z
AXIS/O/O/EET/24/09/0096,Axis Nifty500 Value 50 ETF,Open Ended,Exchange Traded Funds (ETFs) - Equity ETF,2026-09-01,0.51,0.0,2026-09-03T15:06:40Z
AXIS/O/O/EET/24/09/0096,Axis Nifty500 Value 50 ETF,Open Ended,Exchange Traded Funds (ETFs) - Equity ETF,2026-09-02,0.51,0.0,2026-09-03T15:06:40Z
AXIS/O/O/EIN/24/08/0090,Axis Nifty500 Value 50 Index Fund,Open Ended,Index Funds - Equity Funds,2026-09-01,1.29,0.41,2026-09-03T15:06:40Z
AXIS/O/O/EIN/24/08/0090,Axis Nifty500 Value 50 Index Fund,Open Ended,Index Funds - Equity Funds,2026-09-02,1.29,0.41,2026-09-03T15:06:40Z
AXIS/O/D/ONF/19/02/0034,Axis Overnight Fund,Open Ended,Income/Debt Oriented Schemes - Overnight Fund,2026-09-01,0.13,0.09,2026-09-03T15:06:40Z
AXIS/O/D/ONF/19/02/0034,Axis Overnight Fund,Open Ended,Income/Debt Oriented Schemes - Overnight Fund,2026-09-02,0.13,0.09,2026-09-03T15:06:40Z
AXIS/O/E/THE/20/07/0044,Axis Quant Fund,Open Ended,Equity Schemes - Thematic Fund,2026-09-01,4.1,2.7,2026-09-03T15:06:40Z
AXIS/O/E/THE/20/07/0044,Axis Quant Fund,Open Ended,Equity Schemes - Thematic Fund,2026-09-02,4.11,2.71,2026-09-03T15:06:40Z
AXIS/O/S/RET/19/07/0037,Axis Retirement Fund - Aggressive Plan,Open Ended,Solution Oriented Schemes ** - Retirement Fund,2026-09-01,2.48,1.25,2026-09-03T15:06:40Z
AXIS/O/S/RET/19/07/0037,Axis Retirement Fund - Aggressive Plan,Open Ended,Solution Oriented Schemes ** - Retirement Fund,2026-09-02,2.48,1.25,2026-09-03T15:06:40Z
AXIS/O/S/RET/19/07/0038,Axis Retirement Fund - Conservative Plan,Open Ended,Solution Oriented Schemes ** - Retirement Fund,2026-09-01,2.16,1.27,2026-09-03T15:06:40Z
AXIS/O/S/RET/19/07/0038,Axis Retirement Fund - Conservative Plan,Open Ended,Solution Oriented Schemes ** - Retirement Fund,2026-09-02,2.16,1.27,2026-09-03T15:06:40Z
AXIS/O/S/RET/19/07/0039,Axis Retirement Fund - Dynamic Plan,Open Ended,Solution Oriented Schemes ** - Retirement Fund,2026-09-01,2.56,1.35,2026-09-03T15:06:40Z
AXIS/O/S/RET/19/07/0039,Axis Retirement Fund - Dynamic Plan,Open Ended,Solution Oriented Schemes ** - Retirement Fund,2026-09-02,2.56,1.35,2026-09-03T15:06:40Z
AXIS/O/E/THE/25/03/0098,Axis Services Opportunities Fund,Open Ended,Equity Schemes - Thematic Fund,2026-09-01,2.19,0.9,2026-09-03T15:06:40Z
AXIS/O/E/THE/25/03/0098,Axis Services Opportunities Fund,Open Ended,Equity Schemes - Thematic Fund,2026-09-02,2.19,0.9,2026-09-03T15:06:40Z
AXIS/O/D/SDF/09/11/0004,Axis Short Term Fund,Open Ended,Income/Debt Oriented Schemes - Short Term Fund,2026-09-01,0.93,0.4,2026-09-03T15:06:40Z
AXIS/O/D/SDF/09/11/0004,Axis Short Term Fund,Open Ended,Income/Debt Oriented Schemes - Short Term Fund,2026-09-02,0.93,0.4,2026-09-03T15:06:40Z
AXIS/O/O/OET/22/07/0065,Axis Silver ETF,Open Ended,Exchange Traded Funds (ETFs) - Silver ETF,2026-09-01,0.42,0.0,2026-09-03T15:06:40Z
AXIS/O/O/OET/22/07/0065,Axis Silver ETF,Open Ended,Exchange Traded Funds (ETFs) - Silver ETF,2026-09-02,0.42,0.0,2026-09-03T15:06:40Z
AXIS/O/O/FOD/22/07/0064,Axis Silver Fund of Fund,Open Ended,Fund of Funds Scheme (Domestic) - Fund of Funds Scheme (Domestic),2026-09-01,0.65,0.14,2026-09-03T15:06:40Z
AXIS/O/O/FOD/22/07/0064,Axis Silver Fund of Fund,Open Ended,Fund of Funds Scheme (Domestic) - Fund of Funds Scheme (Domestic),2026-09-02,0.65,0.14,2026-09-03T15:06:40Z
AXIS/O/E/SCF/13/09/0016,Axis Small Cap Fund,Open Ended,Equity Schemes - Small Cap Fund,2026-09-01,1.67,0.71,2026-09-03T15:06:40Z
AXIS/O/E/SCF/13/09/0016,Axis Small Cap Fund,Open Ended,Equity Schemes - Small Cap Fund,2026-09-02,1.67,0.71,2026-09-03T15:06:40Z
AXIS/O/D/USD/18/08/0029,Axis Ultra Short Term fund,Open Ended,Income/Debt Oriented Schemes - Ultra Short Term Fund,2026-09-01,1.26,0.36,2026-09-03T15:06:40Z
AXIS/O/D/USD/18/08/0029,Axis Ultra Short Term fund,Open Ended,Income/Debt Oriented Schemes - Ultra Short Term Fund,2026-09-02,1.26,0.36,2026-09-03T15:06:40Z
AXIS/O/D/LOW/09/09/0001,Axis Ultra Short to Short Term Fund,Open Ended,Income/Debt Oriented Schemes - Ultra Short to Short Term Fund,2026-09-01,0.73,0.37,2026-09-03T15:06:40Z
AXIS/O/D/LOW/09/09/0001,Axis Ultra Short to Short Term Fund,Open Ended,Income/Debt Oriented Schemes - Ultra Short to Short Term Fund,2026-09-02,0.73,0.37,2026-09-03T15:06:40Z
AXIS/O/O/FOO/23/11/0081,Axis US Specific Treasury Dynamic Debt Passive FOF,Open Ended,Overseas Fund of Funds - Fund of Funds investing overseas,2026-09-01,0.15,0.09,2026-09-03T15:06:40Z
AXIS/O/O/FOO/23/11/0081,Axis US Specific Treasury Dynamic Debt Passive FOF,Open Ended,Overseas Fund of Funds - Fund of Funds investing overseas,2026-09-02,0.15,0.09,2026-09-03T15:06:40Z
AXIS/O/E/VAF/20/09/0048,Axis Value Fund,Open Ended,Equity Schemes - Value Fund,2026-09-01,2.27,0.93,2026-09-03T15:06:40Z
AXIS/O/E/VAF/20/09/0048,Axis Value Fund,Open Ended,Equity Schemes - Value Fund,2026-09-02,2.27,0.93,2026-09-03T15:06:40Z
BFAM/O/E/ARB/23/05/0005,Bajaj Finserv Arbitrage Fund,Open Ended,Hybrid Scheme - Arbitrage Fund,2026-09-01,2.04,1.34,2026-09-03T15:06:40Z
BFAM/O/E/ARB/23/05/0005,Bajaj Finserv Arbitrage Fund,Open Ended,Hybrid Scheme - Arbitrage Fund,2026-09-02,2.04,1.34,2026-09-03T15:06:40Z
BFAM/O/H/BAF/23/05/0007,Bajaj Finserv Balanced Advantage Fund,Open Ended,Hybrid Scheme - Dynamic Asset Allocation or Balanced Advantage,2026-09-01,2.59,1.01,2026-09-03T15:06:40Z
BFAM/O/H/BAF/23/05/0007,Bajaj Finserv Balanced Advantage Fund,Open Ended,Hybrid Scheme - Dynamic Asset Allocation or Balanced Advantage,2026-09-02,2.6,1.01,2026-09-03T15:06:40Z
BFAM/O/E /SEC/25/09/0022,Bajaj Finserv Banking and Financial Services Fund,Open Ended,Equity Scheme - Sectoral/ Thematic,2026-09-01,2.81,1.12,2026-09-03T15:06:40Z
BFAM/O/E /SEC/25/09/0022,Bajaj Finserv Banking and Financial Services Fund,Open Ended,Equity Scheme - Sectoral/ Thematic,2026-09-02,2.81,1.12,2026-09-03T15:06:40Z
BFAM/O/D/BPF/23/09/0006,Bajaj Finserv Banking and PSU Debt Fund,Open Ended,Income/Debt Oriented Schemes - Banking and PSU Debt Fund,2026-09-01,0.89,0.35,2026-09-03T15:06:40Z
BFAM/O/D/BPF/23/09/0006,Bajaj Finserv Banking and PSU Debt Fund,Open Ended,Income/Debt Oriented Schemes - Banking and PSU Debt Fund,2026-09-02,0.89,0.35,2026-09-03T15:06:40Z
BFAM/O/O /EET/26/06/0025,Bajaj Finserv BSE Top 10 Banks ETF,Open Ended,Exchange Traded Funds (ETFs) - Equity ETF,2026-09-01,3.67,0.0,2026-09-03T15:06:40Z
BFAM/O/O /EET/26/06/0025,Bajaj Finserv BSE Top 10 Banks ETF,Open Ended,Exchange Traded Funds (ETFs) - Equity ETF,2026-09-02,3.67,0.0,2026-09-03T15:06:40Z
BFAM/O/E /THE/24/10/0013,Bajaj Finserv Consumption Fund,Open Ended,Equity Scheme - Sectoral/ Thematic,2026-09-01,2.89,1.24,2026-09-03T15:06:40Z
BFAM/O/E /THE/24/10/0013,Bajaj Finserv Consumption Fund,Open Ended,Equity Scheme - Sectoral/ Thematic,2026-09-02,2.89,1.24,2026-09-03T15:06:40Z
BFAM/O/E /ELS/24/11/0015,Bajaj Finserv ELSS - Tax Saver Fund,Open Ended,Equity Schemes - ELSS- Tax Saver Fund,2026-09-01,2.95,1.26,2026-09-03T15:06:40Z
BFAM/O/E /ELS/24/11/0015,Bajaj Finserv ELSS - Tax Saver Fund,Open Ended,Equity Schemes - ELSS- Tax Saver Fund,2026-09-02,2.95,1.26,2026-09-03T15:06:40Z
BFAM/O/H /ESF/25/01/0021,Bajaj Finserv Equity Savings Fund,Open Ended,Hybrid Scheme - Equity Savings,2026-09-01,2.28,1.1,2026-09-03T15:06:40Z
BFAM/O/H /ESF/25/01/0021,Bajaj Finserv Equity Savings Fund,Open Ended,Hybrid Scheme - Equity Savings,2026-09-02,2.28,1.1,2026-09-03T15:06:40Z
BFAM/O/E/FCF/23/05/0003,Bajaj Finserv Flexi Cap Fund,Open Ended,Equity Scheme - Flexi Cap Fund,2026-09-01,2.22,0.98,2026-09-03T15:06:40Z
BFAM/O/E/FCF/23/05/0003,Bajaj Finserv Flexi Cap Fund,Open Ended,Equity Scheme - Flexi Cap Fund,2026-09-02,2.22,0.98,2026-09-03T15:06:40Z
BFAM/O/D /GIL/24/07/0016,Bajaj Finserv Gilt Fund,Open Ended,Debt Scheme - Gilt Fund,2026-09-01,1.36,0.47,2026-09-03T15:06:40Z
BFAM/O/D /GIL/24/07/0016,Bajaj Finserv Gilt Fund,Open Ended,Debt Scheme - Gilt Fund,2026-09-02,1.36,0.47,2026-09-03T15:06:40Z
BFAM/O/E /THE/24/10/0014,Bajaj Finserv Healthcare Fund,Open Ended,Equity Scheme - Sectoral/ Thematic,2026-09-01,2.59,0.9,2026-09-03T15:06:40Z
BFAM/O/E /THE/24/10/0014,Bajaj Finserv Healthcare Fund,Open Ended,Equity Scheme - Sectoral/ Thematic,2026-09-02,2.59,0.9,2026-09-03T15:06:40Z
BFAM/O/E /LMF/24/01/0009,Bajaj Finserv Large & Mid Cap Fund,Open Ended,Equity Schemes - Large & Mid Cap Fund,2026-09-01,2.56,1.16,2026-09-03T15:06:40Z
BFAM/O/E /LMF/24/01/0009,Bajaj Finserv Large & Mid Cap Fund,Open Ended,Equity Schemes - Large & Mid Cap Fund,2026-09-02,2.57,1.16,2026-09-03T15:06:40Z
BFAM/O/E /LCF/24/07/0012,Bajaj Finserv Large Cap Fund,Open Ended,Equity Scheme - Large Cap Fund,2026-09-01,2.76,1.25,2026-09-03T15:06:40Z
BFAM/O/E /LCF/24/07/0012,Bajaj Finserv Large Cap Fund,Open Ended,Equity Scheme - Large Cap Fund,2026-09-02,2.76,1.25,2026-09-03T15:06:40Z
BFAM/O/D/LIF/23/05/0001,Bajaj Finserv Liquid Fund,Open Ended,Debt Scheme - Liquid Fund,2026-09-01,0.28,0.08,2026-09-03T15:06:40Z
BFAM/O/D/LIF/23/05/0001,Bajaj Finserv Liquid Fund,Open Ended,Debt Scheme - Liquid Fund,2026-09-02,0.28,0.08,2026-09-03T15:06:40Z
BFAM/O/D/MMF/23/05/0004,Bajaj Finserv Money Market Fund,Open Ended,Income/Debt Oriented Schemes - Money Market Fund,2026-09-01,0.78,0.13,2026-09-03T15:06:40Z
BFAM/O/D/MMF/23/05/0004,Bajaj Finserv Money Market Fund,Open Ended,Income/Debt Oriented Schemes - Money Market Fund,2026-09-02,0.78,0.13,2026-09-03T15:06:40Z
BFAM/O/H /MAA/24/04/0010,Bajaj Finserv Multi Asset Allocation Fund,Open Ended,Hybrid Scheme - Multi Asset Allocation,2026-09-01,2.19,0.74,2026-09-03T15:06:40Z
BFAM/O/H /MAA/24/04/0010,Bajaj Finserv Multi Asset Allocation Fund,Open Ended,Hybrid Scheme - Multi Asset Allocation,2026-09-02,2.2,0.74,2026-09-03T15:06:40Z
BFAM/O/E /MCF/24/12/0017,Bajaj Finserv Multi Cap Fund,Open Ended,Equity Scheme - Multi Cap Fund,2026-09-01,2.55,1.09,2026-09-03T15:06:40Z
BFAM/O/E /MCF/24/12/0017,Bajaj Finserv Multi Cap Fund,Open Ended,Equity Scheme - Multi Cap Fund,2026-09-02,2.55,1.09,2026-09-03T15:06:40Z
BFAM/O/O /DET/24/03/0011,Bajaj Finserv Nifty 1D Rate Liquid ETF - Growth,Open Ended,Other Scheme - Other  ETFs,2026-09-01,0.21,0.0,2026-09-03T15:06:40Z
BFAM/O/O /DET/24/03/0011,Bajaj Finserv Nifty 1D Rate Liquid ETF - Growth,Open Ended,Other Scheme - Other  ETFs,2026-09-02,0.21,0.0,2026-09-03T15:06:40Z
BFAM/O/O /EET/23/12/0008,Bajaj Finserv Nifty 50 ETF,Open Ended,Other Scheme - Other  ETFs,2026-09-01,0.09,0.0,2026-09-03T15:06:40Z
BFAM/O/O /EET/23/12/0008,Bajaj Finserv Nifty 50 ETF,Open Ended,Other Scheme - Other  ETFs,2026-09-02,0.09,0.0,2026-09-03T15:06:40Z
BFAM/O/O /EIN/25/03/0019,Bajaj Finserv Nifty 50 Index Fund,Open Ended,Other Scheme - Index Funds,2026-09-01,1.08,0.31,2026-09-03T15:06:40Z
BFAM/O/O /EIN/25/03/0019,Bajaj Finserv Nifty 50 Index Fund,Open Ended,Other Scheme - Index Funds,2026-09-02,1.08,0.31,2026-09-03T15:06:40Z
BFAM/O/O/EET/23/12/0009,Bajaj Finserv Nifty Bank ETF,Open Ended,Other Scheme - Other  ETFs,2026-09-01,0.15,0.0,2026-09-03T15:06:40Z
BFAM/O/O/EET/23/12/0009,Bajaj Finserv Nifty Bank ETF,Open Ended,Other Scheme - Other  ETFs,2026-09-02,0.15,0.0,2026-09-03T15:06:40Z
BFAM/O/O /EIN/25/03/0018,BAJAJ FINSERV NIFTY NEXT 50 INDEX FUND,Open Ended,Other Scheme - Index Funds,2026-09-01,1.12,0.41,2026-09-03T15:06:40Z
BFAM/O/O /EIN/25/03/0018,BAJAJ FINSERV NIFTY NEXT 50 INDEX FUND,Open Ended,Other Scheme - Index Funds,2026-09-02,1.12,0.41,2026-09-03T15:06:40Z
BFAM/O/D/ONF/23/05/0002,Bajaj Finserv Overnight Fund,Open Ended,Debt Scheme - Overnight Fund,2026-09-01,0.16,0.11,2026-09-03T15:06:40Z
BFAM/O/D/ONF/23/05/0002,Bajaj Finserv Overnight Fund,Open Ended,Debt Scheme - Overnight Fund,2026-09-02,0.16,0.11,2026-09-03T15:06:40Z
BFAM/O/E /SCF/25/04/0020,Bajaj Finserv Small Cap Fund,Open Ended,Equity Scheme - Small Cap Fund,2026-09-01,2.35,0.96,2026-09-03T15:06:40Z
BFAM/O/E /SCF/25/04/0020,Bajaj Finserv Small Cap Fund,Open Ended,Equity Scheme - Small Cap Fund,2026-09-02,2.35,0.96,2026-09-03T15:06:40Z
BFAM/O/D /LOW/25/12/0023,Bajaj Finserv Ultra Short to Short Term Fund,Open Ended,Income/Debt Oriented Schemes - Ultra Short to Short Term Fund,2026-09-01,1.01,0.23,2026-09-03T15:06:40Z
BFAM/O/D /LOW/25/12/0023,Bajaj Finserv Ultra Short to Short Term Fund,Open Ended,Income/Debt Oriented Schemes - Ultra Short to Short Term Fund,2026-09-02,1.01,0.23,2026-09-03T15:06:40Z
BNDN/O/D/GTN/02/02/0005,Bandhan 10 year Constant Maturity Gilt Fund,Open Ended,Income/Debt Oriented Schemes - 10-year Constant Maturity Gilt Fund,2026-09-01,0.48,0.26,2026-09-03T15:06:40Z
BNDN/O/H/AHF/16/11/0030,Bandhan Aggressive Hybrid Fund,Open Ended,Hybrid Scheme - Aggressive Hybrid Fund,2026-09-01,2.24,0.84,2026-09-03T15:06:40Z
BNDN/O/O/FOD/09/11/0019,Bandhan Aggressive Hybrid Passive FOF,Open Ended,Other Scheme - FoF Domestic,2026-09-01,0.35,0.08,2026-09-03T15:06:40Z
BNDN/O/H/ARB/06/11/0015,Bandhan Arbitrage Fund,Open Ended,Hybrid Scheme - Arbitrage Fund,2026-09-01,2.39,1.67,2026-09-03T15:06:40Z
BNDN/O/H/BAF/14/04/0026,Bandhan Balanced Advantage Fund,Open Ended,Hybrid Scheme - Dynamic Asset Allocation or Balanced Advantage,2026-09-01,2.31,1.06,2026-09-03T15:06:40Z
BNDN/O/D/BPF/12/10/0025,Bandhan Banking and PSU Debt Fund,Open Ended,Income/Debt Oriented Schemes - Banking and PSU Debt Fund,2026-09-01,0.66,0.36,2026-09-03T15:06:40Z
BNDN/O/E/EIN/24/03/0075,Bandhan BSE Healthcare Index Fund,Open Ended,Other Scheme - Index Funds,2026-09-01,1.16,0.36,2026-09-03T15:06:40Z
BNDN/O/E/EIN/25/07/0086,Bandhan BSE India Sector Leaders Index Fund,Open Ended,Other Scheme - Index Funds,2026-09-01,1.1,0.36,2026-09-03T15:06:40Z
BNDN/O/O/EIN/16/03/0029,Bandhan BSE Sensex ETF,Open Ended,Other Scheme - Other  ETFs,2026-09-01,0.32,0.0,2026-09-03T15:06:40Z
BNDN/O/E/THE/24/08/0074,Bandhan Business Cycle Fund,Open Ended,Equity Schemes - Thematic Fund,2026-09-01,2.43,0.97,2026-09-03T15:06:40Z
BNDN/O/H/CHF/09/12/0023,Bandhan Conservative Hybrid Fund,Open Ended,Hybrid Scheme - Conservative Hybrid Fund,2026-09-01,1.97,0.89,2026-09-03T15:06:40Z
BNDN/O/O/FOD/09/11/0020,Bandhan Conservative Hybrid Passive FOF,Open Ended,Other Scheme - FoF Domestic,2026-09-01,0.29,0.04,2026-09-03T15:06:40Z
BNDN/O/D/CBF/15/06/0027,Bandhan Corporate Bond Fund,Open Ended,Debt Scheme - Corporate Bond Fund,2026-09-01,0.66,0.34,2026-09-03T15:06:40Z
BNDN/O/D/CRF/17/01/0031,Bandhan Credit Risk Fund,Open Ended,Debt Scheme - Credit Risk Fund,2026-09-01,1.67,0.66,2026-09-03T15:06:40Z
IDFC/O/O/OIN/22/10/0056,BANDHAN CRISIL IBX 90:10 SDL PLUS GILT - APRIL 2032 INDEX FUND,Open Ended,Other Scheme - Index Funds,2026-09-01,0.27,0.09,2026-09-03T15:06:40Z
BNDN/O/O/OIN/22/10/0055,BANDHAN CRISIL IBX 90:10 SDL PLUS GILT - NOV 2026 INDEX FUND,Open Ended,Other Scheme - Index Funds,2026-09-01,0.34,0.09,2026-09-03T15:06:40Z
BNDN/O/O/OIN/22/10/0057,BANDHAN CRISIL IBX 90:10 SDL PLUS GILT - SEPTEMBER 2027 INDEX FUND,Open Ended,Other Scheme - Index Funds,2026-09-01,0.34,0.09,2026-09-03T15:06:40Z
BNDN/O/O/DIN/21/02/0046,Bandhan CRISIL IBX Gilt April 2028 Index Fund,Open Ended,Other Scheme - Index Funds,2026-09-01,0.45,0.2,2026-09-03T15:06:40Z
BNDN/O/O/OIN/22/09/0058,Bandhan CRISIL IBX GILT APRIL 2032 INDEX FUND,Open Ended,Other Scheme - Index Funds,2026-09-01,0.46,0.2,2026-09-03T15:06:40Z
BNDN/O/O/DIN/21/02/0045,Bandhan CRISIL IBX Gilt June 2027 Index Fund,Open Ended,Other Scheme - Index Funds,2026-09-01,0.45,0.2,2026-09-03T15:06:40Z
BNDN/O/O/OIN/25/01/0083,Bandhan CRISIL-IBX 10:90 Gilt Plus SDL Index - Dec 2029 Fund,Open Ended,Other Scheme - Index Funds,2026-09-01,0.29,0.05,2026-09-03T15:06:40Z
BNDN/O/D /DIN/25/02/0084,Bandhan CRISIL-IBX Financial Services 3-6 Months Debt Index Fund,Open Ended,Other Scheme - Index Funds,2026-09-01,1.02,0.1,2026-09-03T15:06:40Z
BNDN/O/D/DBF/02/05/0006,Bandhan Dynamic Term Fund,Open Ended,Income/Debt Oriented Schemes - Dynamic Term Fund,2026-09-01,1.65,0.79,2026-09-03T15:06:40Z
BNDN/O/E/ELS/08/11/0018,Bandhan ELSS - Tax Saver Fund,Open Ended,Equity Schemes - ELSS- Tax Saver Fund,2026-09-01,2.01,0.94,2026-09-03T15:06:40Z
BNDN/O/H/ESF/08/03/0017,Bandhan Equity Savings Fund,Open Ended,Hybrid Scheme - Equity Savings,2026-09-01,1.55,0.65,2026-09-03T15:06:40Z
BNDN/O/E/SEC/23/01/0063,Bandhan Financial Services Fund,Open Ended,Equity Schemes - Sectoral Fund,2026-09-01,2.48,0.98,2026-09-03T15:06:40Z
IDF268,BANDHAN FIXED TERM PLAN SERIES - 179 (3652 DAYS),Close Ended,Income,2026-09-01,0.29,0.04,2026-09-03T15:06:40Z
BNDN/O/E/FCF/05/06/0011,Bandhan Flexi Cap Fund,Open Ended,Equity Scheme - Flexi Cap Fund,2026-09-01,2.21,1.52,2026-09-03T15:06:40Z
BNDN/O/D/FLF/20/03/0044,Bandhan Floating Interest Rates Fund,Open Ended,Income/Debt Oriented Schemes - Floating Interest Rates Fund,2026-09-01,0.71,0.09,2026-09-03T15:06:40Z
BNDN/O/E/FOC/05/10/0013,Bandhan Focused Fund,Open Ended,Equity Scheme - Focused Fund,2026-09-01,2.24,0.98,2026-09-03T15:06:40Z
BNDN/O/D/GIL/02/02/0004,Bandhan Gilt Fund,Open Ended,Debt Scheme - Gilt Fund,2026-09-01,1.17,0.55,2026-09-03T15:06:40Z
BNDN/O/O/GET/25/09/0089,Bandhan Gold ETF,Open Ended,Other Scheme - Gold ETF,2026-09-01,0.45,0.0,2026-09-03T15:06:40Z
BNDN/O/O/FOD/25/11/0090,Bandhan Gold ETF FOF,Open Ended,Other Scheme - FoF Domestic,2026-09-01,0.59,0.12,2026-09-03T15:06:40Z
BNDN/O/E/THE/25/08/0087,Bandhan Healthcare Fund,Open Ended,Equity Schemes - Sectoral Fund,2026-09-01,2.83,1.31,2026-09-03T15:06:40Z
BNDN/O/O/FOD/04/07/0009,Bandhan Income Plus Arbitrage Active FOF,Open Ended,Other Scheme - FoF Domestic,2026-09-01,0.3,0.04,2026-09-03T15:06:40Z
BNDN/O/E/SEC/10/09/0024,Bandhan Infrastructure Fund,Open Ended,Equity Schemes - Sectoral Fund,2026-09-01,2.25,1.04,2026-09-03T15:06:40Z
BNDN/O/E /THE/24/02/0071,Bandhan Innovation Fund,Open Ended,Equity Schemes - Thematic Fund,2026-09-01,2.26,0.85,2026-09-03T15:06:40Z
BNDN/O/E/LMF/05/06/0010,Bandhan Large & Mid Cap Fund,Open Ended,Equity Scheme - Large & Mid Cap Fund,2026-09-01,2.3,1.16,2026-09-03T15:06:40Z
BNDN/O/E/LCF/06/02/0014,Bandhan Large Cap Fund,Open Ended,Equity Scheme - Large Cap Fund,2026-09-01,2.19,1.05,2026-09-03T15:06:40Z
BNDN/O/D/LIF/01/07/0003,Bandhan Liquid Fund,Open Ended,Debt Scheme - Liquid Fund,2026-09-01,0.23,0.07,2026-09-03T15:06:40Z
BNDN/O/D/LON/24/02/0070,Bandhan Long Term Fund,Open Ended,Income/Debt Oriented Schemes - Long Term Fund,2026-09-01,0.7,0.28,2026-09-03T15:06:40Z
BNDN/O/D/MDF/03/06/0008,Bandhan Medium Term Fund,Open Ended,Income/Debt Oriented Schemes - Medium Term Fund,2026-09-01,1.36,0.66,2026-09-03T15:06:40Z
BNDN/O/D/MLD/00/06/0001,Bandhan Medium to Long Term Fund,Open Ended,Income/Debt Oriented Schemes - Medium to Long Term Fund,2026-09-01,2.01,0.99,2026-09-03T15:06:40Z
BNDN/O/E/MIF/21/10/0050,Bandhan Mid Cap Fund,Open Ended,Equity Schemes - Mid Cap Fund,2026-09-01,2.13,0.76,2026-09-03T15:06:40Z
BNDN/O/D/MMF/02/10/0007,Bandhan Money Market Fund,Open Ended,Debt Scheme - Money Market Fund,2026-09-01,0.35,0.1,2026-09-03T15:06:40Z
BNDN/O/H/MAA/23/12/0068,Bandhan Multi Asset Allocation Fund,Open Ended,Hybrid Scheme - Multi Asset Allocation,2026-09-01,2.15,0.77,2026-09-03T15:06:40Z
BNDN/O/E/MCF/21/09/0048,Bandhan Multi Cap Fund,Open Ended,Equity Scheme - Multi Cap Fund,2026-09-01,2.25,0.92,2026-09-03T15:06:40Z
BNDN/O/O/FOD/09/11/0021,Bandhan Multi-Asset Passive FOF,Open Ended,Other Scheme - FoF Domestic,2026-09-01,0.34,0.07,2026-09-03T15:06:40Z
BNDN/O/E/THE/25/05/0085,Bandhan Multi-Factor Fund,Open Ended,Equity Schemes - Thematic Fund,2026-09-01,4.08,2.56,2026-09-03T15:06:40Z
BNDN/O/O/EIN/21/12/0049,Bandhan Nifty 100 Index Fund,Open Ended,Other Scheme - Index Funds,2026-09-01,0.67,0.17,2026-09-03T15:06:40Z
BNDN/O/E/EIN/24/08/0079,Bandhan Nifty 200 Quality 30 Index Fund,Open Ended,Other Scheme - Index Funds,2026-09-01,1.17,0.53,2026-09-03T15:06:40Z
BNDN/O/O/EET/16/03/0028,Bandhan Nifty 50 ETF,Open Ended,Other Scheme - Other  ETFs,2026-09-01,0.09,0.0,2026-09-03T15:06:40Z
BNDN/O/O/EIN/09/11/0022,Bandhan Nifty 50 Index Fund,Open Ended,Other Scheme - Index Funds,2026-09-01,0.64,0.14,2026-09-03T15:06:40Z
BNDN/O/E/EIN/24/08/0077,Bandhan Nifty 500 Momentum 50 Index Fund,Open Ended,Other Scheme - Index Funds,2026-09-01,1.52,0.87,2026-09-03T15:06:40Z
BNDN/O/E/EIN/24/05/0078,Bandhan Nifty 500 Value 50 Index Fund,Open Ended,Other Scheme - Index Funds,2026-09-01,1.3,0.65,2026-09-03T15:06:40Z
BNDN/O/E/EIN/23/07/0066,Bandhan Nifty Alpha 50 Index Fund,Open Ended,Other Scheme - Index Funds,2026-09-01,1.26,0.61,2026-09-03T15:06:40Z
BNDN/O/E/EIN/24/08/0080,Bandhan Nifty Alpha Low Volatility 30 Index Fund,Open Ended,Other Scheme - Index Funds,2026-09-01,1.3,0.55,2026-09-03T15:06:40Z
BNDN/O/E/EIN/24/06/0073,Bandhan Nifty Bank Index Fund,Open Ended,Other Scheme - Index Funds,2026-09-01,1.12,0.32,2026-09-03T15:06:40Z
BNDN/O/E/EIN/23/07/0064,Bandhan Nifty IT Index Fund,Open Ended,Other Scheme - Index Funds,2026-09-01,1.2,0.55,2026-09-03T15:06:40Z
BNDN/O/E/EIN/24/03/0076,Bandhan Nifty Midcap 150 Index Fund,Open Ended,Other Scheme - Index Funds,2026-09-01,1.43,0.65,2026-09-03T15:06:40Z
BNDN/O/E /EIN/24/08/0082,Bandhan Nifty Next 50 Index Fund,Open Ended,Other Scheme - Index Funds,2026-09-01,1.15,0.37,2026-09-03T15:06:40Z
BNDN/O/E/EIN/23/07/0067,Bandhan Nifty Smallcap 250 Index Fund,Open Ended,Other Scheme - Index Funds,2026-09-01,0.99,0.29,2026-09-03T15:06:40Z
BNDN/O/E/EIN/24/02/0072,Bandhan Nifty Total Market Index Fund,Open Ended,Other Scheme - Index Funds,2026-09-01,1.38,0.74,2026-09-03T15:06:40Z
BNDN/O/E/EIN/22/07/0052,Bandhan Nifty100 Low Volatility 30 Index Fund,Open Ended,Other Scheme - Index Funds,2026-09-01,1.02,0.45,2026-09-03T15:06:40Z
BNDN/O/E/EIN/22/07/0051,Bandhan Nifty200 Momentum 30 Index Fund,Open Ended,Other Scheme - Index Funds,2026-09-01,1.5,0.88,2026-09-03T15:06:40Z
BNDN/O/D/ONF/18/12/0038,Bandhan Overnight Fund,Open Ended,Debt Scheme - Overnight Fund,2026-09-01,0.16,0.07,2026-09-03T15:06:40Z
BNDN/O/S/RET/23/09/0065,Bandhan Retirement Fund,Open Ended,Solution Oriented Scheme - Retirement Fund,2026-09-01,2.55,0.95,2026-09-03T15:06:40Z
BNDN/O/D/SDF/00/12/0002,Bandhan Short Term Fund,Open Ended,Income/Debt Oriented Schemes - Short Term Fund,2026-09-01,0.84,0.36,2026-09-03T15:06:40Z
BNDN/O/O/OET/25/09/0088,Bandhan Silver ETF,Open Ended,Other Scheme - Other  ETFs,2026-09-01,0.45,0.0,2026-09-03T15:06:40Z
BNDN/O/O/FOD/25/11/0091,Bandhan Silver ETF FOF,Open Ended,Other Scheme - FoF Domestic,2026-09-01,0.59,0.12,2026-09-03T15:06:40Z
BNDN/O/E/SCF/19/10/0043,Bandhan Small Cap Fund,Open Ended,Equity Scheme - Small Cap Fund,2026-09-01,1.73,0.59,2026-09-03T15:06:40Z
IDFC/O/E/SEC/22/09/0053,Bandhan Transportation and Logistics Fund,Open Ended,Equity Schemes - Sectoral Fund,2026-09-01,2.52,1.06,2026-09-03T15:06:40Z
BNDN /O/D/USD/18/05/0034,Bandhan Ultra Short Term Fund,Open Ended,Income/Debt Oriented Schemes - Ultra Short Term Fund,2026-09-01,0.49,0.3,2026-09-03T15:06:40Z
BNDN/O/D/LOW/05/07/0012,Bandhan Ultra Short to Short Term Fund,Open Ended,Income/Debt Oriented Schemes - Ultra Short to Short Term Fund,2026-09-01,0.68,0.36,2026-09-03T15:06:40Z
BNDN/O/O/FOO/21/06/0047,Bandhan US specific Equity Active FOF,Open Ended,Other Scheme - FoF Overseas,2026-09-01,1.59,0.62,2026-09-03T15:06:40Z
BNDN/O/D/OIN/23/02/0061,Bandhan US Treasury Bond 0-1 year specific Debt Passive FOF,Open Ended,Other Scheme - FoF Overseas,2026-09-01,0.15,0.09,2026-09-03T15:06:40Z
BNDN/O/E/VAF/08/01/0016,Bandhan Value Fund,Open Ended,Equity Scheme - Value Fund,2026-09-01,2.0,0.98,2026-09-03T15:06:40Z
BOIA/O/H/BHF/16/04/0010,Bank of India Aggressive Hybrid Fund,Open Ended,Hybrid Schemes - Aggressive Hybrid Fund,2026-09-01,2.27,0.88,2026-09-03T15:06:40Z
BOIA/O/H/BHF/16/04/0010,Bank of India Aggressive Hybrid Fund,Open Ended,Hybrid Schemes - Aggressive Hybrid Fund,2026-09-02,2.27,0.88,2026-09-03T15:06:40Z
BOIA/O/H/ARB/18/05/0012,Bank of India Arbitrage Fund,Open Ended,Hybrid Scheme - Arbitrage Fund,2026-09-01,2.87,2.25,2026-09-03T15:06:40Z
BOIA/O/H/ARB/18/05/0012,Bank of India Arbitrage Fund,Open Ended,Hybrid Scheme - Arbitrage Fund,2026-09-02,2.87,2.25,2026-09-03T15:06:40Z
BOIA/O/H/BAF/14/01/0008,Bank of India Balanced Advantage Fund,Open Ended,Hybrid Scheme - Dynamic Asset Allocation or Balanced Advantage,2026-09-01,2.64,1.4,2026-09-03T15:06:40Z
BOIA/O/H/BAF/14/01/0008,Bank of India Balanced Advantage Fund,Open Ended,Hybrid Scheme - Dynamic Asset Allocation or Balanced Advantage,2026-09-02,2.64,1.4,2026-09-03T15:06:40Z
BOIA/O/E/SEC/25/11/0024,Bank of India Banking & Financial Services Fund,Open Ended,Equity Scheme - Sectoral/ Thematic,2026-09-01,2.77,1.63,2026-09-03T15:06:40Z
BOIA/O/E/SEC/25/11/0024,Bank of India Banking & Financial Services Fund,Open Ended,Equity Scheme - Sectoral/ Thematic,2026-09-02,2.77,1.63,2026-09-03T15:06:40Z
BOIA/O/E/THE/24/07/0020,Bank of India Business Cycle Fund,Open Ended,Equity Scheme - Sectoral/ Thematic,2026-09-01,2.64,1.36,2026-09-03T15:06:40Z
BOIA/O/E/THE/24/07/0020,Bank of India Business Cycle Fund,Open Ended,Equity Scheme - Sectoral/ Thematic,2026-09-02,2.64,1.36,2026-09-03T15:06:40Z
BOIA/O/H/CHF/08/12/0006,Bank of India Conservative Hybrid Fund,Open Ended,Debt Scheme - Medium to Long Duration Fund,2026-09-01,2.27,1.2,2026-09-03T15:06:40Z
BOIA/O/H/CHF/08/12/0006,Bank of India Conservative Hybrid Fund,Open Ended,Debt Scheme - Medium to Long Duration Fund,2026-09-02,2.27,1.2,2026-09-03T15:06:40Z
BOIA/O/E/SEC/24/11/0021,Bank of India Consumption Fund,Open Ended,Equity Scheme - Sectoral/ Thematic,2026-09-01,2.72,1.52,2026-09-03T15:06:40Z
BOIA/O/E/SEC/24/11/0021,Bank of India Consumption Fund,Open Ended,Equity Scheme - Sectoral/ Thematic,2026-09-02,2.72,1.52,2026-09-03T15:06:40Z
BOIA/O/D/CRF/14/09/0009,Bank of India Credit Risk Fund,Open Ended,Debt Scheme - Credit Risk Fund,2026-09-01,1.36,0.61,2026-09-03T15:06:40Z
BOIA/O/D/CRF/14/09/0009,Bank of India Credit Risk Fund,Open Ended,Debt Scheme - Credit Risk Fund,2026-09-02,1.36,0.61,2026-09-03T15:06:40Z
BOIA/O/E/ELS/08/11/0005,Bank of India ELSS Tax Saver Fund,Open Ended,Equity Schemes - ELSS- Tax Saver Fund,2026-09-01,2.33,1.08,2026-09-03T15:06:40Z
BOIA/O/E/ELS/08/11/0005,Bank of India ELSS Tax Saver Fund,Open Ended,Equity Schemes - ELSS- Tax Saver Fund,2026-09-02,2.33,1.08,2026-09-03T15:06:40Z
BOIA/O/E/FCF/20/05/0016,Bank of India Flexi Cap Fund,Open Ended,Equity Scheme - Flexi Cap Fund,2026-09-01,2.26,0.84,2026-09-03T15:06:40Z
BOIA/O/E/FCF/20/05/0016,Bank of India Flexi Cap Fund,Open Ended,Equity Scheme - Flexi Cap Fund,2026-09-02,2.26,0.84,2026-09-03T15:06:40Z
BOIA/O/E/LMF/08/07/0003,Bank of India Large & Mid Cap Fund,Open Ended,Equity Scheme - Large & Mid Cap Fund,2026-09-01,2.8,1.41,2026-09-03T15:06:40Z
BOIA/O/E/LMF/08/07/0003,Bank of India Large & Mid Cap Fund,Open Ended,Equity Scheme - Large & Mid Cap Fund,2026-09-02,2.8,1.41,2026-09-03T15:06:40Z
BOIA/O/E/LCF/20/07/0017,Bank of India Large Cap Fund,Open Ended,Equity Scheme - Large Cap Fund,2026-09-01,2.75,1.3,2026-09-03T15:06:40Z
BOIA/O/E/LCF/20/07/0017,Bank of India Large Cap Fund,Open Ended,Equity Scheme - Large Cap Fund,2026-09-02,2.75,1.3,2026-09-03T15:06:40Z
BOIA/O/D/LIF/08/06/0001,Bank of India Liquid Fund,Open Ended,Debt Scheme - Liquid Fund,2026-09-01,0.15,0.09,2026-09-03T15:06:40Z
BOIA/O/D/LIF/08/06/0001,Bank of India Liquid Fund,Open Ended,Debt Scheme - Liquid Fund,2026-09-02,0.15,0.09,2026-09-03T15:06:40Z
BOIA/O/E/SEC/09/12/0007,Bank of India Manufacturing & Infrastructure Fund,Open Ended,Equity Scheme - Sectoral/ Thematic,2026-09-01,2.59,0.99,2026-09-03T15:06:40Z
BOIA/O/E/SEC/09/12/0007,Bank of India Manufacturing & Infrastructure Fund,Open Ended,Equity Scheme - Sectoral/ Thematic,2026-09-02,2.59,0.99,2026-09-03T15:06:40Z
BOIA/O/E/MIF/25/06/0023,Bank of India Mid Cap Fund,Open Ended,Equity Schemes - Mid Cap Fund,2026-09-01,2.55,1.36,2026-09-03T15:06:40Z
BOIA/O/E/MIF/25/06/0023,Bank of India Mid Cap Fund,Open Ended,Equity Schemes - Mid Cap Fund,2026-09-02,2.55,1.36,2026-09-03T15:06:40Z
BOIA/C/E/ELS/17/10/0011,BANK OF INDIA MID CAP TAX FUND SERIES 1,Close Ended,ELSS,2026-09-01,1.34,1.02,2026-09-03T15:06:40Z
BOIA/C/E/ELS/17/10/0011,BANK OF INDIA MID CAP TAX FUND SERIES 1,Close Ended,ELSS,2026-09-02,1.34,1.02,2026-09-03T15:06:40Z
BOIA/C/E/ELS/18/06/0013,BANK OF INDIA MID CAP TAX FUND Series 2,Close Ended,ELSS,2026-09-01,1.4,1.1,2026-09-03T15:06:40Z
BOIA/C/E/ELS/18/06/0013,BANK OF INDIA MID CAP TAX FUND Series 2,Close Ended,ELSS,2026-09-02,1.4,1.1,2026-09-03T15:06:40Z
BOIA/O/D/MMF/24/12/0022,Bank of India Money Market Fund,Open Ended,Debt Scheme - Money Market Fund,2026-09-01,0.54,0.17,2026-09-03T15:06:40Z
BOIA/O/D/MMF/24/12/0022,Bank of India Money Market Fund,Open Ended,Debt Scheme - Money Market Fund,2026-09-02,0.54,0.17,2026-09-03T15:06:40Z
BOIA/O/H/MAA/24/01/0019,Bank of India Multi Asset Allocation Fund,Open Ended,Hybrid Scheme - Multi Asset Allocation,2026-09-01,2.26,1.11,2026-09-03T15:06:40Z
BOIA/O/H/MAA/24/01/0019,Bank of India Multi Asset Allocation Fund,Open Ended,Hybrid Scheme - Multi Asset Allocation,2026-09-02,2.26,1.11,2026-09-03T15:06:40Z
BOIA/O/E/MCF/22/10/0018,Bank of India Multi Cap Fund,Open Ended,Equity Scheme - Multi Cap Fund,2026-09-01,2.5,1.19,2026-09-03T15:06:40Z
BOIA/O/E/MCF/22/10/0018,Bank of India Multi Cap Fund,Open Ended,Equity Scheme - Multi Cap Fund,2026-09-02,2.5,1.19,2026-09-03T15:06:40Z
BOIA/O/D/ONF/20/01/0015,Bank of India Overnight Fund,Open Ended,Debt Scheme - Overnight Fund,2026-09-01,0.14,0.09,2026-09-03T15:06:40Z
BOIA/O/D/ONF/20/01/0015,Bank of India Overnight Fund,Open Ended,Debt Scheme - Overnight Fund,2026-09-02,0.14,0.09,2026-09-03T15:06:40Z
BOIA/O/D/SDF/08/10/0004,Bank of India Short Term Fund,Open Ended,Income/Debt Oriented Schemes - Short Term Fund,2026-09-01,1.19,0.54,2026-09-03T15:06:40Z
BOIA/O/D/SDF/08/10/0004,Bank of India Short Term Fund,Open Ended,Income/Debt Oriented Schemes - Short Term Fund,2026-09-02,1.19,0.54,2026-09-03T15:06:40Z
BOIA/O/E/SCF/18/09/0014,Bank of India Small Cap Fund,Open Ended,Equity Scheme - Small Cap Fund,2026-09-01,2.19,0.72,2026-09-03T15:06:40Z
BOIA/O/E/SCF/18/09/0014,Bank of India Small Cap Fund,Open Ended,Equity Scheme - Small Cap Fund,2026-09-02,2.19,0.72,2026-09-03T15:06:40Z
BOIA/O/D/USD/08/06/0002,Bank of India Ultra Short Term Fund,Open Ended,Income/Debt Oriented Schemes - Ultra Short Term Fund,2026-09-01,1.02,0.45,2026-09-03T15:06:40Z
BOIA/O/D/USD/08/06/0002,Bank of India Ultra Short Term Fund,Open Ended,Income/Debt Oriented Schemes - Ultra Short Term Fund,2026-09-02,1.02,0.45,2026-09-03T15:06:40Z
BBNP/O/H/AHF/17/01/0016,Baroda BNP Paribas Aggressive Hybrid Fund,Open Ended,Hybrid Scheme - Aggressive Hybrid Fund,2026-09-01,2.23,0.68,2026-09-03T15:06:40Z
BBNP/O/H/AHF/17/01/0016,Baroda BNP Paribas Aggressive Hybrid Fund,Open Ended,Hybrid Scheme - Aggressive Hybrid Fund,2026-09-02,2.23,0.68,2026-09-03T15:06:40Z
BBNP/O/O/FOO/21/02/0027,Baroda BNP Paribas Aqua Fund of Fund,Open Ended,Other Scheme - FoF Overseas,2026-09-01,1.58,0.56,2026-09-03T15:06:40Z
BBNP/O/O/FOO/21/02/0027,Baroda BNP Paribas Aqua Fund of Fund,Open Ended,Other Scheme - FoF Overseas,2026-09-02,1.58,0.56,2026-09-03T15:06:40Z
BBNP/O/H/ARB/16/08/0015,Baroda BNP Paribas Arbitrage Fund,Open Ended,Hybrid Scheme - Arbitrage Fund,2026-09-01,2.27,1.5,2026-09-03T15:06:40Z
BBNP/O/H/ARB/16/08/0015,Baroda BNP Paribas Arbitrage Fund,Open Ended,Hybrid Scheme - Arbitrage Fund,2026-09-02,2.27,1.5,2026-09-03T15:06:40Z
BBNP/O/H/BAF/18/07/0020,Baroda BNP Paribas Balanced Advantage Fund,Open Ended,Hybrid Schemes - Balanced Advantage Fund/ Dynamic Asset Allocation,2026-09-01,2.05,0.92,2026-09-03T15:06:40Z
BBNP/O/H/BAF/18/07/0020,Baroda BNP Paribas Balanced Advantage Fund,Open Ended,Hybrid Schemes - Balanced Advantage Fund/ Dynamic Asset Allocation,2026-09-02,2.05,0.92,2026-09-03T15:06:40Z
BBNP/O/E/SEC/11/12/0012,Baroda BNP Paribas Banking and Financial Services Fund,Open Ended,Equity Scheme - Sectoral/ Thematic,2026-09-01,2.7,1.09,2026-09-03T15:06:40Z
BBNP/O/E/SEC/11/12/0012,Baroda BNP Paribas Banking and Financial Services Fund,Open Ended,Equity Scheme - Sectoral/ Thematic,2026-09-02,2.7,1.09,2026-09-03T15:06:40Z
BBNP/O/E/THE/25/05/0052,Baroda BNP Paribas Business Conglomerates Fund,Open Ended,Equity Scheme - Sectoral/ Thematic,2026-09-01,2.5,0.93,2026-09-03T15:06:40Z
BBNP/O/E/THE/25/05/0052,Baroda BNP Paribas Business Conglomerates Fund,Open Ended,Equity Scheme - Sectoral/ Thematic,2026-09-02,2.5,0.93,2026-09-03T15:06:40Z
BBNP/O/E/THE/21/07/0028,Baroda BNP Paribas Business Cycle Fund,Open Ended,Equity Scheme - Sectoral/ Thematic,2026-09-01,2.49,1.04,2026-09-03T15:06:40Z
BBNP/O/E/THE/21/07/0028,Baroda BNP Paribas Business Cycle Fund,Open Ended,Equity Scheme - Sectoral/ Thematic,2026-09-02,2.49,1.04,2026-09-03T15:06:40Z
BBNP/O/S/CHI/24/09/0046,Baroda BNP Paribas Children's Fund,Open Ended,Solution Oriented Scheme - Children’s Fund,2026-09-01,2.68,1.32,2026-09-03T15:06:40Z
BBNP/O/S/CHI/24/09/0046,Baroda BNP Paribas Children's Fund,Open Ended,Solution Oriented Scheme - Children’s Fund,2026-09-02,2.68,1.32,2026-09-03T15:06:40Z
BBNP/O/H/CHF/04/07/0004,Baroda BNP Paribas Conservative Hybrid Fund,Open Ended,Hybrid Scheme - Conservative Hybrid Fund,2026-09-01,2.1,0.59,2026-09-03T15:06:40Z
BBNP/O/H/CHF/04/07/0004,Baroda BNP Paribas Conservative Hybrid Fund,Open Ended,Hybrid Scheme - Conservative Hybrid Fund,2026-09-02,2.1,0.59,2026-09-03T15:06:40Z
BBNP/O/D/CBF/08/07/0010,Baroda BNP Paribas Corporate Bond Fund,Open Ended,Debt Scheme - Corporate Bond Fund,2026-09-01,0.5,0.21,2026-09-03T15:06:40Z
BBNP/O/D/CBF/08/07/0010,Baroda BNP Paribas Corporate Bond Fund,Open Ended,Debt Scheme - Corporate Bond Fund,2026-09-02,0.5,0.21,2026-09-03T15:06:40Z
BBNP/O/E/DYF/24/03/0043,Baroda BNP Paribas Dividend Yield Fund,Open Ended,Equity Scheme - Dividend Yield Fund,2026-09-01,2.54,1.35,2026-09-03T15:06:40Z
BBNP/O/E/DYF/24/03/0043,Baroda BNP Paribas Dividend Yield Fund,Open Ended,Equity Scheme - Dividend Yield Fund,2026-09-02,2.54,1.35,2026-09-03T15:06:40Z
BBNP/O/D/DBF/04/07/0005,Baroda BNP Paribas Dynamic Term Fund,Open Ended,Income/Debt Oriented Schemes - Dynamic Term Fund,2026-09-01,1.72,0.74,2026-09-03T15:06:40Z
BBNP/O/D/DBF/04/07/0005,Baroda BNP Paribas Dynamic Term Fund,Open Ended,Income/Debt Oriented Schemes - Dynamic Term Fund,2026-09-02,1.72,0.74,2026-09-03T15:06:40Z
BBNP/O/E/ELS/05/09/0008,Baroda BNP Paribas ELSS Tax Saver Fund,Open Ended,Equity Scheme - ELSS,2026-09-01,2.48,1.28,2026-09-03T15:06:40Z
BBNP/O/E/ELS/05/09/0008,Baroda BNP Paribas ELSS Tax Saver Fund,Open Ended,Equity Scheme - ELSS,2026-09-02,2.48,1.28,2026-09-03T15:06:40Z
BBNP/O/E/THE/24/09/0047,Baroda BNP Paribas Energy Opportunities Fund,Open Ended,Equity Scheme - Sectoral/ Thematic,2026-09-01,2.62,1.57,2026-09-03T15:06:40Z
BBNP/O/E/THE/24/09/0047,Baroda BNP Paribas Energy Opportunities Fund,Open Ended,Equity Scheme - Sectoral/ Thematic,2026-09-02,2.62,1.57,2026-09-03T15:06:40Z
BBNP/O/H/ESF/19/02/0022,Baroda BNP Paribas Equity Savings Fund,Open Ended,Hybrid Scheme - Equity Savings,2026-09-01,2.81,1.68,2026-09-03T15:06:40Z
BBNP/O/H/ESF/19/02/0022,Baroda BNP Paribas Equity Savings Fund,Open Ended,Hybrid Scheme - Equity Savings,2026-09-02,2.81,1.68,2026-09-03T15:06:40Z
BBNP/O/E/THE/26/01/0053,Baroda BNP Paribas ESG Best-in-Class Strategy Fund,Open Ended,Equity Scheme - Sectoral/ Thematic,2026-09-01,2.72,1.17,2026-09-03T15:06:40Z
BBNP/O/E/THE/26/01/0053,Baroda BNP Paribas ESG Best-in-Class Strategy Fund,Open Ended,Equity Scheme - Sectoral/ Thematic,2026-09-02,2.72,1.17,2026-09-03T15:06:40Z
BNPP/O/E/FCF/22/05/0029,Baroda BNP Paribas Flexi Cap Fund,Open Ended,Equity Scheme - Flexi Cap Fund,2026-09-01,2.46,1.3,2026-09-03T15:06:40Z
BNPP/O/E/FCF/22/05/0029,Baroda BNP Paribas Flexi Cap Fund,Open Ended,Equity Scheme - Flexi Cap Fund,2026-09-02,2.46,1.3,2026-09-03T15:06:40Z
BBNP/O/E/FOC/17/06/0017,Baroda BNP Paribas Focused Fund,Open Ended,Equity Scheme - Focused Fund,2026-09-01,2.98,1.21,2026-09-03T15:06:40Z
BBNP/O/E/FOC/17/06/0017,Baroda BNP Paribas Focused Fund,Open Ended,Equity Scheme - Focused Fund,2026-09-02,2.98,1.21,2026-09-03T15:06:40Z
BBNP/O/D/GIL/02/01/0002,Baroda BNP Paribas Gilt Fund,Open Ended,Debt Scheme - Gilt Fund,2026-09-01,0.44,0.17,2026-09-03T15:06:40Z
BBNP/O/D/GIL/02/01/0002,Baroda BNP Paribas Gilt Fund,Open Ended,Debt Scheme - Gilt Fund,2026-09-02,0.44,0.17,2026-09-03T15:06:40Z
BBNP/O/O/GET/23/09/0037,Baroda BNP Paribas Gold ETF,Open Ended,Other Scheme - Gold ETF,2026-09-01,0.59,0.0,2026-09-03T15:06:40Z
BBNP/O/O/GET/23/09/0037,Baroda BNP Paribas Gold ETF,Open Ended,Other Scheme - Gold ETF,2026-09-02,0.59,0.0,2026-09-03T15:06:40Z
BBNP/O/O/FOD/25/04/0051,Baroda BNP Paribas Gold ETF Fund of Fund,Open Ended,Other Scheme - FoF Domestic,2026-09-01,0.48,0.12,2026-09-03T15:06:40Z
BBNP/O/O/FOD/25/04/0051,Baroda BNP Paribas Gold ETF Fund of Fund,Open Ended,Other Scheme - FoF Domestic,2026-09-02,0.48,0.12,2026-09-03T15:06:40Z
BBNP/O/E/THE/24/12/0050,Baroda BNP Paribas Health and Wellness Fund,Open Ended,Equity Scheme - Sectoral/ Thematic,2026-09-01,2.74,1.51,2026-09-03T15:06:40Z
BBNP/O/E/THE/24/12/0050,Baroda BNP Paribas Health and Wellness Fund,Open Ended,Equity Scheme - Sectoral/ Thematic,2026-09-02,2.74,1.51,2026-09-03T15:06:40Z
BBNP/O/H/FOD/25/04/0049,Baroda BNP Paribas Income Plus Arbitrage Active Fund of Funds,Open Ended,Other Scheme - FoF Domestic,2026-09-01,0.23,0.06,2026-09-03T15:06:40Z
BBNP/O/H/FOD/25/04/0049,Baroda BNP Paribas Income Plus Arbitrage Active Fund of Funds,Open Ended,Other Scheme - FoF Domestic,2026-09-02,0.23,0.06,2026-09-03T15:06:40Z
BBNP/O/E/THE/18/04/0018,Baroda BNP Paribas India Consumption Fund,Open Ended,Equity Scheme - Sectoral/ Thematic,2026-09-01,2.42,1.0,2026-09-03T15:06:40Z
BBNP/O/E/THE/18/04/0018,Baroda BNP Paribas India Consumption Fund,Open Ended,Equity Scheme - Sectoral/ Thematic,2026-09-02,2.42,1.0,2026-09-03T15:06:40Z
BBNP/O/E/THE/23/12/0039,Baroda BNP Paribas Innovation Fund,Open Ended,Equity Scheme - Sectoral/ Thematic,2026-09-01,2.56,1.33,2026-09-03T15:06:40Z
BBNP/O/E/THE/23/12/0039,Baroda BNP Paribas Innovation Fund,Open Ended,Equity Scheme - Sectoral/ Thematic,2026-09-02,2.56,1.33,2026-09-03T15:06:40Z
BBNP/O/E/LMF/19/11/0025,Baroda BNP Paribas Large and Mid Cap fund,Open Ended,Equity Scheme - Large & Mid Cap Fund,2026-09-01,2.34,1.12,2026-09-03T15:06:40Z
BBNP/O/E/LMF/19/11/0025,Baroda BNP Paribas Large and Mid Cap fund,Open Ended,Equity Scheme - Large & Mid Cap Fund,2026-09-02,2.34,1.12,2026-09-03T15:06:40Z
BBNP/O/E/LCF/04/07/0006,Baroda BNP Paribas Large Cap Fund,Open Ended,Equity Scheme - Large Cap Fund,2026-09-01,2.08,0.89,2026-09-03T15:06:40Z
BBNP/O/E/LCF/04/07/0006,Baroda BNP Paribas Large Cap Fund,Open Ended,Equity Scheme - Large Cap Fund,2026-09-02,2.08,0.89,2026-09-03T15:06:40Z
BBNP/O/D/LIF/02/01/0001,Baroda BNP Paribas Liquid Fund,Open Ended,Debt Scheme - Liquid Fund,2026-09-01,0.21,0.14,2026-09-03T15:06:40Z
BBNP/O/D/LIF/02/01/0001,Baroda BNP Paribas Liquid Fund,Open Ended,Debt Scheme - Liquid Fund,2026-09-02,0.21,0.14,2026-09-03T15:06:40Z
BBNP/O/E/THE/24/03/0041,Baroda BNP Paribas Manufacturing Fund,Open Ended,Equity Scheme - Sectoral/ Thematic,2026-09-01,2.43,1.31,2026-09-03T15:06:40Z
BBNP/O/E/THE/24/03/0041,Baroda BNP Paribas Manufacturing Fund,Open Ended,Equity Scheme - Sectoral/ Thematic,2026-09-02,2.43,1.31,2026-09-03T15:06:40Z
BBNP/O/E/MIF/06/01/0009,Baroda BNP Paribas Mid Cap Fund,Open Ended,Equity Scheme - Mid Cap Fund,2026-09-01,2.21,0.78,2026-09-03T15:06:40Z
BBNP/O/E/MIF/06/01/0009,Baroda BNP Paribas Mid Cap Fund,Open Ended,Equity Scheme - Mid Cap Fund,2026-09-02,2.21,0.78,2026-09-03T15:06:40Z
BBNP/O/D/MMF/19/03/0023,Baroda BNP Paribas Money Market Fund,Open Ended,Debt Scheme - Money Market Fund,2026-09-01,0.4,0.17,2026-09-03T15:06:40Z
BBNP/O/D/MMF/19/03/0023,Baroda BNP Paribas Money Market Fund,Open Ended,Debt Scheme - Money Market Fund,2026-09-02,0.4,0.17,2026-09-03T15:06:40Z
BBNP/O/H/FOD/25/04/0048,Baroda BNP Paribas Multi Asset Active Fund of Funds,Open Ended,Other Scheme - FoF Domestic,2026-09-01,1.1,0.27,2026-09-03T15:06:40Z
BBNP/O/H/FOD/25/04/0048,Baroda BNP Paribas Multi Asset Active Fund of Funds,Open Ended,Other Scheme - FoF Domestic,2026-09-02,1.1,0.27,2026-09-03T15:06:40Z
BBNP/O/E/MAA/22/09/0030,Baroda BNP Paribas Multi Asset Fund,Open Ended,Hybrid Scheme - Multi Asset Allocation,2026-09-01,2.06,0.92,2026-09-03T15:06:40Z
BBNP/O/E/MAA/22/09/0030,Baroda BNP Paribas Multi Asset Fund,Open Ended,Hybrid Scheme - Multi Asset Allocation,2026-09-02,2.06,0.92,2026-09-03T15:06:40Z
BBNP/O/E/MCF/03/02/0003,Baroda BNP Paribas Multi Cap Fund,Open Ended,Equity Scheme - Multi Cap Fund,2026-09-01,2.25,1.2,2026-09-03T15:06:40Z
BBNP/O/E/MCF/03/02/0003,Baroda BNP Paribas Multi Cap Fund,Open Ended,Equity Scheme - Multi Cap Fund,2026-09-02,2.25,1.2,2026-09-03T15:06:40Z
BBNP/O/O/EIN/23/10/0038,Baroda BNP Paribas Nifty 50 Index Fund,Open Ended,Other Scheme - Index Funds,2026-09-01,0.8,0.49,2026-09-03T15:06:40Z
BBNP/O/O/EIN/23/10/0038,Baroda BNP Paribas Nifty 50 Index Fund,Open Ended,Other Scheme - Index Funds,2026-09-02,0.8,0.49,2026-09-03T15:06:40Z
BBNP/O/O/EET/23/12/0042,Baroda BNP Paribas NIFTY BANK ETF,Open Ended,Other Scheme - Other  ETFs,2026-09-01,0.54,0.0,2026-09-03T15:06:40Z
BBNP/O/O/EET/23/12/0042,Baroda BNP Paribas NIFTY BANK ETF,Open Ended,Other Scheme - Other  ETFs,2026-09-02,0.54,0.0,2026-09-03T15:06:40Z
BBNP/O/O/EIN/24/07/0045,Baroda BNP Paribas NIFTY Midcap 150 Index Fund,Open Ended,Other Scheme - Index Funds,2026-09-01,1.21,0.54,2026-09-03T15:06:40Z
BBNP/O/O/EIN/24/07/0045,Baroda BNP Paribas NIFTY Midcap 150 Index Fund,Open Ended,Other Scheme - Index Funds,2026-09-02,1.21,0.54,2026-09-03T15:06:40Z
BBNP/O/O/DIN/23/02/0033,Baroda BNP Paribas NIFTY SDL December 2028 Index Fund,Open Ended,Other Scheme - Index Funds,2026-09-01,0.53,0.25,2026-09-03T15:06:40Z
BBNP/O/O/DIN/23/02/0033,Baroda BNP Paribas NIFTY SDL December 2028 Index Fund,Open Ended,Other Scheme - Index Funds,2026-09-02,0.53,0.25,2026-09-03T15:06:40Z
BBNP/O/O/EIN/24/07/0044,Baroda BNP Paribas Nifty200 Momentum 30 Index Fund,Open Ended,Other Scheme - Index Funds,2026-09-01,1.71,1.09,2026-09-03T15:06:40Z
BBNP/O/O/EIN/24/07/0044,Baroda BNP Paribas Nifty200 Momentum 30 Index Fund,Open Ended,Other Scheme - Index Funds,2026-09-02,1.71,1.09,2026-09-03T15:06:40Z
BBNP/O/D/ONF/19/03/0024,Baroda BNP Paribas Overnight Fund,Open Ended,Debt Scheme - Overnight Fund,2026-09-01,0.12,0.07,2026-09-03T15:06:40Z
BBNP/O/D/ONF/19/03/0024,Baroda BNP Paribas Overnight Fund,Open Ended,Debt Scheme - Overnight Fund,2026-09-02,0.12,0.07,2026-09-03T15:06:40Z
BBNP/O/S/RET/24/03/0040,Baroda BNP Paribas Retirement Fund,Open Ended,Solution Oriented Scheme - Retirement Fund,2026-09-01,2.57,1.18,2026-09-03T15:06:40Z
BBNP/O/S/RET/24/03/0040,Baroda BNP Paribas Retirement Fund,Open Ended,Solution Oriented Scheme - Retirement Fund,2026-09-02,2.57,1.18,2026-09-03T15:06:40Z
BBNP/O/E /THE/26/05/0054,Baroda BNP Paribas Services Fund,Open Ended,Equity Schemes - Thematic Fund,2026-09-01,4.52,2.63,2026-09-03T15:06:40Z
BBNP/O/E /THE/26/05/0054,Baroda BNP Paribas Services Fund,Open Ended,Equity Schemes - Thematic Fund,2026-09-02,4.52,2.63,2026-09-03T15:06:40Z
BBNP/O/D/SDF/10/05/0011,Baroda BNP Paribas Short Term Fund (the scheme has 2 segregated portfolios),Open Ended,Income/Debt Oriented Schemes - Short Term Fund,2026-09-01,1.04,0.43,2026-09-03T15:06:40Z
BBNP/O/D/SDF/10/05/0011,Baroda BNP Paribas Short Term Fund (the scheme has 2 segregated portfolios),Open Ended,Income/Debt Oriented Schemes - Short Term Fund,2026-09-02,1.04,0.43,2026-09-03T15:06:40Z
BBNP/O/E/SCF/23/08/0036,Baroda BNP Paribas Small Cap Fund,Open Ended,Equity Scheme - Small Cap Fund,2026-09-01,2.45,1.21,2026-09-03T15:06:40Z
BBNP/O/E/SCF/23/08/0036,Baroda BNP Paribas Small Cap Fund,Open Ended,Equity Scheme - Small Cap Fund,2026-09-02,2.45,1.21,2026-09-03T15:06:40Z
BBNP/O/D/USD/18/04/0019,Baroda BNP Paribas Ultra Short Term Fund,Open Ended,Income/Debt Oriented Schemes - Ultra Short Term Fund,2026-09-01,0.43,0.28,2026-09-03T15:06:40Z
BBNP/O/D/USD/18/04/0019,Baroda BNP Paribas Ultra Short Term Fund,Open Ended,Income/Debt Oriented Schemes - Ultra Short Term Fund,2026-09-02,0.43,0.28,2026-09-03T15:06:40Z
BBNP/O/D/LOW/05/08/0007,Baroda BNP Paribas Ultra Short to Short Term Fund,Open Ended,Income/Debt Oriented Schemes - Ultra Short to Short Term Fund,2026-09-01,1.05,0.29,2026-09-03T15:06:40Z
BBNP/O/D/LOW/05/08/0007,Baroda BNP Paribas Ultra Short to Short Term Fund,Open Ended,Income/Debt Oriented Schemes - Ultra Short to Short Term Fund,2026-09-02,1.05,0.29,2026-09-03T15:06:40Z
BBNP/O/E/VAF/23/04/0034,Baroda BNP Paribas Value Fund,Open Ended,Equity Scheme - Value Fund,2026-09-01,2.39,1.33,2026-09-03T15:06:40Z
BBNP/O/E/VAF/23/04/0034,Baroda BNP Paribas Value Fund,Open Ended,Equity Scheme - Value Fund,2026-09-02,2.4,1.33,2026-09-03T15:06:40Z
ICIC/O/O/EET/17/10/0057,BHARAT 22 ETF,Open Ended,Other Scheme - Other  ETFs,2026-09-01,0.07,0.0,2026-09-03T15:06:40Z
ICIC/O/O/EET/17/10/0057,BHARAT 22 ETF,Open Ended,Other Scheme - Other  ETFs,2026-09-02,0.07,0.0,2026-09-03T15:06:40Z
EDEL/O/D/DET/19/12/0026,Bharat Bond ETF - April 2030,Open Ended,Other Scheme - Other  ETFs,2026-09-01,0.0,0.01,2026-09-03T15:06:40Z
EDEL/O/D/DET/19/12/0026,Bharat Bond ETF - April 2030,Open Ended,Other Scheme - Other  ETFs,2026-09-02,0.0,0.01,2026-09-03T15:06:40Z
EDEL/O/D/DET/21/11/0039,Bharat Bond ETF - April 2032,Open Ended,Other Scheme - Other  ETFs,2026-09-01,0.0,0.01,2026-09-03T15:06:40Z
EDEL/O/D/DET/21/11/0039,Bharat Bond ETF - April 2032,Open Ended,Other Scheme - Other  ETFs,2026-09-02,0.0,0.01,2026-09-03T15:06:40Z
EDEL/O/O/DET/22/11/0050,Bharat Bond ETF - April 2033,Open Ended,Other Scheme - Other  ETFs,2026-09-01,0.0,0.01,2026-09-03T15:06:40Z
EDEL/O/O/DET/22/11/0050,Bharat Bond ETF - April 2033,Open Ended,Other Scheme - Other  ETFs,2026-09-02,0.0,0.01,2026-09-03T15:06:40Z
EDEL/O/O/FOD/21/11/0040,Bharat Bond ETF FOF - April 2032,Open Ended,Other Scheme - FoF Domestic,2026-09-01,0.03,0.03,2026-09-03T15:06:40Z
EDEL/O/O/FOD/21/11/0040,Bharat Bond ETF FOF - April 2032,Open Ended,Other Scheme - FoF Domestic,2026-09-02,0.03,0.03,2026-09-03T15:06:40Z
EDEL/O/O/FOD/22/11/0051,Bharat Bond ETF FOF - April 2033,Open Ended,Other Scheme - FoF Domestic,2026-09-01,0.03,0.03,2026-09-03T15:06:40Z
EDEL/O/O/FOD/22/11/0051,Bharat Bond ETF FOF - April 2033,Open Ended,Other Scheme - FoF Domestic,2026-09-02,0.03,0.03,2026-09-03T15:06:40Z
EDEL/O/D/DET/20/07/0030,Bharat Bond ETF- April 2031,Open Ended,Other Scheme - Other  ETFs,2026-09-01,0.0,0.01,2026-09-03T15:06:40Z
EDEL/O/D/DET/20/07/0030,Bharat Bond ETF- April 2031,Open Ended,Other Scheme - Other  ETFs,2026-09-02,0.0,0.01,2026-09-03T15:06:40Z
EDEL/O/O/FOD/19/12/0028,Bharat Bond FOF - April 2030,Open Ended,Other Scheme - FoF Domestic,2026-09-01,0.02,0.02,2026-09-03T15:06:40Z
EDEL/O/O/FOD/19/12/0028,Bharat Bond FOF - April 2030,Open Ended,Other Scheme - FoF Domestic,2026-09-02,0.02,0.02,2026-09-03T15:06:40Z
EDEL/O/O/FOD/20/07/0032,Bharat Bond FOF- April 2031,Open Ended,Other Scheme - FoF Domestic,2026-09-01,0.02,0.02,2026-09-03T15:06:40Z
EDEL/O/O/FOD/20/07/0032,Bharat Bond FOF- April 2031,Open Ended,Other Scheme - FoF Domestic,2026-09-02,0.02,0.02,2026-09-03T15:06:40Z
CANA/O/H/BHF/93/02/0002,Canara Robeco Aggressive Hybrid Fund,Open Ended,Hybrid Schemes - Aggressive Hybrid Fund,2026-09-01,1.79,0.67,2026-09-03T15:06:40Z
CANA/O/H/BHF/93/02/0002,Canara Robeco Aggressive Hybrid Fund,Open Ended,Hybrid Schemes - Aggressive Hybrid Fund,2026-09-02,1.79,0.67,2026-09-03T15:06:40Z
CANA/O/H/BAF/24/04/0026,Canara Robeco Balanced Advantage Fund,Open Ended,Hybrid Schemes - Balanced Advantage Fund/ Dynamic Asset Allocation,2026-09-01,2.37,0.99,2026-09-03T15:06:40Z
CANA/O/H/BAF/24/04/0026,Canara Robeco Balanced Advantage Fund,Open Ended,Hybrid Schemes - Balanced Advantage Fund/ Dynamic Asset Allocation,2026-09-02,2.37,0.99,2026-09-03T15:06:40Z
CANA/O/E/SEC/26/01/0028,Canara Robeco Banking and Financial Services Fund,Open Ended,Equity Schemes - Sectoral Fund,2026-09-01,2.65,1.07,2026-09-03T15:06:40Z
CANA/O/E/SEC/26/01/0028,Canara Robeco Banking and Financial Services Fund,Open Ended,Equity Schemes - Sectoral Fund,2026-09-02,2.66,1.07,2026-09-03T15:06:40Z
CANA/O/D/BPF/22/02/0022,Canara Robeco Banking and PSU Debt Fund,Open Ended,Income/Debt Oriented Schemes - Banking and PSU Debt Fund,2026-09-01,0.7,0.39,2026-09-03T15:06:40Z
CANA/O/D/BPF/22/02/0022,Canara Robeco Banking and PSU Debt Fund,Open Ended,Income/Debt Oriented Schemes - Banking and PSU Debt Fund,2026-09-02,0.7,0.39,2026-09-03T15:06:40Z
CANA/O/H/CHF/88/04/0001,Canara Robeco Conservative Hybrid Fund,Open Ended,Hybrid Schemes - Conservative Hybrid Fund,2026-09-01,1.86,0.74,2026-09-03T15:06:40Z
CANA/O/H/CHF/88/04/0001,Canara Robeco Conservative Hybrid Fund,Open Ended,Hybrid Schemes - Conservative Hybrid Fund,2026-09-02,1.86,0.74,2026-09-03T15:06:40Z
CANA/O/E/THE/09/05/0013,Canara Robeco Consumption Fund,Open Ended,Equity Schemes - Thematic Fund,2026-09-01,2.15,0.92,2026-09-03T15:06:40Z
CANA/O/E/THE/09/05/0013,Canara Robeco Consumption Fund,Open Ended,Equity Schemes - Thematic Fund,2026-09-02,2.16,0.93,2026-09-03T15:06:40Z
CANA/O/D/CBF/13/11/0016,Canara Robeco Corporate Bond Fund,Open Ended,Income/Debt Oriented Schemes - Corporate Bond Fund,2026-09-01,1.0,0.37,2026-09-03T15:06:40Z
CANA/O/D/CBF/13/11/0016,Canara Robeco Corporate Bond Fund,Open Ended,Income/Debt Oriented Schemes - Corporate Bond Fund,2026-09-02,1.0,0.37,2026-09-03T15:06:40Z
CANA/O/D/DBF/09/02/0012,Canara Robeco Dynamic Term Fund,Open Ended,Income/Debt Oriented Schemes - Dynamic Term Fund,2026-09-01,1.71,0.72,2026-09-03T15:06:40Z
CANA/O/D/DBF/09/02/0012,Canara Robeco Dynamic Term Fund,Open Ended,Income/Debt Oriented Schemes - Dynamic Term Fund,2026-09-02,1.71,0.72,2026-09-03T15:06:40Z
CANA/O/E/ELS/93/03/0003,Canara Robeco ELSS - Tax Saver Fund,Open Ended,Equity Schemes - ELSS- Tax Saver Fund,2026-09-01,1.83,0.69,2026-09-03T15:06:40Z
CANA/O/E/ELS/93/03/0003,Canara Robeco ELSS - Tax Saver Fund,Open Ended,Equity Schemes - ELSS- Tax Saver Fund,2026-09-02,1.83,0.69,2026-09-03T15:06:40Z
CANA/O/E/FCF/03/07/0008,Canara Robeco Flexi Cap Fund,Open Ended,Equity Schemes - Flexi Cap Fund,2026-09-01,1.81,0.66,2026-09-03T15:06:40Z
CANA/O/E/FCF/03/07/0008,Canara Robeco Flexi Cap Fund,Open Ended,Equity Schemes - Flexi Cap Fund,2026-09-02,1.81,0.66,2026-09-03T15:06:40Z
CANA/O/E/FOC/21/02/0020,Canara Robeco Focused Fund,Open Ended,Equity Schemes - Focused Fund,2026-09-01,2.18,0.78,2026-09-03T15:06:40Z
CANA/O/E/FOC/21/02/0020,Canara Robeco Focused Fund,Open Ended,Equity Schemes - Focused Fund,2026-09-02,2.18,0.78,2026-09-03T15:06:40Z
CANA/O/D/GIL/99/10/0004,Canara Robeco Gilt Fund,Open Ended,Income/Debt Oriented Schemes - Gilt Fund,2026-09-01,1.23,0.47,2026-09-03T15:06:40Z
CANA/O/D/GIL/99/10/0004,Canara Robeco Gilt Fund,Open Ended,Income/Debt Oriented Schemes - Gilt Fund,2026-09-02,1.23,0.47,2026-09-03T15:06:40Z
CANA/O/E/THE/05/08/0011,Canara Robeco Infrastructure Fund,Open Ended,Equity Schemes - Thematic Fund,2026-09-01,2.36,1.1,2026-09-03T15:06:40Z
CANA/O/E/THE/05/08/0011,Canara Robeco Infrastructure Fund,Open Ended,Equity Schemes - Thematic Fund,2026-09-02,2.36,1.1,2026-09-03T15:06:40Z
CANA/O/E/LMF/05/02/0010,Canara Robeco Large and Mid Cap Fund,Open Ended,Equity Schemes - Large & Mid Cap Fund,2026-09-01,1.75,0.76,2026-09-03T15:06:40Z
CANA/O/E/LMF/05/02/0010,Canara Robeco Large and Mid Cap Fund,Open Ended,Equity Schemes - Large & Mid Cap Fund,2026-09-02,1.75,0.76,2026-09-03T15:06:40Z
CANA/O/E/LCF/10/03/0014,Canara Robeco Large Cap Fund,Open Ended,Equity Schemes - Large Cap Fund,2026-09-01,1.74,0.6,2026-09-03T15:06:40Z
CANA/O/E/LCF/10/03/0014,Canara Robeco Large Cap Fund,Open Ended,Equity Schemes - Large Cap Fund,2026-09-02,1.74,0.6,2026-09-03T15:06:40Z
CANA/O/D/LIF/02/01/0005,Canara Robeco Liquid Fund,Open Ended,Income/Debt Oriented Schemes - Liquid Fund,2026-09-01,0.17,0.08,2026-09-03T15:06:40Z
CANA/O/D/LIF/02/01/0005,Canara Robeco Liquid Fund,Open Ended,Income/Debt Oriented Schemes - Liquid Fund,2026-09-02,0.17,0.08,2026-09-03T15:06:40Z
CANA/O/E/THE/23/12/0025,Canara Robeco Manufacturing Fund,Open Ended,Equity Schemes - Thematic Fund,2026-09-01,2.22,0.95,2026-09-03T15:06:40Z
CANA/O/E/THE/23/12/0025,Canara Robeco Manufacturing Fund,Open Ended,Equity Schemes - Thematic Fund,2026-09-02,2.22,0.95,2026-09-03T15:06:40Z
CANA/O/D/MLD/02/05/0006,Canara Robeco Medium to Long Term Fund,Open Ended,Income/Debt Oriented Schemes - Medium to Long Term Fund,2026-09-01,1.84,0.78,2026-09-03T15:06:40Z
CANA/O/D/MLD/02/05/0006,Canara Robeco Medium to Long Term Fund,Open Ended,Income/Debt Oriented Schemes - Medium to Long Term Fund,2026-09-02,1.84,0.78,2026-09-03T15:06:40Z
CANA/O/E/MIF/21/12/0023,Canara Robeco Mid Cap Fund,Open Ended,Equity Schemes - Mid Cap Fund,2026-09-01,2.1,0.86,2026-09-03T15:06:40Z
CANA/O/E/MIF/21/12/0023,Canara Robeco Mid Cap Fund,Open Ended,Equity Schemes - Mid Cap Fund,2026-09-02,2.11,0.86,2026-09-03T15:06:40Z
CANA/O/H/MAA/25/02/0027,Canara Robeco Multi Asset Allocation Fund,Open Ended,Hybrid Schemes - Multi Asset Allocation Fund,2026-09-01,2.35,0.94,2026-09-03T15:06:40Z
CANA/O/H/MAA/25/02/0027,Canara Robeco Multi Asset Allocation Fund,Open Ended,Hybrid Schemes - Multi Asset Allocation Fund,2026-09-02,2.36,0.95,2026-09-03T15:06:40Z
CANA/O/E/MCF/23/02/0024,Canara Robeco Multi Cap Fund,Open Ended,Equity Schemes - Multi Cap Fund,2026-09-01,1.97,0.64,2026-09-03T15:06:40Z
CANA/O/E/MCF/23/02/0024,Canara Robeco Multi Cap Fund,Open Ended,Equity Schemes - Multi Cap Fund,2026-09-02,1.97,0.64,2026-09-03T15:06:40Z
CANA/O/D/ONF/19/06/0019,Canara Robeco Overnight Fund,Open Ended,Income/Debt Oriented Schemes - Overnight Fund,2026-09-01,0.11,0.08,2026-09-03T15:06:40Z
CANA/O/D/ONF/19/06/0019,Canara Robeco Overnight Fund,Open Ended,Income/Debt Oriented Schemes - Overnight Fund,2026-09-02,0.11,0.08,2026-09-03T15:06:40Z
CANA/O/D/SDF/10/10/0015,Canara Robeco Short Term Fund,Open Ended,Income/Debt Oriented Schemes - Short Term Fund,2026-09-01,0.99,0.36,2026-09-03T15:06:40Z
CANA/O/D/SDF/10/10/0015,Canara Robeco Short Term Fund,Open Ended,Income/Debt Oriented Schemes - Short Term Fund,2026-09-02,0.99,0.36,2026-09-03T15:06:40Z
CANA/O/E/SCF/18/12/0018,Canara Robeco Small Cap Fund,Open Ended,Equity Schemes - Small Cap Fund,2026-09-01,1.83,0.67,2026-09-03T15:06:40Z
CANA/O/E/SCF/18/12/0018,Canara Robeco Small Cap Fund,Open Ended,Equity Schemes - Small Cap Fund,2026-09-02,1.84,0.68,2026-09-03T15:06:40Z
CANA/O/D/USD/03/03/0007,Canara Robeco Ultra Short Term Fund,Open Ended,Income/Debt Oriented Schemes - Ultra Short Term Fund,2026-09-01,0.92,0.35,2026-09-03T15:06:40Z
CANA/O/D/USD/03/03/0007,Canara Robeco Ultra Short Term Fund,Open Ended,Income/Debt Oriented Schemes - Ultra Short Term Fund,2026-09-02,0.92,0.35,2026-09-03T15:06:40Z
CANA/O/D/LOW/04/12/0009,Canara Robeco Ultra Short to Short Term Fund,Open Ended,Income/Debt Oriented Schemes - Ultra Short to Short Term Fund,2026-09-01,0.46,0.21,2026-09-03T15:06:40Z
CANA/O/D/LOW/04/12/0009,Canara Robeco Ultra Short to Short Term Fund,Open Ended,Income/Debt Oriented Schemes - Ultra Short to Short Term Fund,2026-09-02,0.46,0.21,2026-09-03T15:06:40Z
CANA/O/E/VAF/21/02/0021,Canara Robeco Value Fund,Open Ended,Equity Schemes - Value Fund,2026-09-01,2.25,0.82,2026-09-03T15:06:40Z
CANA/O/E/VAF/21/02/0021,Canara Robeco Value Fund,Open Ended,Equity Schemes - Value Fund,2026-09-02,2.25,0.82,2026-09-03T15:06:40Z
CMND/O/H/ARB/26/01/0004,CAPITALMIND ARBITRAGE FUND,Open Ended,Hybrid Scheme - Arbitrage Fund,2026-09-01,1.93,1.15,2026-09-03T15:06:40Z
CMND/O/H/ARB/26/01/0004,CAPITALMIND ARBITRAGE FUND,Open Ended,Hybrid Scheme - Arbitrage Fund,2026-09-02,1.93,1.15,2026-09-03T15:06:40Z
CMND/O/E /FCF/25/06/0001,CAPITALMIND FLEXI CAP FUND,Open Ended,Equity Scheme - Flexi Cap Fund,2026-09-01,3.16,1.72,2026-09-03T15:06:40Z
CMND/O/E /FCF/25/06/0001,CAPITALMIND FLEXI CAP FUND,Open Ended,Equity Scheme - Flexi Cap Fund,2026-09-02,3.16,1.72,2026-09-03T15:06:40Z
CMND/O/D/LIF/25/11/0002,CAPITALMIND LIQUID FUND,Open Ended,Debt Scheme - Liquid Fund,2026-09-01,0.31,0.11,2026-09-03T15:06:40Z
CMND/O/D/LIF/25/11/0002,CAPITALMIND LIQUID FUND,Open Ended,Debt Scheme - Liquid Fund,2026-09-02,0.31,0.11,2026-09-03T15:06:40Z
CMND/O/H/MAA/26/01/0003,CAPITALMIND MULTI ASSET ALLOCATION FUND,Open Ended,Hybrid Scheme - Multi Asset Allocation,2026-09-01,2.47,0.98,2026-09-03T15:06:40Z
CMND/O/H/MAA/26/01/0003,CAPITALMIND MULTI ASSET ALLOCATION FUND,Open Ended,Hybrid Scheme - Multi Asset Allocation,2026-09-02,2.47,0.98,2026-09-03T15:06:40Z
CHMF/O/O /GET/25/10/0001,Choice Gold ETF,Open Ended,Other Scheme - Gold ETF,2026-09-01,0.0,0.51,2026-09-03T15:06:40Z
CHMF/O/O /GET/25/10/0001,Choice Gold ETF,Open Ended,Other Scheme - Gold ETF,2026-09-02,0.0,0.51,2026-09-03T15:06:40Z
CHMF/O/O/EIN/26/03/0002,Choice Nifty 50 Index Fund,Open Ended,Other Scheme - Index Funds,2026-09-01,1.06,0.76,2026-09-03T15:06:40Z
CHMF/O/O/EIN/26/03/0002,Choice Nifty 50 Index Fund,Open Ended,Other Scheme - Index Funds,2026-09-02,1.06,0.76,2026-09-03T15:06:40Z
CHMF/O/O/EIN/26/03/0003,Choice Nifty Next 50 Index Fund,Open Ended,Other Scheme - Index Funds,2026-09-01,1.15,0.75,2026-09-03T15:06:40Z
CHMF/O/O/EIN/26/03/0003,Choice Nifty Next 50 Index Fund,Open Ended,Other Scheme - Index Funds,2026-09-02,1.15,0.75,2026-09-03T15:06:40Z
CHMF/O/D/ONF/26/03/0004,Choice Overnight Fund,Open Ended,Income/Debt Oriented Schemes - Overnight Fund,2026-09-01,0.22,0.11,2026-09-03T15:06:40Z
CHMF/O/D/ONF/26/03/0004,Choice Overnight Fund,Open Ended,Income/Debt Oriented Schemes - Overnight Fund,2026-09-02,0.22,0.11,2026-09-03T15:06:40Z
DSPM/O/D/GTN/14/03/0027,DSP 10 year Constant Maturity Gilt Fund,Open Ended,Income/Debt Oriented Schemes - 10-year Constant Maturity Gilt Fund,2026-09-01,0.51,0.31,2026-09-03T15:06:40Z
DSPM/O/D/GTN/14/03/0027,DSP 10 year Constant Maturity Gilt Fund,Open Ended,Income/Debt Oriented Schemes - 10-year Constant Maturity Gilt Fund,2026-09-02,0.51,0.31,2026-09-03T15:06:40Z
DSPM/O/H/BHF/99/04/0004,DSP Aggressive Hybrid Fund,Open Ended,Hybrid Scheme - Aggressive Hybrid Fund,2026-09-01,1.84,0.79,2026-09-03T15:06:40Z
DSPM/O/H/BHF/99/04/0004,DSP Aggressive Hybrid Fund,Open Ended,Hybrid Scheme - Aggressive Hybrid Fund,2026-09-02,1.84,0.79,2026-09-03T15:06:40Z
DSPM/O/H/ARB/17/12/0033,DSP Arbitrage fund,Open Ended,Hybrid Scheme - Arbitrage Fund,2026-09-01,1.81,1.17,2026-09-03T15:06:40Z
DSPM/O/H/ARB/17/12/0033,DSP Arbitrage fund,Open Ended,Hybrid Scheme - Arbitrage Fund,2026-09-02,1.81,1.17,2026-09-03T15:06:40Z
DSPM/O/E/SEC/23/08/0067,DSP Banking & Financial Services Fund,Open Ended,Equity Schemes - Sectoral Fund,2026-09-01,2.16,0.77,2026-09-03T15:06:40Z
DSPM/O/E/SEC/23/08/0067,DSP Banking & Financial Services Fund,Open Ended,Equity Schemes - Sectoral Fund,2026-09-02,2.16,0.77,2026-09-03T15:06:40Z
DSPM/O/D/BPF/13/08/0025,DSP Banking and PSU Debt Fund,Open Ended,Income/Debt Oriented Schemes - Banking and PSU Debt Fund,2026-09-01,0.61,0.34,2026-09-03T15:06:40Z
DSPM/O/D/BPF/13/08/0025,DSP Banking and PSU Debt Fund,Open Ended,Income/Debt Oriented Schemes - Banking and PSU Debt Fund,2026-09-02,0.61,0.34,2026-09-03T15:06:40Z
DSPM/O/O/DET/24/02/0073,DSP BSE LIQUID RATE ETF,Open Ended,Other Scheme - Other  ETFs,2026-09-01,0.0,0.31,2026-09-03T15:06:40Z
DSPM/O/O/DET/24/02/0073,DSP BSE LIQUID RATE ETF,Open Ended,Other Scheme - Other  ETFs,2026-09-02,0.0,0.31,2026-09-03T15:06:40Z
DSPM/O/O/EET/26/07/0098,DSP BSE MidSmall Private Banks ETF,Open Ended,Exchange Traded Funds (ETFs) - Equity ETF,2026-09-01,0.0,1.68,2026-09-03T15:06:40Z
DSPM/O/O/EET/26/07/0098,DSP BSE MidSmall Private Banks ETF,Open Ended,Exchange Traded Funds (ETFs) - Equity ETF,2026-09-02,0.0,1.68,2026-09-03T15:06:40Z
DSPM/O/O/EET/23/02/0063,DSP BSE Sensex ETF,Open Ended,Other Scheme - Other  ETFs,2026-09-01,0.0,0.08,2026-09-03T15:06:40Z
DSPM/O/O/EET/23/02/0063,DSP BSE Sensex ETF,Open Ended,Other Scheme - Other  ETFs,2026-09-02,0.0,0.08,2026-09-03T15:06:40Z
DSPM/O/O/EET/24/10/0078,DSP BSE Sensex Next 30 ETF,Open Ended,Other Scheme - Other  ETFs,2026-09-01,0.0,0.22,2026-09-03T15:06:40Z
DSPM/O/O/EET/24/10/0078,DSP BSE Sensex Next 30 ETF,Open Ended,Other Scheme - Other  ETFs,2026-09-02,0.0,0.22,2026-09-03T15:06:40Z
DSPM/O/O/EIN/24/10/0079,DSP BSE Sensex Next 30 Index Fund,Open Ended,Other Scheme - Index Funds,2026-09-01,1.08,0.4,2026-09-03T15:06:40Z
DSPM/O/O/EIN/24/10/0079,DSP BSE Sensex Next 30 Index Fund,Open Ended,Other Scheme - Index Funds,2026-09-02,1.08,0.4,2026-09-03T15:06:40Z
DSPM/O/O/EET/26/02/0096,DSP BSE Top 10 Banks ETF,Open Ended,Other Scheme - Other  ETFs,2026-09-01,0.0,0.17,2026-09-03T15:06:40Z
DSPM/O/O/EET/26/02/0096,DSP BSE Top 10 Banks ETF,Open Ended,Other Scheme - Other  ETFs,2026-09-02,0.0,0.17,2026-09-03T15:06:40Z
DSPM/O/E/THE/24/06/0077,DSP Business Cycle Fund,Open Ended,Equity Schemes - Thematic Fund,2026-09-01,2.64,1.15,2026-09-03T15:06:40Z
DSPM/O/E/THE/24/06/0077,DSP Business Cycle Fund,Open Ended,Equity Schemes - Thematic Fund,2026-09-02,2.64,1.15,2026-09-03T15:06:40Z
DSPM/O/H/CHF/04/04/0012,DSP Conservative Hybrid Fund,Open Ended,Hybrid Schemes - Conservative Hybrid Fund,2026-09-01,1.25,0.64,2026-09-03T15:06:40Z
DSPM/O/H/CHF/04/04/0012,DSP Conservative Hybrid Fund,Open Ended,Hybrid Schemes - Conservative Hybrid Fund,2026-09-02,1.25,0.64,2026-09-03T15:06:40Z
DSPM/O/D/CBF/18/03/0034,DSP Corporate Bond Fund,Open Ended,Debt Scheme - Corporate Bond Fund,2026-09-01,0.54,0.29,2026-09-03T15:06:40Z
DSPM/O/D/CBF/18/03/0034,DSP Corporate Bond Fund,Open Ended,Debt Scheme - Corporate Bond Fund,2026-09-02,0.54,0.29,2026-09-03T15:06:40Z
DSPM/O/D/CRF/03/04/0010,DSP Credit Risk Fund,Open Ended,Debt Scheme - Credit Risk Fund,2026-09-01,1.22,0.43,2026-09-03T15:06:40Z
DSPM/O/D/CRF/03/04/0010,DSP Credit Risk Fund,Open Ended,Debt Scheme - Credit Risk Fund,2026-09-02,1.22,0.43,2026-09-03T15:06:40Z
DSPM/O/O/DIN/22/11/0056,DSP CRISIL-IBX 50:50 Gilt Plus SDL - April 2033 Index Fund,Open Ended,Other Scheme - Index Funds,2026-09-01,0.4,0.15,2026-09-03T15:06:40Z
DSPM/O/O/DIN/22/11/0056,DSP CRISIL-IBX 50:50 Gilt Plus SDL - April 2033 Index Fund,Open Ended,Other Scheme - Index Funds,2026-09-02,0.4,0.15,2026-09-03T15:06:40Z
DSPM/O/H/DAA/13/10/0026,DSP Dynamic Asset Allocation Fund,Open Ended,Hybrid Scheme - Dynamic Asset Allocation or Balanced Advantage,2026-09-01,2.26,1.04,2026-09-03T15:06:40Z
DSPM/O/H/DAA/13/10/0026,DSP Dynamic Asset Allocation Fund,Open Ended,Hybrid Scheme - Dynamic Asset Allocation or Balanced Advantage,2026-09-02,2.26,1.04,2026-09-03T15:06:40Z
DSPM/O/D/DBF/07/02/0017,DSP Dynamic Term Fund,Open Ended,Income/Debt Oriented Schemes - Dynamic Term Fund,2026-09-01,1.19,0.54,2026-09-03T15:06:40Z
DSPM/O/D/DBF/07/02/0017,DSP Dynamic Term Fund,Open Ended,Income/Debt Oriented Schemes - Dynamic Term Fund,2026-09-02,1.19,0.54,2026-09-03T15:06:40Z
DSPM/O/E/ELS/06/11/0016,DSP ELSS Tax Saver Fund,Open Ended,Equity Schemes - ELSS- Tax Saver Fund,2026-09-01,1.8,0.91,2026-09-03T15:06:40Z
DSPM/O/E/ELS/06/11/0016,DSP ELSS Tax Saver Fund,Open Ended,Equity Schemes - ELSS- Tax Saver Fund,2026-09-02,1.8,0.91,2026-09-03T15:06:40Z
DSPM/O/H/ESF/15/09/0030,DSP Equity Savings Fund,Open Ended,Hybrid Scheme - Equity Savings,2026-09-01,1.96,1.09,2026-09-03T15:06:40Z
DSPM/O/H/ESF/15/09/0030,DSP Equity Savings Fund,Open Ended,Hybrid Scheme - Equity Savings,2026-09-02,1.96,1.09,2026-09-03T15:06:40Z
DSPM/O/D/SEC/26/07/0100,DSP Financial Services Sectoral Debt Fund,Open Ended,Income/Debt Oriented Schemes - Sectoral Fund,2026-09-01,0.69,0.52,2026-09-03T15:06:40Z
DSPM/O/D/SEC/26/07/0100,DSP Financial Services Sectoral Debt Fund,Open Ended,Income/Debt Oriented Schemes - Sectoral Fund,2026-09-02,0.69,0.52,2026-09-03T15:06:40Z
DSPM/O/E/FCF/97/03/0001,DSP Flexi Cap Fund,Open Ended,Equity Scheme - Flexi Cap Fund,2026-09-01,1.87,0.85,2026-09-03T15:06:40Z
DSPM/O/E/FCF/97/03/0001,DSP Flexi Cap Fund,Open Ended,Equity Scheme - Flexi Cap Fund,2026-09-02,1.87,0.85,2026-09-03T15:06:40Z
DSPM/O/D/FLF/21/02/0043,DSP Floating Interest Rates Fund,Open Ended,Income/Debt Oriented Schemes - Floating Interest Rates Fund,2026-09-01,0.57,0.28,2026-09-03T15:06:40Z
DSPM/O/D/FLF/21/02/0043,DSP Floating Interest Rates Fund,Open Ended,Income/Debt Oriented Schemes - Floating Interest Rates Fund,2026-09-02,0.57,0.28,2026-09-03T15:06:40Z
DSPM/C/D/FTP/21/05/0044,DSP FMP Series - 264 - 60M - 17D,Close Ended,Income,2026-09-01,0.26,0.1,2026-09-03T15:06:40Z
DSPM/C/D/FTP/21/05/0044,DSP FMP Series - 264 - 60M - 17D,Close Ended,Income,2026-09-02,0.26,0.1,2026-09-03T15:06:40Z
DSPM/C/D/FTP/22/09/0052,DSP FMP Series - 267 - 1172 Days,Close Ended,Income,2026-09-01,0.21,0.11,2026-09-03T15:06:40Z
DSPM/C/D/FTP/22/09/0052,DSP FMP Series - 267 - 1172 Days,Close Ended,Income,2026-09-02,0.21,0.11,2026-09-03T15:06:40Z
DSPM/C/D/FTP/22/09/0058,DSP FMP Series - 270 - 1172 Days,Close Ended,Income,2026-09-01,0.21,0.11,2026-09-03T15:06:40Z
DSPM/C/D/FTP/22/09/0058,DSP FMP Series - 270 - 1172 Days,Close Ended,Income,2026-09-02,0.21,0.11,2026-09-03T15:06:40Z
DSPM/O/E/FOC/10/03/0022,DSP Focused Fund,Open Ended,Equity Scheme - Focused Fund,2026-09-01,2.11,1.1,2026-09-03T15:06:40Z
DSPM/O/E/FOC/10/03/0022,DSP Focused Fund,Open Ended,Equity Scheme - Focused Fund,2026-09-02,2.11,1.1,2026-09-03T15:06:40Z
DSPM/O/D/GIL/99/09/0005,DSP Gilt Fund,Open Ended,Debt Scheme - Gilt Fund,2026-09-01,1.2,0.59,2026-09-03T15:06:40Z
DSPM/O/D/GIL/99/09/0005,DSP Gilt Fund,Open Ended,Debt Scheme - Gilt Fund,2026-09-02,1.2,0.59,2026-09-03T15:06:40Z
DSPM/O/O/FOO/09/06/0020,DSP Global Clean Energy Overseas Equity Omni FoF,Open Ended,Other Scheme - FoF Overseas,2026-09-01,2.3,1.78,2026-09-03T15:06:40Z
DSPM/O/O/FOO/09/06/0020,DSP Global Clean Energy Overseas Equity Omni FoF,Open Ended,Other Scheme - FoF Overseas,2026-09-02,2.3,1.78,2026-09-03T15:06:40Z
DSPM/O/O/FOO/21/08/0048,DSP Global Innovation Overseas Equity Omni FoF,Open Ended,Other Scheme - FoF Overseas,2026-09-01,2.05,1.18,2026-09-03T15:06:40Z
DSPM/O/O/FOO/21/08/0048,DSP Global Innovation Overseas Equity Omni FoF,Open Ended,Other Scheme - FoF Overseas,2026-09-02,2.05,1.18,2026-09-03T15:06:40Z
DSPM/O/O/GET/23/02/0060,DSP GOLD ETF,Open Ended,Exchange Traded Funds (ETFs) - Gold ETF,2026-09-01,0.0,0.45,2026-09-03T15:06:40Z
DSPM/O/O/GET/23/02/0060,DSP GOLD ETF,Open Ended,Exchange Traded Funds (ETFs) - Gold ETF,2026-09-02,0.0,0.45,2026-09-03T15:06:40Z
DSPM/O/O/FOD/23/05/0066,DSP Gold ETF Fund of Fund,Open Ended,Other Scheme - FoF Domestic,2026-09-01,1.0,0.64,2026-09-03T15:06:40Z
DSPM/O/O/FOD/23/05/0066,DSP Gold ETF Fund of Fund,Open Ended,Other Scheme - FoF Domestic,2026-09-02,1.0,0.64,2026-09-03T15:06:40Z
DSPM/O/E/SEC/18/05/0035,DSP Healthcare Fund,Open Ended,Equity Schemes - Sectoral Fund,2026-09-01,2.05,0.74,2026-09-03T15:06:40Z
DSPM/O/E/SEC/18/05/0035,DSP Healthcare Fund,Open Ended,Equity Schemes - Sectoral Fund,2026-09-02,2.05,0.74,2026-09-03T15:06:40Z
DSPM/O/O/FOO/14/06/0028,DSP Income Plus Arbitrage Omni FoF,Open Ended,Other Scheme - FoF Domestic,2026-09-01,0.86,0.43,2026-09-03T15:06:40Z
DSPM/O/O/FOO/14/06/0028,DSP Income Plus Arbitrage Omni FoF,Open Ended,Other Scheme - FoF Domestic,2026-09-02,0.86,0.43,2026-09-03T15:06:40Z
DSPM/O/E/SEC/04/04/0011,DSP India T.I.G.E.R. Fund,Open Ended,Equity Schemes - Thematic Fund,2026-09-01,2.03,1.06,2026-09-03T15:06:40Z
DSPM/O/E/SEC/04/04/0011,DSP India T.I.G.E.R. Fund,Open Ended,Equity Schemes - Thematic Fund,2026-09-02,2.03,1.06,2026-09-03T15:06:40Z
DSPM/O/E/LMF/00/02/0007,DSP Large & Mid Cap Fund,Open Ended,Equity Scheme - Large & Mid Cap Fund,2026-09-01,1.83,0.78,2026-09-03T15:06:40Z
DSPM/O/E/LMF/00/02/0007,DSP Large & Mid Cap Fund,Open Ended,Equity Scheme - Large & Mid Cap Fund,2026-09-02,1.83,0.78,2026-09-03T15:06:40Z
DSPM/O/E/LCF/03/01/0009,DSP Large Cap Fund,Open Ended,Equity Scheme - Large Cap Fund,2026-09-01,2.09,1.18,2026-09-03T15:06:40Z
DSPM/O/E/LCF/03/01/0009,DSP Large Cap Fund,Open Ended,Equity Scheme - Large Cap Fund,2026-09-02,2.09,1.18,2026-09-03T15:06:40Z
DSPM/O/D/LIF/98/02/0003,DSP Liquid Fund,Open Ended,Income/Debt Oriented Schemes - Liquid Fund,2026-09-01,0.21,0.12,2026-09-03T15:06:40Z
DSPM/O/D/LIF/98/02/0003,DSP Liquid Fund,Open Ended,Income/Debt Oriented Schemes - Liquid Fund,2026-09-02,0.21,0.12,2026-09-03T15:06:40Z
DSPM/O/D/MDF/97/03/0002,DSP Medium Term Fund,Open Ended,Income/Debt Oriented Schemes - Medium Term Fund,2026-09-01,0.78,0.41,2026-09-03T15:06:40Z
DSPM/O/D/MDF/97/03/0002,DSP Medium Term Fund,Open Ended,Income/Debt Oriented Schemes - Medium Term Fund,2026-09-02,0.78,0.41,2026-09-03T15:06:40Z
DSPM/O/E/MIF/06/09/0014,DSP Midcap Fund,Open Ended,Equity Scheme - Mid Cap Fund,2026-09-01,1.73,0.82,2026-09-03T15:06:40Z
DSPM/O/E/MIF/06/09/0014,DSP Midcap Fund,Open Ended,Equity Scheme - Mid Cap Fund,2026-09-02,1.73,0.82,2026-09-03T15:06:40Z
DSPM/O/D/MMF/99/09/0006,DSP Money Market Fund,Open Ended,Income/Debt Oriented Schemes - Money Market Fund,2026-09-01,0.42,0.18,2026-09-03T15:06:40Z
DSPM/O/D/MMF/99/09/0006,DSP Money Market Fund,Open Ended,Income/Debt Oriented Schemes - Money Market Fund,2026-09-02,0.42,0.18,2026-09-03T15:06:40Z
DSPM/O/O/EET/25/06/0087,DSP MSCI India ETF,Open Ended,Other Scheme - Other  ETFs,2026-09-01,0.0,0.42,2026-09-03T15:06:40Z
DSPM/O/O/EET/25/06/0087,DSP MSCI India ETF,Open Ended,Other Scheme - Other  ETFs,2026-09-02,0.0,0.42,2026-09-03T15:06:40Z
DSPM/O/H/MAA/23/06/0065,DSP Multi Asset Allocation Fund,Open Ended,Hybrid Scheme - Multi Asset Allocation,2026-09-01,1.59,0.63,2026-09-03T15:06:40Z
DSPM/O/H/MAA/23/06/0065,DSP Multi Asset Allocation Fund,Open Ended,Hybrid Scheme - Multi Asset Allocation,2026-09-02,1.59,0.63,2026-09-03T15:06:40Z
DSPM/O/O/FOD/25/12/0095,DSP Multi Asset Omni Fund of Funds,Open Ended,Other Scheme - FoF Domestic,2026-09-01,1.25,0.51,2026-09-03T15:06:40Z
DSPM/O/O/FOD/25/12/0095,DSP Multi Asset Omni Fund of Funds,Open Ended,Other Scheme - FoF Domestic,2026-09-02,1.25,0.51,2026-09-03T15:06:40Z
DSPM/O/E/MCF/23/07/0071,DSP Multi Cap Fund,Open Ended,Equity Schemes - Multi Cap Fund,2026-09-01,2.06,0.67,2026-09-03T15:06:40Z
DSPM/O/E/MCF/23/07/0071,DSP Multi Cap Fund,Open Ended,Equity Schemes - Multi Cap Fund,2026-09-02,2.07,0.68,2026-09-03T15:06:40Z
DSPM/O/E/SEC/08/02/0019,DSP Natural Resources And New Energy Fund,Open Ended,Equity Schemes - Thematic Fund,2026-09-01,2.11,1.0,2026-09-03T15:06:40Z
DSPM/O/E/SEC/08/02/0019,DSP Natural Resources And New Energy Fund,Open Ended,Equity Schemes - Thematic Fund,2026-09-02,2.11,1.0,2026-09-03T15:06:40Z
DSPM/O/O/DET/26/02/0099,DSP Nifty 10 Yr Benchmark G-Sec ETF,Open Ended,Exchange Traded Funds (ETFs) - Debt ETF,2026-09-01,0.0,0.17,2026-09-03T15:06:40Z
DSPM/O/O/DET/26/02/0099,DSP Nifty 10 Yr Benchmark G-Sec ETF,Open Ended,Exchange Traded Funds (ETFs) - Debt ETF,2026-09-02,0.0,0.17,2026-09-03T15:06:40Z
DSPM/O/O/OET/17/08/0032,DSP NIFTY 1D Rate Liquid ETF,Open Ended,Other Scheme - Other  ETFs,2026-09-01,0.0,0.32,2026-09-03T15:06:40Z
DSPM/O/O/OET/17/08/0032,DSP NIFTY 1D Rate Liquid ETF,Open Ended,Other Scheme - Other  ETFs,2026-09-02,0.0,0.32,2026-09-03T15:06:40Z
DSPM/O/O/OET/21/06/0045,DSP Nifty 50 Equal Weight ETF,Open Ended,Other Scheme - Other  ETFs,2026-09-01,0.0,0.23,2026-09-03T15:06:40Z
DSPM/O/O/OET/21/06/0045,DSP Nifty 50 Equal Weight ETF,Open Ended,Other Scheme - Other  ETFs,2026-09-02,0.0,0.23,2026-09-03T15:06:40Z
DSPM/O/O/EIN/17/07/0031,DSP Nifty 50 Equal Weight Index Fund,Open Ended,Other Scheme - Index Funds,2026-09-01,1.03,0.47,2026-09-03T15:06:40Z
DSPM/O/O/EIN/17/07/0031,DSP Nifty 50 Equal Weight Index Fund,Open Ended,Other Scheme - Index Funds,2026-09-02,1.03,0.47,2026-09-03T15:06:40Z
DSPM/O/O/OET/21/06/0047,DSP Nifty 50 ETF,Open Ended,Other Scheme - Other  ETFs,2026-09-01,0.0,0.08,2026-09-03T15:06:40Z
DSPM/O/O/OET/21/06/0047,DSP Nifty 50 ETF,Open Ended,Other Scheme - Other  ETFs,2026-09-02,0.0,0.08,2026-09-03T15:06:40Z
DSPM/O/O/EIN/18/10/0038,DSP Nifty 50 Index Fund,Open Ended,Other Scheme - Index Funds,2026-09-01,0.43,0.22,2026-09-03T15:06:40Z
DSPM/O/O/EIN/18/10/0038,DSP Nifty 50 Index Fund,Open Ended,Other Scheme - Index Funds,2026-09-02,0.43,0.22,2026-09-03T15:06:40Z
DSPM/O/O/EIN/25/10/0093,DSP Nifty 500 Index Fund,Open Ended,Other Scheme - Index Funds,2026-09-01,1.04,0.31,2026-09-03T15:06:40Z
DSPM/O/O/EIN/25/10/0093,DSP Nifty 500 Index Fund,Open Ended,Other Scheme - Index Funds,2026-09-02,1.04,0.31,2026-09-03T15:06:40Z
DSPM/O/O/EET/22/12/0055,DSP Nifty Bank ETF,Open Ended,Other Scheme - Other  ETFs,2026-09-01,0.0,0.16,2026-09-03T15:06:40Z
DSPM/O/O/EET/22/12/0055,DSP Nifty Bank ETF,Open Ended,Other Scheme - Other  ETFs,2026-09-02,0.0,0.16,2026-09-03T15:06:40Z
DSPM/O/O/EIN/24/04/0074,DSP NIFTY BANK INDEX FUND,Open Ended,Other Scheme - Index Funds,2026-09-01,0.99,0.27,2026-09-03T15:06:40Z
DSPM/O/O/EIN/24/04/0074,DSP NIFTY BANK INDEX FUND,Open Ended,Other Scheme - Index Funds,2026-09-02,0.99,0.27,2026-09-03T15:06:40Z
DSPM/O/O/EET/26/04/0097,DSP Nifty FMCG ETF,Open Ended,Other Scheme - Other  ETFs,2026-09-01,0.0,0.58,2026-09-03T15:06:40Z
DSPM/O/O/EET/26/04/0097,DSP Nifty FMCG ETF,Open Ended,Other Scheme - Other  ETFs,2026-09-02,0.0,0.58,2026-09-03T15:06:40Z
DSPM/O/O/EET/23/07/0070,DSP Nifty Healthcare ETF,Open Ended,Other Scheme - Other  ETFs,2026-09-01,0.0,0.21,2026-09-03T15:06:40Z
DSPM/O/O/EET/23/07/0070,DSP Nifty Healthcare ETF,Open Ended,Other Scheme - Other  ETFs,2026-09-02,0.0,0.21,2026-09-03T15:06:40Z
DSPM/O/O/EIN/25/01/0084,DSP Nifty Healthcare Index Fund,Open Ended,Other Scheme - Index Funds,2026-09-01,1.08,0.4,2026-09-03T15:06:40Z
DSPM/O/O/EIN/25/01/0084,DSP Nifty Healthcare Index Fund,Open Ended,Other Scheme - Index Funds,2026-09-02,1.08,0.4,2026-09-03T15:06:40Z
DSPM/O/O/EET/22/12/0061,DSP NIFTY IT ETF,Open Ended,Other Scheme - Other  ETFs,2026-09-01,0.0,0.26,2026-09-03T15:06:40Z
DSPM/O/O/EET/22/12/0061,DSP NIFTY IT ETF,Open Ended,Other Scheme - Other  ETFs,2026-09-02,0.0,0.26,2026-09-03T15:06:40Z
DSPM/O/O/EIN/25/01/0083,DSP Nifty IT Index Fund,Open Ended,Other Scheme - Index Funds,2026-09-01,1.18,0.47,2026-09-03T15:06:40Z
DSPM/O/O/EIN/25/01/0083,DSP Nifty IT Index Fund,Open Ended,Other Scheme - Index Funds,2026-09-02,1.18,0.47,2026-09-03T15:06:40Z
DSPM/O/O/EET/25/10/0089,DSP Nifty Midcap 150 ETF,Open Ended,Other Scheme - Other  ETFs,2026-09-01,0.0,0.23,2026-09-03T15:06:40Z
DSPM/O/O/EET/25/10/0089,DSP Nifty Midcap 150 ETF,Open Ended,Other Scheme - Other  ETFs,2026-09-02,0.0,0.23,2026-09-03T15:06:40Z
DSPM/O/O/EIN/25/10/0088,DSP Nifty Midcap 150 Index Fund,Open Ended,Other Scheme - Index Funds,2026-09-01,1.11,0.38,2026-09-03T15:06:40Z
DSPM/O/O/EIN/25/10/0088,DSP Nifty Midcap 150 Index Fund,Open Ended,Other Scheme - Index Funds,2026-09-02,1.11,0.38,2026-09-03T15:06:40Z
DSPM/O/O/OET/21/06/0046,DSP Nifty Midcap 150 Quality 50 ETF,Open Ended,Other Scheme - Other  ETFs,2026-09-01,0.0,0.42,2026-09-03T15:06:40Z
DSPM/O/O/OET/21/06/0046,DSP Nifty Midcap 150 Quality 50 ETF,Open Ended,Other Scheme - Other  ETFs,2026-09-02,0.0,0.42,2026-09-03T15:06:40Z
DSPM/O/O/EIN/22/05/0050,DSP Nifty Midcap 150 Quality 50 Index Fund,Open Ended,Other Scheme - Index Funds,2026-09-01,1.1,0.47,2026-09-03T15:06:40Z
DSPM/O/O/EIN/22/05/0050,DSP Nifty Midcap 150 Quality 50 Index Fund,Open Ended,Other Scheme - Index Funds,2026-09-02,1.1,0.47,2026-09-03T15:06:40Z
DSPM/O/O/EET/25/09/0094,DSP Nifty Next 50 ETF,Open Ended,Other Scheme - Other  ETFs,2026-09-01,0.0,0.23,2026-09-03T15:06:40Z
DSPM/O/O/EET/25/09/0094,DSP Nifty Next 50 ETF,Open Ended,Other Scheme - Other  ETFs,2026-09-02,0.0,0.23,2026-09-03T15:06:40Z
DSPM/O/O/EIN/18/10/0039,DSP Nifty Next 50 Index Fund,Open Ended,Other Scheme - Index Funds,2026-09-01,1.01,0.36,2026-09-03T15:06:40Z
DSPM/O/O/EIN/18/10/0039,DSP Nifty Next 50 Index Fund,Open Ended,Other Scheme - Index Funds,2026-09-02,1.01,0.36,2026-09-03T15:06:40Z
DSPM/O/O/EET/23/03/0064,DSP Nifty Private Bank ETF,Open Ended,Other Scheme - Other  ETFs,2026-09-01,0.0,0.17,2026-09-03T15:06:40Z
DSPM/O/O/EET/23/03/0064,DSP Nifty Private Bank ETF,Open Ended,Other Scheme - Other  ETFs,2026-09-02,0.0,0.17,2026-09-03T15:06:40Z
DSPM/O/O/EIN/24/12/0080,DSP Nifty Private Bank Index Fund,Open Ended,Other Scheme - Index Funds,2026-09-01,1.22,0.52,2026-09-03T15:06:40Z
DSPM/O/O/EIN/24/12/0080,DSP Nifty Private Bank Index Fund,Open Ended,Other Scheme - Index Funds,2026-09-02,1.22,0.52,2026-09-03T15:06:40Z
DSPM/O/O/EET/23/03/0062,DSP Nifty PSU Bank ETF,Open Ended,Other Scheme - Other  ETFs,2026-09-01,0.0,0.16,2026-09-03T15:06:40Z
DSPM/O/O/EET/23/03/0062,DSP Nifty PSU Bank ETF,Open Ended,Other Scheme - Other  ETFs,2026-09-02,0.0,0.16,2026-09-03T15:06:40Z
DSPM/O/O/DIN/21/12/0049,DSP Nifty SDL Plus G-Sec Jun 2028 30:70 Index Fund,Open Ended,Other Scheme - Index Funds,2026-09-01,0.31,0.16,2026-09-03T15:06:40Z
DSPM/O/O/DIN/21/12/0049,DSP Nifty SDL Plus G-Sec Jun 2028 30:70 Index Fund,Open Ended,Other Scheme - Index Funds,2026-09-02,0.31,0.16,2026-09-03T15:06:40Z
DSPM/O/O/DIN/22/11/0057,DSP Nifty SDL Plus G-Sec Sep 2027 50:50 Index Fund,Open Ended,Other Scheme - Index Funds,2026-09-01,0.33,0.16,2026-09-03T15:06:40Z
DSPM/O/O/DIN/22/11/0057,DSP Nifty SDL Plus G-Sec Sep 2027 50:50 Index Fund,Open Ended,Other Scheme - Index Funds,2026-09-02,0.33,0.16,2026-09-03T15:06:40Z
DSPM/O/O/EET/25/10/0090,DSP Nifty Smallcap 250 ETF,Open Ended,Other Scheme - Other  ETFs,2026-09-01,0.0,0.25,2026-09-03T15:06:40Z
DSPM/O/O/EET/25/10/0090,DSP Nifty Smallcap 250 ETF,Open Ended,Other Scheme - Other  ETFs,2026-09-02,0.0,0.25,2026-09-03T15:06:40Z
DSPM/O/O/EIN/25/10/0091,DSP Nifty Smallcap 250 Index Fund,Open Ended,Other Scheme - Index Funds,2026-09-01,1.25,0.54,2026-09-03T15:06:40Z
DSPM/O/O/EIN/25/10/0091,DSP Nifty Smallcap 250 Index Fund,Open Ended,Other Scheme - Index Funds,2026-09-02,1.25,0.54,2026-09-03T15:06:40Z
DSPM/O/O/EIN/23/06/0068,DSP Nifty Smallcap250 Quality 50 Index Fund,Open Ended,Other Scheme - Index Funds,2026-09-01,1.16,0.4,2026-09-03T15:06:40Z
DSPM/O/O/EIN/23/06/0068,DSP Nifty Smallcap250 Quality 50 Index Fund,Open Ended,Other Scheme - Index Funds,2026-09-02,1.16,0.4,2026-09-03T15:06:40Z
DSPM/O/O/EET/24/07/0075,DSP Nifty Top 10 Equal Weight ETF,Open Ended,Other Scheme - Other  ETFs,2026-09-01,0.0,0.18,2026-09-03T15:06:40Z
DSPM/O/O/EET/24/07/0075,DSP Nifty Top 10 Equal Weight ETF,Open Ended,Other Scheme - Other  ETFs,2026-09-02,0.0,0.18,2026-09-03T15:06:40Z
DSPM/O/O/EIN/24/07/0076,DSP Nifty Top 10 Equal Weight Index Fund,Open Ended,Other Scheme - Index Funds,2026-09-01,1.04,0.35,2026-09-03T15:06:40Z
DSPM/O/O/EIN/24/07/0076,DSP Nifty Top 10 Equal Weight Index Fund,Open Ended,Other Scheme - Index Funds,2026-09-02,1.04,0.35,2026-09-03T15:06:40Z
DSPM/O/O/EET/25/08/0086,DSP Nifty500 Flexicap Quality 30 ETF,Open Ended,Other Scheme - Other  ETFs,2026-09-01,0.0,0.65,2026-09-03T15:06:40Z
DSPM/O/O/EET/25/08/0086,DSP Nifty500 Flexicap Quality 30 ETF,Open Ended,Other Scheme - Other  ETFs,2026-09-02,0.0,0.65,2026-09-03T15:06:40Z
DSPM/O/O/EIN/25/04/0085,DSP Nifty500 Flexicap Quality 30 Index Fund,Open Ended,Other Scheme - Index Funds,2026-09-01,1.42,0.73,2026-09-03T15:06:40Z
DSPM/O/O/EIN/25/04/0085,DSP Nifty500 Flexicap Quality 30 Index Fund,Open Ended,Other Scheme - Index Funds,2026-09-02,1.42,0.73,2026-09-03T15:06:40Z
DSPM/O/D/ONF/18/12/0040,DSP Overnight Fund,Open Ended,Debt Scheme - Overnight Fund,2026-09-01,0.18,0.11,2026-09-03T15:06:40Z
DSPM/O/D/ONF/18/12/0040,DSP Overnight Fund,Open Ended,Debt Scheme - Overnight Fund,2026-09-02,0.18,0.11,2026-09-03T15:06:40Z
DSPM/O/E/SEC/19/01/0041,DSP QUANT FUND,Open Ended,Equity Schemes - Thematic Fund,2026-09-01,1.73,1.01,2026-09-03T15:06:40Z
DSPM/O/E/SEC/19/01/0041,DSP QUANT FUND,Open Ended,Equity Schemes - Thematic Fund,2026-09-02,1.73,1.01,2026-09-03T15:06:40Z
DSPM/O/D/SDF/02/08/0008,DSP Short Term Fund,Open Ended,Debt Scheme - Short Duration Fund,2026-09-01,0.96,0.37,2026-09-03T15:06:40Z
DSPM/O/D/SDF/02/08/0008,DSP Short Term Fund,Open Ended,Debt Scheme - Short Duration Fund,2026-09-02,0.96,0.37,2026-09-03T15:06:40Z
DSPM/O/O/OET/22/02/0051,DSP SILVER ETF,Open Ended,Exchange Traded Funds (ETFs) - Silver ETF,2026-09-01,0.0,0.4,2026-09-03T15:06:40Z
DSPM/O/O/OET/22/02/0051,DSP SILVER ETF,Open Ended,Exchange Traded Funds (ETFs) - Silver ETF,2026-09-02,0.0,0.4,2026-09-03T15:06:40Z
DSPM/O/O/FOD/25/03/0081,DSP Silver ETF Fund of Fund,Open Ended,Other Scheme - FoF Domestic,2026-09-01,1.0,0.59,2026-09-03T15:06:40Z
DSPM/O/O/FOD/25/03/0081,DSP Silver ETF Fund of Fund,Open Ended,Other Scheme - FoF Domestic,2026-09-02,1.0,0.59,2026-09-03T15:06:40Z
DSPM/O/E/SCF/06/09/0015,DSP Small Cap Fund,Open Ended,Equity Scheme - Small Cap Fund,2026-09-01,1.69,0.81,2026-09-03T15:06:40Z
DSPM/O/E/SCF/06/09/0015,DSP Small Cap Fund,Open Ended,Equity Scheme - Small Cap Fund,2026-09-02,1.7,0.81,2026-09-03T15:06:40Z
DSPM/O/D/USD/06/05/0013,DSP Ultra Short Term Fund,Open Ended,Income/Debt Oriented Schemes - Ultra Short Term Fund,2026-09-01,1.01,0.3,2026-09-03T15:06:40Z
DSPM/O/D/USD/06/05/0013,DSP Ultra Short Term Fund,Open Ended,Income/Debt Oriented Schemes - Ultra Short Term Fund,2026-09-02,1.01,0.3,2026-09-03T15:06:40Z
DSPM/O/D/LOW/14/11/0029,DSP Ultra Short to Short Term Fund,Open Ended,Income/Debt Oriented Schemes - Ultra Short to Short Term Fund,2026-09-01,0.64,0.31,2026-09-03T15:06:40Z
DSPM/O/D/LOW/14/11/0029,DSP Ultra Short to Short Term Fund,Open Ended,Income/Debt Oriented Schemes - Ultra Short to Short Term Fund,2026-09-02,0.64,0.31,2026-09-03T15:06:40Z
DSPM/O/O/FOO/24/01/0072,DSP US Specific Debt Passive FoF,Open Ended,Other Scheme - FoF Overseas,2026-09-01,0.23,0.17,2026-09-03T15:06:40Z
DSPM/O/O/FOO/24/01/0072,DSP US Specific Debt Passive FoF,Open Ended,Other Scheme - FoF Overseas,2026-09-02,0.23,0.17,2026-09-03T15:06:40Z
DSPM/O/O/FOO/12/05/0024,DSP US Specific Equity Omni FoF,Open Ended,Other Scheme - FoF Overseas,2026-09-01,2.34,1.5,2026-09-03T15:06:40Z
DSPM/O/O/FOO/12/05/0024,DSP US Specific Equity Omni FoF,Open Ended,Other Scheme - FoF Overseas,2026-09-02,2.34,1.5,2026-09-03T15:06:40Z
DSPM/O/E/VAF/19/11/0042,DSP Value Fund,Open Ended,Equity Scheme - Value Fund,2026-09-01,2.41,1.56,2026-09-03T15:06:40Z
DSPM/O/E/VAF/19/11/0042,DSP Value Fund,Open Ended,Equity Scheme - Value Fund,2026-09-02,2.41,1.56,2026-09-03T15:06:40Z
DSPM/O/O/FOO/07/07/0018,DSP World Gold Mining Overseas Equity Omni FoF,Open Ended,Other Scheme - FoF Overseas,2026-09-01,2.31,1.74,2026-09-03T15:06:40Z
DSPM/O/O/FOO/07/07/0018,DSP World Gold Mining Overseas Equity Omni FoF,Open Ended,Other Scheme - FoF Overseas,2026-09-02,2.31,1.74,2026-09-03T15:06:40Z
DSPM/O/O/FOO/09/06/0021,DSP World Mining Overseas Equity Omni FoF,Open Ended,Other Scheme - FoF Overseas,2026-09-01,2.28,1.67,2026-09-03T15:06:40Z
DSPM/O/O/FOO/09/06/0021,DSP World Mining Overseas Equity Omni FoF,Open Ended,Other Scheme - FoF Overseas,2026-09-02,2.28,1.67,2026-09-03T15:06:40Z
EDEL/O/H/AHF/09/04/0007,Edelweiss Aggressive Hybrid Fund,Open Ended,Hybrid Scheme - Aggressive Hybrid Fund,2026-09-01,2.12,0.74,2026-09-03T15:06:40Z
EDEL/O/H/AHF/09/04/0007,Edelweiss Aggressive Hybrid Fund,Open Ended,Hybrid Scheme - Aggressive Hybrid Fund,2026-09-02,2.12,0.74,2026-09-03T15:06:40Z
EDEL/O/H/ARB/14/05/0016,Edelweiss Arbitrage Fund,Open Ended,Hybrid Scheme - Arbitrage Fund,2026-09-01,2.25,1.58,2026-09-03T15:06:40Z
EDEL/O/H/ARB/14/05/0016,Edelweiss Arbitrage Fund,Open Ended,Hybrid Scheme - Arbitrage Fund,2026-09-02,2.25,1.58,2026-09-03T15:06:40Z
EDEL/O/O/FOO/11/01/0010,Edelweiss ASEAN Equity Off-shore Fund,Open Ended,Other Scheme - FoF Overseas,2026-09-01,1.38,0.69,2026-09-03T15:06:40Z
EDEL/O/O/FOO/11/01/0010,Edelweiss ASEAN Equity Off-shore Fund,Open Ended,Other Scheme - FoF Overseas,2026-09-02,1.38,0.69,2026-09-03T15:06:40Z
EDEL/O/H/BAF/09/06/0009,Edelweiss Balanced Advantage Fund,Open Ended,Hybrid Scheme - Dynamic Asset Allocation or Balanced Advantage,2026-09-01,1.9,0.8,2026-09-03T15:06:40Z
EDEL/O/H/BAF/09/06/0009,Edelweiss Balanced Advantage Fund,Open Ended,Hybrid Scheme - Dynamic Asset Allocation or Balanced Advantage,2026-09-02,1.91,0.8,2026-09-03T15:06:40Z
EDEL/O/D/BPF/13/08/0013,Edelweiss Banking and PSU Debt Fund,Open Ended,Income/Debt Oriented Schemes - Banking and PSU Debt Fund,2026-09-01,0.73,0.4,2026-09-03T15:06:40Z
EDEL/O/D/BPF/13/08/0013,Edelweiss Banking and PSU Debt Fund,Open Ended,Income/Debt Oriented Schemes - Banking and PSU Debt Fund,2026-09-02,0.73,0.4,2026-09-03T15:06:40Z
EDEL/O/O/OET/24/11/0065,Edelweiss BSE Capital Markets & Insurance ETF,Open Ended,Other Scheme - Other  ETFs,2026-09-01,0.55,0.0,2026-09-03T15:06:40Z
EDEL/O/O/OET/24/11/0065,Edelweiss BSE Capital Markets & Insurance ETF,Open Ended,Other Scheme - Other  ETFs,2026-09-02,0.55,0.0,2026-09-03T15:06:40Z
EDEL/O/O/OIN/25/02/0069,Edelweiss BSE Internet Economy Index Fund,Open Ended,Other Scheme - Index Funds,2026-09-01,1.14,0.56,2026-09-03T15:06:40Z
EDEL/O/O/OIN/25/02/0069,Edelweiss BSE Internet Economy Index Fund,Open Ended,Other Scheme - Index Funds,2026-09-02,1.14,0.56,2026-09-03T15:06:40Z
EDEL/O/O/EET/26/07/0083,Edelweiss BSE LargeMid (60:40) Stable dividend 50 ETF,Open Ended,Exchange Traded Funds (ETFs) - Equity ETF,2026-09-01,1.8,0.0,2026-09-03T15:06:40Z
EDEL/O/O/EET/26/07/0083,Edelweiss BSE LargeMid (60:40) Stable dividend 50 ETF,Open Ended,Exchange Traded Funds (ETFs) - Equity ETF,2026-09-02,1.8,0.0,2026-09-03T15:06:40Z
EDEL/O/O/EET/25/09/0074,Edelweiss BSE Sensex ETF,Open Ended,Other Scheme - Other  ETFs,2026-09-01,0.17,0.0,2026-09-03T15:06:40Z
EDEL/O/O/EET/25/09/0074,Edelweiss BSE Sensex ETF,Open Ended,Other Scheme - Other  ETFs,2026-09-02,0.17,0.0,2026-09-03T15:06:40Z
EDEL/O/O/OET/26/07/0082,Edelweiss BSE Top 10 Bank ETF,Open Ended,Exchange Traded Funds (ETFs) - Equity ETF,2026-09-01,1.95,0.0,2026-09-03T15:06:40Z
EDEL/O/O/OET/26/07/0082,Edelweiss BSE Top 10 Bank ETF,Open Ended,Exchange Traded Funds (ETFs) - Equity ETF,2026-09-02,1.95,0.0,2026-09-03T15:06:40Z
EDEL/O/E/THE/24/01/0060,Edelweiss Business Cycle Fund,Open Ended,Equity Scheme - Sectoral/ Thematic,2026-09-01,2.76,1.31,2026-09-03T15:06:40Z
EDEL/O/E/THE/24/01/0060,Edelweiss Business Cycle Fund,Open Ended,Equity Scheme - Sectoral/ Thematic,2026-09-02,2.77,1.31,2026-09-03T15:06:40Z
EDEL/O/E/THE/24/11/0066,Edelweiss Consumption Fund,Open Ended,Equity Scheme - Sectoral/ Thematic,2026-09-01,2.58,0.95,2026-09-03T15:06:40Z
EDEL/O/E/THE/24/11/0066,Edelweiss Consumption Fund,Open Ended,Equity Scheme - Sectoral/ Thematic,2026-09-02,2.58,0.95,2026-09-03T15:06:40Z
EDEL/O/O/DIN/22/09/0044,Edelweiss CRISIL IBX 50:50 Gilt Plus SDL April 2037 Index Fund,Open Ended,Other Scheme - Index Funds,2026-09-01,0.46,0.18,2026-09-03T15:06:40Z
EDEL/O/O/DIN/22/09/0044,Edelweiss CRISIL IBX 50:50 Gilt Plus SDL April 2037 Index Fund,Open Ended,Other Scheme - Index Funds,2026-09-02,0.46,0.18,2026-09-03T15:06:40Z
EDEL/O/O/DIN/22/09/0045,Edelweiss CRISIL IBX 50:50 Gilt Plus SDL June 2027 Index Fund,Open Ended,Other Scheme - Index Funds,2026-09-01,0.44,0.2,2026-09-03T15:06:40Z
EDEL/O/O/DIN/22/09/0045,Edelweiss CRISIL IBX 50:50 Gilt Plus SDL June 2027 Index Fund,Open Ended,Other Scheme - Index Funds,2026-09-02,0.44,0.2,2026-09-03T15:06:40Z
EDEL/O/O/DIN/22/09/0046,Edelweiss CRISIL IBX 50:50 Gilt Plus SDL Sep 2028 Index Fund,Open Ended,Other Scheme - Index Funds,2026-09-01,0.45,0.2,2026-09-03T15:06:40Z
EDEL/O/O/DIN/22/09/0046,Edelweiss CRISIL IBX 50:50 Gilt Plus SDL Sep 2028 Index Fund,Open Ended,Other Scheme - Index Funds,2026-09-02,0.45,0.2,2026-09-03T15:06:40Z
EDEL/O/O/DIN/23/01/0052,Edelweiss CRISIL IBX 50:50 Gilt Plus SDL Short Duration Index Fund,Open Ended,Other Scheme - Index Funds,2026-09-01,0.57,0.2,2026-09-03T15:06:40Z
EDEL/O/O/DIN/23/01/0052,Edelweiss CRISIL IBX 50:50 Gilt Plus SDL Short Duration Index Fund,Open Ended,Other Scheme - Index Funds,2026-09-02,0.57,0.2,2026-09-03T15:06:40Z
EDEL/O/D/DIN/25/01/0067,Edelweiss CRISIL IBX AAA Bond NBFC HFC Jun 2027 Index Fund,Open Ended,Other Scheme - Index Funds,2026-09-01,0.32,0.13,2026-09-03T15:06:40Z
EDEL/O/D/DIN/25/01/0067,Edelweiss CRISIL IBX AAA Bond NBFC HFC Jun 2027 Index Fund,Open Ended,Other Scheme - Index Funds,2026-09-02,0.32,0.13,2026-09-03T15:06:40Z
EDEL/O/O/DIN/24/11/0064,Edelweiss CRISIL IBX AAA Financial Services Bond - Jan 2028 Index Fund,Open Ended,Other Scheme - Index Funds,2026-09-01,0.35,0.16,2026-09-03T15:06:40Z
EDEL/O/O/DIN/24/11/0064,Edelweiss CRISIL IBX AAA Financial Services Bond - Jan 2028 Index Fund,Open Ended,Other Scheme - Index Funds,2026-09-02,0.35,0.16,2026-09-03T15:06:40Z
EDEL/O/E/ELS/08/12/0005,Edelweiss ELSS Tax saver Fund,Open Ended,Equity Schemes - ELSS- Tax Saver Fund,2026-09-01,2.57,0.93,2026-09-03T15:06:40Z
EDEL/O/E/ELS/08/12/0005,Edelweiss ELSS Tax saver Fund,Open Ended,Equity Schemes - ELSS- Tax Saver Fund,2026-09-02,2.57,0.93,2026-09-03T15:06:40Z
EDEL/O/O/FOO/13/12/0015,Edelweiss Emerging Markets Opportunities Equity Offshore Fund,Open Ended,Other Scheme - FoF Overseas,2026-09-01,1.39,0.56,2026-09-03T15:06:40Z
EDEL/O/O/FOO/13/12/0015,Edelweiss Emerging Markets Opportunities Equity Offshore Fund,Open Ended,Other Scheme - FoF Overseas,2026-09-02,1.39,0.56,2026-09-03T15:06:40Z
EDEL/O/H/ESF/14/09/0017,Edelweiss Equity Savings Fund,Open Ended,Hybrid Scheme - Equity Savings,2026-09-01,2.15,1.14,2026-09-03T15:06:40Z
EDEL/O/H/ESF/14/09/0017,Edelweiss Equity Savings Fund,Open Ended,Hybrid Scheme - Equity Savings,2026-09-02,2.15,1.14,2026-09-03T15:06:40Z
EDEL/O/O/FOO/13/11/0014,Edelweiss Europe Dynamic Equity Offshore Fund,Open Ended,Other Scheme - FoF Overseas,2026-09-01,1.38,0.57,2026-09-03T15:06:40Z
EDEL/O/O/FOO/13/11/0014,Edelweiss Europe Dynamic Equity Offshore Fund,Open Ended,Other Scheme - FoF Overseas,2026-09-02,1.38,0.57,2026-09-03T15:06:40Z
EDEL/O/E/SEC/25/11/0078,Edelweiss Financial Services Fund,Open Ended,Equity Scheme - Sectoral/ Thematic,2026-09-01,2.59,0.98,2026-09-03T15:06:40Z
EDEL/O/E/SEC/25/11/0078,Edelweiss Financial Services Fund,Open Ended,Equity Scheme - Sectoral/ Thematic,2026-09-02,2.59,0.98,2026-09-03T15:06:40Z
EDEL/O/E/FCF/14/10/0018,Edelweiss Flexi Cap Fund,Open Ended,Equity Scheme - Flexi Cap Fund,2026-09-01,2.15,0.78,2026-09-03T15:06:40Z
EDEL/O/E/FCF/14/10/0018,Edelweiss Flexi Cap Fund,Open Ended,Equity Scheme - Flexi Cap Fund,2026-09-02,2.15,0.78,2026-09-03T15:06:40Z
EDEL/O/E/FOC/21/12/0042,Edelweiss Focused Fund,Open Ended,Equity Scheme - Focused Fund,2026-09-01,2.3,0.82,2026-09-03T15:06:40Z
EDEL/O/E/FOC/21/12/0042,Edelweiss Focused Fund,Open Ended,Equity Scheme - Focused Fund,2026-09-02,2.3,0.82,2026-09-03T15:06:40Z
EDEL/O/D/GIL/13/08/0012,Edelweiss Gilt Fund,Open Ended,Income/Debt Oriented Schemes - Gilt Fund,2026-09-01,1.15,0.51,2026-09-03T15:06:40Z
EDEL/O/D/GIL/13/08/0012,Edelweiss Gilt Fund,Open Ended,Income/Debt Oriented Schemes - Gilt Fund,2026-09-02,1.15,0.51,2026-09-03T15:06:40Z
EDEL/O/O/FOD/22/06/0043,Edelweiss Gold and Silver ETF FOF,Open Ended,Other Scheme - FoF Domestic,2026-09-01,0.56,0.21,2026-09-03T15:06:40Z
EDEL/O/O/FOD/22/06/0043,Edelweiss Gold and Silver ETF FOF,Open Ended,Other Scheme - FoF Domestic,2026-09-02,0.56,0.21,2026-09-03T15:06:40Z
EDEL/O/O/OET/23/10/0056,Edelweiss Gold ETF,Open Ended,Other Scheme - Gold ETF,2026-09-01,0.5,0.0,2026-09-03T15:06:40Z
EDEL/O/O/OET/23/10/0056,Edelweiss Gold ETF,Open Ended,Other Scheme - Gold ETF,2026-09-02,0.5,0.0,2026-09-03T15:06:40Z
EDEL/O/O/FOD/25/11/0076,Edelweiss Gold ETF Fund of Fund,Open Ended,Other Scheme - FoF Domestic,2026-09-01,0.59,0.12,2026-09-03T15:06:40Z
EDEL/O/O/FOD/25/11/0076,Edelweiss Gold ETF Fund of Fund,Open Ended,Other Scheme - FoF Domestic,2026-09-02,0.59,0.12,2026-09-03T15:06:40Z
EDEL/O/O/FOO/09/06/0008,Edelweiss Greater China Equity Off-shore Fund,Open Ended,Other Scheme - FoF Overseas,2026-09-01,1.58,0.74,2026-09-03T15:06:40Z
EDEL/O/O/FOO/09/06/0008,Edelweiss Greater China Equity Off-shore Fund,Open Ended,Other Scheme - FoF Overseas,2026-09-02,1.58,0.74,2026-09-03T15:06:40Z
EDEL/O/O/FOD/25/06/0070,Edelweiss Income Plus Arbitrage Omni Fund of Funds,Open Ended,Other Scheme - FoF Domestic,2026-09-01,0.28,0.06,2026-09-03T15:06:40Z
EDEL/O/O/FOD/25/06/0070,Edelweiss Income Plus Arbitrage Omni Fund of Funds,Open Ended,Other Scheme - FoF Domestic,2026-09-02,0.28,0.06,2026-09-03T15:06:40Z
EDEL/O/E/LMF/07/03/0001,Edelweiss Large & Mid Cap Fund,Open Ended,Equity Scheme - Large & Mid Cap Fund,2026-09-01,2.05,0.69,2026-09-03T15:06:40Z
EDEL/O/E/LMF/07/03/0001,Edelweiss Large & Mid Cap Fund,Open Ended,Equity Scheme - Large & Mid Cap Fund,2026-09-02,2.05,0.69,2026-09-03T15:06:40Z
EDEL/O/E/LCF/09/03/0006,Edelweiss Large Cap Fund,Open Ended,Equity Scheme - Large Cap Fund,2026-09-01,2.44,0.99,2026-09-03T15:06:40Z
EDEL/O/E/LCF/09/03/0006,Edelweiss Large Cap Fund,Open Ended,Equity Scheme - Large Cap Fund,2026-09-02,2.44,0.99,2026-09-03T15:06:40Z
EDEL/O/D/LIF/07/08/0002,Edelweiss Liquid Fund,Open Ended,Debt Scheme - Liquid Fund,2026-09-01,0.17,0.1,2026-09-03T15:06:40Z
EDEL/O/D/LIF/07/08/0002,Edelweiss Liquid Fund,Open Ended,Debt Scheme - Liquid Fund,2026-09-02,0.17,0.1,2026-09-03T15:06:40Z
EDEL/O/E/MIF/07/10/0003,Edelweiss Mid Cap Fund,Open Ended,Equity Scheme - Mid Cap Fund,2026-09-01,1.86,0.68,2026-09-03T15:06:40Z
EDEL/O/E/MIF/07/10/0003,Edelweiss Mid Cap Fund,Open Ended,Equity Scheme - Mid Cap Fund,2026-09-02,1.86,0.68,2026-09-03T15:06:40Z
EDEL/O/D/MMF/08/04/0004,Edelweiss Money Market Fund,Open Ended,Debt Scheme - Money Market Fund,2026-09-01,0.7,0.11,2026-09-03T15:06:40Z
EDEL/O/D/MMF/08/04/0004,Edelweiss Money Market Fund,Open Ended,Debt Scheme - Money Market Fund,2026-09-02,0.7,0.11,2026-09-03T15:06:40Z
EDEL/O/O/FOO/20/09/0034,Edelweiss MSCI India Domestic & World Healthcare 45 Index Fund,Open Ended,Other Scheme - Index Funds,2026-09-01,1.1,0.55,2026-09-03T15:06:40Z
EDEL/O/O/FOO/20/09/0034,Edelweiss MSCI India Domestic & World Healthcare 45 Index Fund,Open Ended,Other Scheme - Index Funds,2026-09-02,1.1,0.55,2026-09-03T15:06:40Z
EDEL/O/E/MAA/23/05/0054,Edelweiss Multi Asset Allocation Fund,Open Ended,Hybrid Scheme - Multi Asset Allocation,2026-09-01,1.13,0.79,2026-09-03T15:06:40Z
EDEL/O/E/MAA/23/05/0054,Edelweiss Multi Asset Allocation Fund,Open Ended,Hybrid Scheme - Multi Asset Allocation,2026-09-02,1.13,0.79,2026-09-03T15:06:40Z
EDEL/O/O/FOD/25/07/0071,Edelweiss Multi Asset Omni Fund of Fund,Open Ended,Other Scheme - FoF Domestic,2026-09-01,1.5,0.18,2026-09-03T15:06:40Z
EDEL/O/O/FOD/25/07/0071,Edelweiss Multi Asset Omni Fund of Fund,Open Ended,Other Scheme - FoF Domestic,2026-09-02,1.5,0.18,2026-09-03T15:06:40Z
EDEL/O/E/MCF/23/08/0055,Edelweiss Multi Cap Fund,Open Ended,Equity Scheme - Multi Cap Fund,2026-09-01,2.11,0.72,2026-09-03T15:06:40Z
EDEL/O/E/MCF/23/08/0055,Edelweiss Multi Cap Fund,Open Ended,Equity Scheme - Multi Cap Fund,2026-09-02,2.11,0.72,2026-09-03T15:06:40Z
EDEL/O/O/EIN/21/07/0037,Edelweiss Nifty 100 Quality 30 Index Fund,Open Ended,Other Scheme - Index Funds,2026-09-01,1.22,0.6,2026-09-03T15:06:40Z
EDEL/O/O/EIN/21/07/0037,Edelweiss Nifty 100 Quality 30 Index Fund,Open Ended,Other Scheme - Index Funds,2026-09-02,1.22,0.6,2026-09-03T15:06:40Z
EDEL/O/O/DET/25/09/0073,Edelweiss Nifty 1D Rate Liquid ETF - Growth,Open Ended,Other Scheme - Other  ETFs,2026-09-01,0.21,0.0,2026-09-03T15:06:40Z
EDEL/O/O/DET/25/09/0073,Edelweiss Nifty 1D Rate Liquid ETF - Growth,Open Ended,Other Scheme - Other  ETFs,2026-09-02,0.21,0.0,2026-09-03T15:06:40Z
EDEL/O/O/EET/25/09/0075,Edelweiss Nifty 50 ETF,Open Ended,Other Scheme - Other  ETFs,2026-09-01,0.15,0.0,2026-09-03T15:06:40Z
EDEL/O/O/EET/25/09/0075,Edelweiss Nifty 50 ETF,Open Ended,Other Scheme - Other  ETFs,2026-09-02,0.15,0.0,2026-09-03T15:06:40Z
EDEL/O/O/EIN/15/02/0019,Edelweiss Nifty 50 Index Fund,Open Ended,Other Scheme - Index Funds,2026-09-01,0.54,0.14,2026-09-03T15:06:40Z
EDEL/O/O/EIN/15/02/0019,Edelweiss Nifty 50 Index Fund,Open Ended,Other Scheme - Index Funds,2026-09-02,0.54,0.14,2026-09-03T15:06:40Z
EDEL/O/O/EIN/24/04/0059,Edelweiss Nifty Alpha Low Volatility 30 Index Fund,Open Ended,Other Scheme - Index Funds,2026-09-01,1.31,0.66,2026-09-03T15:06:40Z
EDEL/O/O/EIN/24/04/0059,Edelweiss Nifty Alpha Low Volatility 30 Index Fund,Open Ended,Other Scheme - Index Funds,2026-09-02,1.31,0.66,2026-09-03T15:06:40Z
EDEL/O/O/EET/24/08/0061,Edelweiss Nifty Bank ETF,Open Ended,Other Scheme - Other  ETFs,2026-09-01,0.89,0.0,2026-09-03T15:06:40Z
EDEL/O/O/EET/24/08/0061,Edelweiss Nifty Bank ETF,Open Ended,Other Scheme - Other  ETFs,2026-09-02,0.89,0.0,2026-09-03T15:06:40Z
EDEL/O/O/EIN/21/09/0038,Edelweiss NIFTY Large Midcap 250 Index Fund,Open Ended,Other Scheme - Index Funds,2026-09-01,1.06,0.35,2026-09-03T15:06:40Z
EDEL/O/O/EIN/21/09/0038,Edelweiss NIFTY Large Midcap 250 Index Fund,Open Ended,Other Scheme - Index Funds,2026-09-02,1.06,0.35,2026-09-03T15:06:40Z
EDEL/O/O/EET/25/08/0072,Edelweiss Nifty LargeMidcap 250 ETF,Open Ended,Other Scheme - Other  ETFs,2026-09-01,1.15,0.0,2026-09-03T15:06:40Z
EDEL/O/O/EET/25/08/0072,Edelweiss Nifty LargeMidcap 250 ETF,Open Ended,Other Scheme - Other  ETFs,2026-09-02,1.15,0.0,2026-09-03T15:06:40Z
EDEL/O/O/OIN/26/02/0079,Edelweiss Nifty LargeMidcap250 Plus 8-13yr G-Sec 70:30 Index Fund,Open Ended,Other Scheme - Index Funds,2026-09-01,1.34,0.6,2026-09-03T15:06:40Z
EDEL/O/O/OIN/26/02/0079,Edelweiss Nifty LargeMidcap250 Plus 8-13yr G-Sec 70:30 Index Fund,Open Ended,Other Scheme - Index Funds,2026-09-02,1.34,0.6,2026-09-03T15:06:40Z
EDEL/O/O/EET/26/06/0081,Edelweiss Nifty Metal ETF,Open Ended,Exchange Traded Funds (ETFs) - Equity ETF,2026-09-01,1.43,0.0,2026-09-03T15:06:40Z
EDEL/O/O/EET/26/06/0081,Edelweiss Nifty Metal ETF,Open Ended,Exchange Traded Funds (ETFs) - Equity ETF,2026-09-02,1.43,0.0,2026-09-03T15:06:40Z
EDEL/O/O/EIN/22/10/0049,Edelweiss Nifty Midcap150 Momentum 50 Index Fund,Open Ended,Other Scheme - Index Funds,2026-09-01,1.44,0.84,2026-09-03T15:06:40Z
EDEL/O/O/EIN/22/10/0049,Edelweiss Nifty Midcap150 Momentum 50 Index Fund,Open Ended,Other Scheme - Index Funds,2026-09-02,1.44,0.84,2026-09-03T15:06:40Z
EDEL/O/O/EET/25/11/0080,Edelweiss Nifty Next 50 ETF,Open Ended,Other Scheme - Other  ETFs,2026-09-01,0.54,0.0,2026-09-03T15:06:40Z
EDEL/O/O/EET/25/11/0080,Edelweiss Nifty Next 50 ETF,Open Ended,Other Scheme - Other  ETFs,2026-09-02,0.54,0.0,2026-09-03T15:06:40Z
EDEL/O/O/EIN/22/09/0048,Edelweiss Nifty Next 50 Index Fund,Open Ended,Other Scheme - Index Funds,2026-09-01,0.88,0.2,2026-09-03T15:06:40Z
EDEL/O/O/EIN/22/09/0048,Edelweiss Nifty Next 50 Index Fund,Open Ended,Other Scheme - Index Funds,2026-09-02,0.88,0.2,2026-09-03T15:06:40Z
EDEL/O/O/DIN/21/02/0036,Edelweiss NIFTY PSU Bond Plus SDL Apr 2027 50:50 Index Fund,Open Ended,Other Scheme - Index Funds,2026-09-01,0.43,0.25,2026-09-03T15:06:40Z
EDEL/O/O/DIN/21/02/0036,Edelweiss NIFTY PSU Bond Plus SDL Apr 2027 50:50 Index Fund,Open Ended,Other Scheme - Index Funds,2026-09-02,0.43,0.25,2026-09-03T15:06:40Z
EDEL/O/O/EIN/26/07/0084,Edelweiss Nifty REITs & Realty Index Fund,Open Ended,Index Funds - Equity Funds,2026-09-01,8.89,8.12,2026-09-03T15:06:40Z
EDEL/O/O/EIN/26/07/0084,Edelweiss Nifty REITs & Realty Index Fund,Open Ended,Index Funds - Equity Funds,2026-09-02,8.89,8.12,2026-09-03T15:06:40Z
EDEL/O/O/EIN/22/09/0047,Edelweiss Nifty Smallcap 250 Index Fund,Open Ended,Other Scheme - Index Funds,2026-09-01,0.93,0.25,2026-09-03T15:06:40Z
EDEL/O/O/EIN/22/09/0047,Edelweiss Nifty Smallcap 250 Index Fund,Open Ended,Other Scheme - Index Funds,2026-09-02,0.93,0.25,2026-09-03T15:06:40Z
EDEL/O/O/EET/24/09/0063,Edelweiss Nifty500 Multicap Momentum Quality 50 ETF,Open Ended,Other Scheme - Other  ETFs,2026-09-01,0.78,0.0,2026-09-03T15:06:40Z
EDEL/O/O/EET/24/09/0063,Edelweiss Nifty500 Multicap Momentum Quality 50 ETF,Open Ended,Other Scheme - Other  ETFs,2026-09-02,0.78,0.0,2026-09-03T15:06:40Z
EDEL/O/O/EIN/24/09/0062,Edelweiss Nifty500 Multicap Momentum Quality 50 Index Fund,Open Ended,Other Scheme - Index Funds,2026-09-01,1.42,0.75,2026-09-03T15:06:40Z
EDEL/O/O/EIN/24/09/0062,Edelweiss Nifty500 Multicap Momentum Quality 50 Index Fund,Open Ended,Other Scheme - Index Funds,2026-09-02,1.42,0.75,2026-09-03T15:06:40Z
EDEL/O/D/ONF/19/03/0024,Edelweiss Overnight Fund,Open Ended,Debt Scheme - Overnight Fund,2026-09-01,0.16,0.11,2026-09-03T15:06:40Z
EDEL/O/D/ONF/19/03/0024,Edelweiss Overnight Fund,Open Ended,Debt Scheme - Overnight Fund,2026-09-02,0.16,0.11,2026-09-03T15:06:40Z
EDEL/O/E/OES/17/12/0021,Edelweiss Recently Listed IPO Fund,Open Ended,Equity Scheme - Sectoral/ Thematic,2026-09-01,2.38,1.14,2026-09-03T15:06:40Z
EDEL/O/E/OES/17/12/0021,Edelweiss Recently Listed IPO Fund,Open Ended,Equity Scheme - Sectoral/ Thematic,2026-09-02,2.38,1.14,2026-09-03T15:06:40Z
EDEL/O/O/OET/23/10/0057,Edelweiss Silver ETF,Open Ended,Other Scheme - Other  ETFs,2026-09-01,0.5,0.0,2026-09-03T15:06:40Z
EDEL/O/O/OET/23/10/0057,Edelweiss Silver ETF,Open Ended,Other Scheme - Other  ETFs,2026-09-02,0.5,0.0,2026-09-03T15:06:40Z
EDEL/O/O/FOD/25/11/0077,Edelweiss Silver ETF Fund of Fund,Open Ended,Other Scheme - FoF Domestic,2026-09-01,0.55,0.14,2026-09-03T15:06:40Z
EDEL/O/O/FOD/25/11/0077,Edelweiss Silver ETF Fund of Fund,Open Ended,Other Scheme - FoF Domestic,2026-09-02,0.55,0.14,2026-09-03T15:06:40Z
EDEL/O/E/SCF/18/08/0022,Edelweiss Small Cap Fund,Open Ended,Equity Scheme - Small Cap Fund,2026-09-01,1.97,0.66,2026-09-03T15:06:40Z
EDEL/O/E/SCF/18/08/0022,Edelweiss Small Cap Fund,Open Ended,Equity Scheme - Small Cap Fund,2026-09-02,1.97,0.66,2026-09-03T15:06:40Z
EDEL/O/E/THE/23/11/0058,Edelweiss Technology Fund,Open Ended,Equity Scheme - Sectoral/ Thematic,2026-09-01,2.37,0.79,2026-09-03T15:06:40Z
EDEL/O/E/THE/23/11/0058,Edelweiss Technology Fund,Open Ended,Equity Scheme - Sectoral/ Thematic,2026-09-02,2.37,0.79,2026-09-03T15:06:40Z
EDEL/O/D/UST/26/07/0085,Edelweiss Ultra Short Term Fund,Open Ended,Income/Debt Oriented Schemes - Ultra Short Term Fund,2026-09-01,0.68,0.21,2026-09-03T15:06:40Z
EDEL/O/D/UST/26/07/0085,Edelweiss Ultra Short Term Fund,Open Ended,Income/Debt Oriented Schemes - Ultra Short Term Fund,2026-09-02,0.68,0.21,2026-09-03T15:06:40Z
EDEL/O/D/LOW/25/02/0068,Edelweiss Ultra Short to Short term Fund,Open Ended,Income/Debt Oriented Schemes - Ultra Short to Short Term Fund,2026-09-01,0.96,0.24,2026-09-03T15:06:40Z
EDEL/O/D/LOW/25/02/0068,Edelweiss Ultra Short to Short term Fund,Open Ended,Income/Debt Oriented Schemes - Ultra Short to Short Term Fund,2026-09-02,0.96,0.24,2026-09-03T15:06:40Z
EDEL/O/O/FOO/19/12/0029,EDELWEISS US TECHNOLOGY EQUITY Fund of Fund,Open Ended,Other Scheme - FoF Overseas,2026-09-01,1.54,0.72,2026-09-03T15:06:40Z
EDEL/O/O/FOO/19/12/0029,EDELWEISS US TECHNOLOGY EQUITY Fund of Fund,Open Ended,Other Scheme - FoF Overseas,2026-09-02,1.54,0.72,2026-09-03T15:06:40Z
EDEL/O/O/FOO/13/07/0011,Edelweiss US Value Equity Offshore Fund,Open Ended,Other Scheme - FoF Overseas,2026-09-01,1.59,0.7,2026-09-03T15:06:40Z
EDEL/O/O/FOO/13/07/0011,Edelweiss US Value Equity Offshore Fund,Open Ended,Other Scheme - FoF Overseas,2026-09-02,1.59,0.7,2026-09-03T15:06:40Z
FTMF/O/E/THE/07/08/0027,Franklin Asian Equity Fund,Open Ended,Equity Scheme - Sectoral/ Thematic,2026-09-01,2.52,1.56,2026-09-03T15:06:40Z
FTMF/O/E/THE/07/08/0027,Franklin Asian Equity Fund,Open Ended,Equity Scheme - Sectoral/ Thematic,2026-09-02,2.52,1.57,2026-09-03T15:06:40Z
FTMF/O/E/THE/09/06/0028,Franklin Build India Fund,Open Ended,Equity Scheme - Sectoral/ Thematic,2026-09-01,2.09,1.13,2026-09-03T15:06:40Z
FTMF/O/E/THE/09/06/0028,Franklin Build India Fund,Open Ended,Equity Scheme - Sectoral/ Thematic,2026-09-02,2.1,1.13,2026-09-03T15:06:40Z
FTMF/O/H/AHF/00/05/0012,Franklin India Aggressive Hybrid Fund,Open Ended,Hybrid Scheme - Aggressive Hybrid Fund,2026-09-01,2.23,1.15,2026-09-03T15:06:40Z
FTMF/O/H/AHF/00/05/0012,Franklin India Aggressive Hybrid Fund,Open Ended,Hybrid Scheme - Aggressive Hybrid Fund,2026-09-02,2.23,1.15,2026-09-03T15:06:40Z
FTMF/O/H/ARB/24/10/0049,Franklin India Arbitrage Fund,Open Ended,Hybrid Scheme - Arbitrage Fund,2026-09-01,1.95,1.22,2026-09-03T15:06:40Z
FTMF/O/H/ARB/24/10/0049,Franklin India Arbitrage Fund,Open Ended,Hybrid Scheme - Arbitrage Fund,2026-09-02,1.95,1.22,2026-09-03T15:06:40Z
FTMF/O/H/BAF/22/07/0043,Franklin India Balanced Advantage Fund,Open Ended,Hybrid Scheme - Dynamic Asset Allocation or Balanced Advantage,2026-09-01,2.22,0.81,2026-09-03T15:06:40Z
FTMF/O/H/BAF/22/07/0043,Franklin India Balanced Advantage Fund,Open Ended,Hybrid Scheme - Dynamic Asset Allocation or Balanced Advantage,2026-09-02,2.22,0.81,2026-09-03T15:06:40Z
FTMF/O/D/BPF/14/01/0030,Franklin India Banking & PSU Debt Fund,Open Ended,Debt Scheme - Banking and PSU Fund,2026-09-01,0.49,0.23,2026-09-03T15:06:40Z
FTMF/O/D/BPF/14/01/0030,Franklin India Banking & PSU Debt Fund,Open Ended,Debt Scheme - Banking and PSU Fund,2026-09-02,0.49,0.23,2026-09-03T15:06:40Z
FTMF/O/H/CHF/00/09/0014,Franklin India Conservative Hybrid Fund,Open Ended,Hybrid Scheme - Conservative Hybrid Fund,2026-09-01,1.39,0.82,2026-09-03T15:06:40Z
FTMF/O/H/CHF/00/09/0014,Franklin India Conservative Hybrid Fund,Open Ended,Hybrid Scheme - Conservative Hybrid Fund,2026-09-02,1.39,0.82,2026-09-03T15:06:40Z
FTMF/O/D/CBF/97/06/0006,Franklin India Corporate Bond Fund,Open Ended,Income/Debt Oriented Schemes - Corporate Bond Fund,2026-09-01,0.77,0.26,2026-09-03T15:06:40Z
FTMF/O/D/CBF/97/06/0006,Franklin India Corporate Bond Fund,Open Ended,Income/Debt Oriented Schemes - Corporate Bond Fund,2026-09-02,0.77,0.26,2026-09-03T15:06:40Z
FTMF/O/E/DYF/06/03/0025,Franklin India Dividend Yield Fund,Open Ended,Equity Scheme - Dividend Yield Fund,2026-09-01,2.14,1.37,2026-09-03T15:06:40Z
FTMF/O/E/DYF/06/03/0025,Franklin India Dividend Yield Fund,Open Ended,Equity Scheme - Dividend Yield Fund,2026-09-02,2.14,1.37,2026-09-03T15:06:40Z
FTMF/O/O/FOD/03/10/0017,Franklin India Dynamic Asset Allocation Active Fund of Funds,Open Ended,Other Scheme - FoF Domestic,2026-09-01,1.83,0.97,2026-09-03T15:06:40Z
FTMF/O/O/FOD/03/10/0017,Franklin India Dynamic Asset Allocation Active Fund of Funds,Open Ended,Other Scheme - FoF Domestic,2026-09-02,1.83,0.97,2026-09-03T15:06:40Z
FTMF/O/E/ELS/99/04/0009,Franklin India ELSS Tax Saver Fund,Open Ended,Equity Scheme - ELSS,2026-09-01,1.91,1.17,2026-09-03T15:06:40Z
FTMF/O/E/ELS/99/04/0009,Franklin India ELSS Tax Saver Fund,Open Ended,Equity Scheme - ELSS,2026-09-02,1.91,1.17,2026-09-03T15:06:40Z
FTMF/O/H/ESF/18/05/0034,Franklin India Equity Savings Fund,Open Ended,Hybrid Scheme - Equity Savings,2026-09-01,1.61,0.82,2026-09-03T15:06:40Z
FTMF/O/H/ESF/18/05/0034,Franklin India Equity Savings Fund,Open Ended,Hybrid Scheme - Equity Savings,2026-09-02,1.61,0.82,2026-09-03T15:06:40Z
FTMF/O/E/FCF/94/09/0003,Franklin India Flexi Cap Fund,Open Ended,Equity Scheme - Flexi Cap Fund,2026-09-01,1.77,1.0,2026-09-03T15:06:40Z
FTMF/O/E/FCF/94/09/0003,Franklin India Flexi Cap Fund,Open Ended,Equity Scheme - Flexi Cap Fund,2026-09-02,1.77,1.0,2026-09-03T15:06:40Z
FTMF/O/D/FLF/01/04/0015,Franklin India Floating Interest Rates Fund,Open Ended,Income/Debt Oriented Schemes - Floating Interest Rates Fund,2026-09-01,0.95,0.38,2026-09-03T15:06:40Z
FTMF/O/D/FLF/01/04/0015,Franklin India Floating Interest Rates Fund,Open Ended,Income/Debt Oriented Schemes - Floating Interest Rates Fund,2026-09-02,0.95,0.38,2026-09-03T15:06:40Z
FTMF/O/E/FOC/07/05/0026,Franklin India Focused Equity Fund,Open Ended,Equity Scheme - Focused Fund,2026-09-01,1.9,1.16,2026-09-03T15:06:40Z
FTMF/O/E/FOC/07/05/0026,Franklin India Focused Equity Fund,Open Ended,Equity Scheme - Focused Fund,2026-09-02,1.9,1.16,2026-09-03T15:06:40Z
FTMF/O/D/GIL/99/06/0010,Franklin India Gilt Fund,Open Ended,Income/Debt Oriented Schemes - Gilt Fund,2026-09-01,1.22,0.64,2026-09-03T15:06:40Z
FTMF/O/D/GIL/99/06/0010,Franklin India Gilt Fund,Open Ended,Income/Debt Oriented Schemes - Gilt Fund,2026-09-02,1.22,0.64,2026-09-03T15:06:40Z
FTMF/O/O/FOD/14/05/0032,Franklin India Income Plus Arbitrage Active Fund of Funds,Open Ended,Other Scheme - FoF Domestic,2026-09-01,0.51,0.2,2026-09-03T15:06:40Z
FTMF/O/O/FOD/14/05/0032,Franklin India Income Plus Arbitrage Active Fund of Funds,Open Ended,Other Scheme - FoF Domestic,2026-09-02,0.51,0.2,2026-09-03T15:06:40Z
FTMF/O/E/LMF/04/12/0023,Franklin India Large & Mid Cap Fund,Open Ended,Equity Scheme - Large & Mid Cap Fund,2026-09-01,2.31,1.65,2026-09-03T15:06:40Z
FTMF/O/E/LMF/04/12/0023,Franklin India Large & Mid Cap Fund,Open Ended,Equity Scheme - Large & Mid Cap Fund,2026-09-02,2.32,1.66,2026-09-03T15:06:40Z
FTMF/O/E/LCF/93/12/0002,Franklin India Large Cap Fund,Open Ended,Equity Scheme - Large Cap Fund,2026-09-01,2.16,1.47,2026-09-03T15:06:40Z
FTMF/O/E/LCF/93/12/0002,Franklin India Large Cap Fund,Open Ended,Equity Scheme - Large Cap Fund,2026-09-02,2.16,1.47,2026-09-03T15:06:40Z
FTMF/O/D/LIF/98/05/0007,Franklin India Liquid Fund,Open Ended,Debt Scheme - Liquid Fund,2026-09-01,0.2,0.14,2026-09-03T15:06:40Z
FTMF/O/D/LIF/98/05/0007,Franklin India Liquid Fund,Open Ended,Debt Scheme - Liquid Fund,2026-09-02,0.2,0.14,2026-09-03T15:06:40Z
FTMF/O/D /LON/24/06/0046,Franklin India Long Term Fund,Open Ended,Income/Debt Oriented Schemes - Long Term Fund,2026-09-01,0.8,0.35,2026-09-03T15:06:40Z
FTMF/O/D /LON/24/06/0046,Franklin India Long Term Fund,Open Ended,Income/Debt Oriented Schemes - Long Term Fund,2026-09-02,0.8,0.35,2026-09-03T15:06:40Z
FTMF/O/D /MLD/24/06/0047,Franklin India Medium to Long Term Fund,Open Ended,Income/Debt Oriented Schemes - Medium to Long Term Fund,2026-09-01,0.85,0.34,2026-09-03T15:06:40Z
FTMF/O/D /MLD/24/06/0047,Franklin India Medium to Long Term Fund,Open Ended,Income/Debt Oriented Schemes - Medium to Long Term Fund,2026-09-02,0.85,0.34,2026-09-03T15:06:40Z
FTMF/O/E/MIF/93/12/0001,Franklin India Mid Cap Fund,Open Ended,Equity Scheme - Mid Cap Fund,2026-09-01,1.91,1.14,2026-09-03T15:06:40Z
FTMF/O/E/MIF/93/12/0001,Franklin India Mid Cap Fund,Open Ended,Equity Scheme - Mid Cap Fund,2026-09-02,1.91,1.14,2026-09-03T15:06:40Z
FTMF/O/D/MMF/02/01/0016,Franklin India Money Market Fund,Open Ended,Debt Scheme - Money Market Fund,2026-09-01,0.28,0.14,2026-09-03T15:06:40Z
FTMF/O/D/MMF/02/01/0016,Franklin India Money Market Fund,Open Ended,Debt Scheme - Money Market Fund,2026-09-02,0.28,0.14,2026-09-03T15:06:40Z
FTMF/O/H /MAA/25/06/0051,Franklin India Multi Asset Allocation Fund,Open Ended,Hybrid Scheme - Multi Asset Allocation,2026-09-01,1.98,0.41,2026-09-03T15:06:40Z
FTMF/O/H /MAA/25/06/0051,Franklin India Multi Asset Allocation Fund,Open Ended,Hybrid Scheme - Multi Asset Allocation,2026-09-02,1.98,0.41,2026-09-03T15:06:40Z
FTMF/O/E/MCF/25/05/0044,Franklin India Multi Cap Fund,Open Ended,Equity Scheme - Multi Cap Fund,2026-09-01,2.34,1.01,2026-09-03T15:06:40Z
FTMF/O/E/MCF/25/05/0044,Franklin India Multi Cap Fund,Open Ended,Equity Scheme - Multi Cap Fund,2026-09-02,2.35,1.01,2026-09-03T15:06:40Z
FTMF/O/E /THE/25/08/0052,Franklin India Multi-Factor Fund,Open Ended,Equity Scheme - Sectoral/ Thematic,2026-09-01,2.73,1.18,2026-09-03T15:06:40Z
FTMF/O/E /THE/25/08/0052,Franklin India Multi-Factor Fund,Open Ended,Equity Scheme - Sectoral/ Thematic,2026-09-02,2.73,1.18,2026-09-03T15:06:40Z
FTMF/O/O/OIN/00/05/0013,Franklin India NSE Nifty 50 Index Fund,Open Ended,Other Scheme - Index Funds,2026-09-01,0.67,0.3,2026-09-03T15:06:40Z
FTMF/O/O/OIN/00/05/0013,Franklin India NSE Nifty 50 Index Fund,Open Ended,Other Scheme - Index Funds,2026-09-02,0.67,0.3,2026-09-03T15:06:40Z
FTMF/O/E/THE/00/02/0011,Franklin India Opportunities Fund,Open Ended,Equity Scheme - Sectoral/ Thematic,2026-09-01,2.09,0.89,2026-09-03T15:06:40Z
FTMF/O/E/THE/00/02/0011,Franklin India Opportunities Fund,Open Ended,Equity Scheme - Sectoral/ Thematic,2026-09-02,2.09,0.89,2026-09-03T15:06:40Z
FTMF/O/D/ONF/19/03/0042,Franklin India Overnight Fund,Open Ended,Debt Scheme - Overnight Fund,2026-09-01,0.1,0.07,2026-09-03T15:06:40Z
FTMF/O/D/ONF/19/03/0042,Franklin India Overnight Fund,Open Ended,Debt Scheme - Overnight Fund,2026-09-02,0.1,0.07,2026-09-03T15:06:40Z
FTMF/O/S/RET/97/03/0005,Franklin India Retirement Fund,Open Ended,Solution Oriented Scheme - Retirement Fund,2026-09-01,2.24,1.55,2026-09-03T15:06:40Z
FTMF/O/S/RET/97/03/0005,Franklin India Retirement Fund,Open Ended,Solution Oriented Scheme - Retirement Fund,2026-09-02,2.24,1.55,2026-09-03T15:06:40Z
FTMF/O/D /STF/26/06/0053,Franklin India Short Term Fund,Open Ended,Income/Debt Oriented Schemes - Short Term Fund,2026-09-01,0.99,0.37,2026-09-03T15:06:40Z
FTMF/O/D /STF/26/06/0053,Franklin India Short Term Fund,Open Ended,Income/Debt Oriented Schemes - Short Term Fund,2026-09-02,0.99,0.37,2026-09-03T15:06:40Z
FTMF/O/E/SCF/05/10/0024,Franklin India Small Cap Fund,Open Ended,Equity Scheme - Small Cap Fund,2026-09-01,1.85,1.07,2026-09-03T15:06:40Z
FTMF/O/E/SCF/05/10/0024,Franklin India Small Cap Fund,Open Ended,Equity Scheme - Small Cap Fund,2026-09-02,1.85,1.07,2026-09-03T15:06:40Z
FTMF/O/E/THE/98/08/0008,Franklin India Technology Fund,Open Ended,Equity Scheme - Sectoral/ Thematic,2026-09-01,2.13,1.17,2026-09-03T15:06:40Z
FTMF/O/E/THE/98/08/0008,Franklin India Technology Fund,Open Ended,Equity Scheme - Sectoral/ Thematic,2026-09-02,2.13,1.17,2026-09-03T15:06:40Z
FTMF/O/D/USD/24/07/0048,Franklin India Ultra Short Term Fund,Open Ended,Income/Debt Oriented Schemes - Ultra Short Term Fund,2026-09-01,0.72,0.29,2026-09-03T15:06:40Z
FTMF/O/D/USD/24/07/0048,Franklin India Ultra Short Term Fund,Open Ended,Income/Debt Oriented Schemes - Ultra Short Term Fund,2026-09-02,0.72,0.29,2026-09-03T15:06:40Z
FTMF/O/D /LOW/25/02/0050,Franklin India Ultra Short to Short Term Fund,Open Ended,Income/Debt Oriented Schemes - Ultra Short to Short Term Fund,2026-09-01,0.72,0.27,2026-09-03T15:06:40Z
FTMF/O/D /LOW/25/02/0050,Franklin India Ultra Short to Short Term Fund,Open Ended,Income/Debt Oriented Schemes - Ultra Short to Short Term Fund,2026-09-02,0.72,0.27,2026-09-03T15:06:40Z
FTMF/O/O/FOO/11/08/0029,Franklin U. S. Opportunities Equity Active Fund of Funds,Open Ended,Other Scheme - FoF Overseas,2026-09-01,1.46,0.54,2026-09-03T15:06:40Z
FTMF/O/O/FOO/11/08/0029,Franklin U. S. Opportunities Equity Active Fund of Funds,Open Ended,Other Scheme - FoF Overseas,2026-09-02,1.46,0.54,2026-09-03T15:06:40Z
INDB/O/H/AHF/18/05/0008,Groww Aggressive Hybrid Fund,Open Ended,Hybrid Schemes - Aggressive Hybrid Fund,2026-09-01,2.92,1.96,2026-09-03T15:06:40Z
INDB/O/H/AHF/18/05/0008,Groww Aggressive Hybrid Fund,Open Ended,Hybrid Schemes - Aggressive Hybrid Fund,2026-09-02,2.92,1.96,2026-09-03T15:06:40Z
GROW/O/E /ARB/26/02/0059,Groww Arbitrage Fund,Open Ended,Hybrid Schemes - Arbitrage Fund,2026-09-01,2.44,1.71,2026-09-03T15:06:40Z
GROW/O/E /ARB/26/02/0059,Groww Arbitrage Fund,Open Ended,Hybrid Schemes - Arbitrage Fund,2026-09-02,2.44,1.71,2026-09-03T15:06:40Z
GROW/O/E/SEC/23/11/0012,Groww Banking & Financial Services Fund,Open Ended,Equity Schemes - Sectoral Fund,2026-09-01,2.98,1.12,2026-09-03T15:06:40Z
GROW/O/E/SEC/23/11/0012,Groww Banking & Financial Services Fund,Open Ended,Equity Schemes - Sectoral Fund,2026-09-02,2.98,1.12,2026-09-03T15:06:40Z
GROW/O/O/EET/25/11/0055,Groww BSE Hospitals ETF,Open Ended,Exchange Traded Funds (ETFs) - Other ETF,2026-09-01,0.0,0.54,2026-09-03T15:06:40Z
GROW/O/O/EET/25/11/0055,Groww BSE Hospitals ETF,Open Ended,Exchange Traded Funds (ETFs) - Other ETF,2026-09-02,0.0,0.54,2026-09-03T15:06:40Z
GROW/O/O/FOD/25/11/0056,Groww BSE Hospitals ETF FOF,Open Ended,Fund of Funds Scheme (Domestic) - Fund of Funds Scheme (Domestic),2026-09-01,0.61,0.23,2026-09-03T15:06:40Z
GROW/O/O/FOD/25/11/0056,Groww BSE Hospitals ETF FOF,Open Ended,Fund of Funds Scheme (Domestic) - Fund of Funds Scheme (Domestic),2026-09-02,0.61,0.23,2026-09-03T15:06:40Z
GROW/O/O/EET/25/06/0037,Groww BSE Power ETF,Open Ended,Exchange Traded Funds (ETFs) - Other ETF,2026-09-01,0.0,0.48,2026-09-03T15:06:40Z
GROW/O/O/EET/25/06/0037,Groww BSE Power ETF,Open Ended,Exchange Traded Funds (ETFs) - Other ETF,2026-09-02,0.0,0.48,2026-09-03T15:06:40Z
GROW/O/O/FOD/25/06/0038,Groww BSE Power ETF FOF,Open Ended,Fund of Funds Scheme (Domestic) - Fund of Funds Scheme (Domestic),2026-09-01,0.65,0.25,2026-09-03T15:06:40Z
GROW/O/O/FOD/25/06/0038,Groww BSE Power ETF FOF,Open Ended,Fund of Funds Scheme (Domestic) - Fund of Funds Scheme (Domestic),2026-09-02,0.65,0.25,2026-09-03T15:06:40Z
INDB/O/D/DBF/18/05/0007,Groww Dynamic Term Fund,Open Ended,Income/Debt Oriented Schemes - Dynamic Term Fund,2026-09-01,1.36,0.45,2026-09-03T15:06:40Z
INDB/O/D/DBF/18/05/0007,Groww Dynamic Term Fund,Open Ended,Income/Debt Oriented Schemes - Dynamic Term Fund,2026-09-02,1.36,0.45,2026-09-03T15:06:40Z
INDB/O/E/ELS/17/08/0006,Groww ELSS Tax Saver Fund,Open Ended,Equity Schemes - ELSS- Tax Saver Fund,2026-09-01,2.92,1.45,2026-09-03T15:06:40Z
INDB/O/E/ELS/17/08/0006,Groww ELSS Tax Saver Fund,Open Ended,Equity Schemes - ELSS- Tax Saver Fund,2026-09-02,2.92,1.45,2026-09-03T15:06:40Z
GROW/O/D /GIL/25/03/0029,Groww Gilt Fund,Open Ended,Income/Debt Oriented Schemes - Gilt Fund,2026-09-01,1.68,0.57,2026-09-03T15:06:40Z
GROW/O/D /GIL/25/03/0029,Groww Gilt Fund,Open Ended,Income/Debt Oriented Schemes - Gilt Fund,2026-09-02,1.68,0.57,2026-09-03T15:06:40Z
GROW/O/O/GET/24/09/0020,GROWW Gold ETF,Open Ended,Exchange Traded Funds (ETFs) - Gold ETF,2026-09-01,0.0,0.71,2026-09-03T15:06:40Z
GROW/O/O/GET/24/09/0020,GROWW Gold ETF,Open Ended,Exchange Traded Funds (ETFs) - Gold ETF,2026-09-02,0.0,0.71,2026-09-03T15:06:40Z
GROW/O/O/FOD/24/09/0021,Groww Gold ETF FOF,Open Ended,Fund of Funds Scheme (Domestic) - Fund of Funds Scheme (Domestic),2026-09-01,0.36,0.14,2026-09-03T15:06:40Z
GROW/O/O/FOD/24/09/0021,Groww Gold ETF FOF,Open Ended,Fund of Funds Scheme (Domestic) - Fund of Funds Scheme (Domestic),2026-09-02,0.36,0.14,2026-09-03T15:06:40Z
INDB/O/E/LCF/11/11/0002,Groww Large Cap Fund,Open Ended,Equity Schemes - Large Cap Fund,2026-09-01,2.71,1.41,2026-09-03T15:06:40Z
INDB/O/E/LCF/11/11/0002,Groww Large Cap Fund,Open Ended,Equity Schemes - Large Cap Fund,2026-09-02,2.71,1.41,2026-09-03T15:06:40Z
INDB/O/D/LIF/11/10/0001,Groww Liquid Fund,Open Ended,Income/Debt Oriented Schemes - Liquid Fund,2026-09-01,0.21,0.11,2026-09-03T15:06:40Z
INDB/O/D/LIF/11/10/0001,Groww Liquid Fund,Open Ended,Income/Debt Oriented Schemes - Liquid Fund,2026-09-02,0.21,0.11,2026-09-03T15:06:40Z
GROW/O/D /MMF/25/09/0048,Groww Money Market Fund,Open Ended,Income/Debt Oriented Schemes - Money Market Fund,2026-09-01,0.86,0.25,2026-09-03T15:06:40Z
GROW/O/D /MMF/25/09/0048,Groww Money Market Fund,Open Ended,Income/Debt Oriented Schemes - Money Market Fund,2026-09-02,0.86,0.25,2026-09-03T15:06:40Z
GROW/O/E /MAA/25/07/0041,Groww Multi Asset Allocation Fund,Open Ended,Hybrid Schemes - Multi Asset Allocation Fund,2026-09-01,2.68,0.89,2026-09-03T15:06:40Z
GROW/O/E /MAA/25/07/0041,Groww Multi Asset Allocation Fund,Open Ended,Hybrid Schemes - Multi Asset Allocation Fund,2026-09-02,2.68,0.89,2026-09-03T15:06:40Z
GROW/O/O/FOD/25/09/0050,Groww Multi Asset Omni FOF,Open Ended,Fund of Funds Scheme (Domestic) - Fund of Funds Scheme (Domestic),2026-09-01,1.27,0.18,2026-09-03T15:06:40Z
GROW/O/O/FOD/25/09/0050,Groww Multi Asset Omni FOF,Open Ended,Fund of Funds Scheme (Domestic) - Fund of Funds Scheme (Domestic),2026-09-02,1.27,0.18,2026-09-03T15:06:40Z
GROW/O/E /MCF/24/09/0022,Groww Multicap Fund,Open Ended,Equity Schemes - Multi Cap Fund,2026-09-01,2.79,0.95,2026-09-03T15:06:40Z
GROW/O/E /MCF/24/09/0022,Groww Multicap Fund,Open Ended,Equity Schemes - Multi Cap Fund,2026-09-02,2.79,0.95,2026-09-03T15:06:40Z
GROW/O/O/DET/24/09/0018,GROWW NIFTY 1D Rate Liquid ETF,Open Ended,Exchange Traded Funds (ETFs) - Debt ETF,2026-09-01,0.0,0.38,2026-09-03T15:06:40Z
GROW/O/O/DET/24/09/0018,GROWW NIFTY 1D Rate Liquid ETF,Open Ended,Exchange Traded Funds (ETFs) - Debt ETF,2026-09-02,0.0,0.38,2026-09-03T15:06:40Z
GROW/O/O/EET/24/10/0025,GROWW NIFTY 200 ETF,Open Ended,Exchange Traded Funds (ETFs) - Other ETF,2026-09-01,0.0,0.42,2026-09-03T15:06:40Z
GROW/O/O/EET/24/10/0025,GROWW NIFTY 200 ETF,Open Ended,Exchange Traded Funds (ETFs) - Other ETF,2026-09-02,0.0,0.42,2026-09-03T15:06:40Z
GROW/O/O/FOD/24/10/0026,Groww Nifty 200 ETF FOF,Open Ended,Fund of Funds Scheme (Domestic) - Fund of Funds Scheme (Domestic),2026-09-01,0.66,0.17,2026-09-03T15:06:40Z
GROW/O/O/FOD/24/10/0026,Groww Nifty 200 ETF FOF,Open Ended,Fund of Funds Scheme (Domestic) - Fund of Funds Scheme (Domestic),2026-09-02,0.66,0.17,2026-09-03T15:06:40Z
GROW/O/O/EET/25/06/0035,Groww Nifty 50 ETF,Open Ended,Exchange Traded Funds (ETFs) - Other ETF,2026-09-01,0.0,0.2,2026-09-03T15:06:40Z
GROW/O/O/EET/25/06/0035,Groww Nifty 50 ETF,Open Ended,Exchange Traded Funds (ETFs) - Other ETF,2026-09-02,0.0,0.2,2026-09-03T15:06:40Z
GROW/O/O/EIN/25/06/0036,Groww Nifty 50 Index Fund,Open Ended,Index Funds - Equity Funds,2026-09-01,1.13,0.45,2026-09-03T15:06:40Z
GROW/O/O/EIN/25/06/0036,Groww Nifty 50 Index Fund,Open Ended,Index Funds - Equity Funds,2026-09-02,1.13,0.45,2026-09-03T15:06:40Z
GROW/O/O/EET/25/02/0032,Groww Nifty 500 Low Volatility 50 ETF,Open Ended,Exchange Traded Funds (ETFs) - Other ETF,2026-09-01,0.0,0.54,2026-09-03T15:06:40Z
GROW/O/O/EET/25/02/0032,Groww Nifty 500 Low Volatility 50 ETF,Open Ended,Exchange Traded Funds (ETFs) - Other ETF,2026-09-02,0.0,0.54,2026-09-03T15:06:40Z
GROW/O/O/EET/24/10/0027,Groww Nifty 500 Momentum 50 ETF,Open Ended,Exchange Traded Funds (ETFs) - Other ETF,2026-09-01,0.0,0.88,2026-09-03T15:06:40Z
GROW/O/O/EET/24/10/0027,Groww Nifty 500 Momentum 50 ETF,Open Ended,Exchange Traded Funds (ETFs) - Other ETF,2026-09-02,0.0,0.88,2026-09-03T15:06:40Z
GROW/O/O/FOD/24/10/0028,Groww Nifty 500 Momentum 50 ETF FOF,Open Ended,Fund of Funds Scheme (Domestic) - Fund of Funds Scheme (Domestic),2026-09-01,0.59,0.16,2026-09-03T15:06:40Z
GROW/O/O/FOD/24/10/0028,Groww Nifty 500 Momentum 50 ETF FOF,Open Ended,Fund of Funds Scheme (Domestic) - Fund of Funds Scheme (Domestic),2026-09-02,0.59,0.16,2026-09-03T15:06:40Z
GROW/O/O/EET/25/07/0042,Groww Nifty Capital Markets ETF,Open Ended,Exchange Traded Funds (ETFs) - Other ETF,2026-09-01,0.0,0.49,2026-09-03T15:06:40Z
GROW/O/O/EET/25/07/0042,Groww Nifty Capital Markets ETF,Open Ended,Exchange Traded Funds (ETFs) - Other ETF,2026-09-02,0.0,0.49,2026-09-03T15:06:40Z
GROW/O/O/FOD/25/07/0043,Groww Nifty Capital Markets ETF FOF,Open Ended,Fund of Funds Scheme (Domestic) - Fund of Funds Scheme (Domestic),2026-09-01,0.64,0.21,2026-09-03T15:06:40Z
GROW/O/O/FOD/25/07/0043,Groww Nifty Capital Markets ETF FOF,Open Ended,Fund of Funds Scheme (Domestic) - Fund of Funds Scheme (Domestic),2026-09-02,0.64,0.21,2026-09-03T15:06:40Z
GROW/O/O/EET/26/06/0064,Groww Nifty Cements ETF,Open Ended,Exchange Traded Funds (ETFs) - Other ETF,2026-09-01,0.0,1.53,2026-09-03T15:06:40Z
GROW/O/O/EET/26/06/0064,Groww Nifty Cements ETF,Open Ended,Exchange Traded Funds (ETFs) - Other ETF,2026-09-02,0.0,1.53,2026-09-03T15:06:40Z
GROW/O/O/EET/25/07/0052,Groww Nifty Chemicals ETF,Open Ended,Exchange Traded Funds (ETFs) - Other ETF,2026-09-01,0.0,0.48,2026-09-03T15:06:40Z
GROW/O/O/EET/25/07/0052,Groww Nifty Chemicals ETF,Open Ended,Exchange Traded Funds (ETFs) - Other ETF,2026-09-02,0.0,0.48,2026-09-03T15:06:40Z
GROW/O/O/EET/24/07/0015,Groww Nifty EV & New Age Automotive ETF,Open Ended,Exchange Traded Funds (ETFs) - Other ETF,2026-09-01,0.0,0.64,2026-09-03T15:06:40Z
GROW/O/O/EET/24/07/0015,Groww Nifty EV & New Age Automotive ETF,Open Ended,Exchange Traded Funds (ETFs) - Other ETF,2026-09-02,0.0,0.64,2026-09-03T15:06:40Z
GROW/O/O/FOD/24/07/0016,Groww Nifty EV & New Age Automotive ETF FOF,Open Ended,Fund of Funds Scheme (Domestic) - Fund of Funds Scheme (Domestic),2026-09-01,0.44,0.14,2026-09-03T15:06:40Z
GROW/O/O/FOD/24/07/0016,Groww Nifty EV & New Age Automotive ETF FOF,Open Ended,Fund of Funds Scheme (Domestic) - Fund of Funds Scheme (Domestic),2026-09-02,0.44,0.14,2026-09-03T15:06:40Z
GROW/O/O/EET/24/08/0017,Groww Nifty India Defence ETF,Open Ended,Exchange Traded Funds (ETFs) - Other ETF,2026-09-01,0.0,0.62,2026-09-03T15:06:40Z
GROW/O/O/EET/24/08/0017,Groww Nifty India Defence ETF,Open Ended,Exchange Traded Funds (ETFs) - Other ETF,2026-09-02,0.0,0.62,2026-09-03T15:06:40Z
GROW/O/O/FOD/24/08/0019,Groww Nifty India Defence ETF FOF,Open Ended,Fund of Funds Scheme (Domestic) - Fund of Funds Scheme (Domestic),2026-09-01,0.48,0.14,2026-09-03T15:06:40Z
GROW/O/O/FOD/24/08/0019,Groww Nifty India Defence ETF FOF,Open Ended,Fund of Funds Scheme (Domestic) - Fund of Funds Scheme (Domestic),2026-09-02,0.48,0.14,2026-09-03T15:06:40Z
GROW/O/O/EET/25/05/0033,Groww Nifty India internet ETF,Open Ended,Exchange Traded Funds (ETFs) - Other ETF,2026-09-01,0.0,0.43,2026-09-03T15:06:40Z
GROW/O/O/EET/25/05/0033,Groww Nifty India internet ETF,Open Ended,Exchange Traded Funds (ETFs) - Other ETF,2026-09-02,0.0,0.43,2026-09-03T15:06:40Z
GROW/O/O/FOD/25/05/0034,Groww Nifty India internet ETF FOF,Open Ended,Fund of Funds Scheme (Domestic) - Fund of Funds Scheme (Domestic),2026-09-01,0.67,0.23,2026-09-03T15:06:40Z
GROW/O/O/FOD/25/05/0034,Groww Nifty India internet ETF FOF,Open Ended,Fund of Funds Scheme (Domestic) - Fund of Funds Scheme (Domestic),2026-09-02,0.67,0.23,2026-09-03T15:06:40Z
GROW/O/O/EET/24/12/0024,Groww Nifty India Railways PSU ETF,Open Ended,Exchange Traded Funds (ETFs) - Other ETF,2026-09-01,0.0,0.53,2026-09-03T15:06:40Z
GROW/O/O/EET/24/12/0024,Groww Nifty India Railways PSU ETF,Open Ended,Exchange Traded Funds (ETFs) - Other ETF,2026-09-02,0.0,0.53,2026-09-03T15:06:40Z
GROW/O/O/EIN/24/12/0023,Groww Nifty India Railways PSU Index Fund,Open Ended,Index Funds - Equity Funds,2026-09-01,1.16,0.71,2026-09-03T15:06:40Z
GROW/O/O/EIN/24/12/0023,Groww Nifty India Railways PSU Index Fund,Open Ended,Index Funds - Equity Funds,2026-09-02,1.17,0.71,2026-09-03T15:06:40Z
GROW/O/O/EET/25/07/0049,Groww Nifty Metal ETF,Open Ended,Exchange Traded Funds (ETFs) - Other ETF,2026-09-01,0.0,0.56,2026-09-03T15:06:40Z
GROW/O/O/EET/25/07/0049,Groww Nifty Metal ETF,Open Ended,Exchange Traded Funds (ETFs) - Other ETF,2026-09-02,0.0,0.56,2026-09-03T15:06:40Z
GROW/O/O/EET/25/07/0046,Groww Nifty Midcap 150 ETF,Open Ended,Exchange Traded Funds (ETFs) - Other ETF,2026-09-01,0.0,0.27,2026-09-03T15:06:40Z
GROW/O/O/EET/25/07/0046,Groww Nifty Midcap 150 ETF,Open Ended,Exchange Traded Funds (ETFs) - Other ETF,2026-09-02,0.0,0.27,2026-09-03T15:06:40Z
GROW/O/O/EIN/25/07/0047,Groww Nifty Midcap 150 Index Fund,Open Ended,Index Funds - Equity Funds,2026-09-01,1.13,0.49,2026-09-03T15:06:40Z
GROW/O/O/EIN/25/07/0047,Groww Nifty Midcap 150 Index Fund,Open Ended,Index Funds - Equity Funds,2026-09-02,1.13,0.49,2026-09-03T15:06:40Z
GROW/O/O/EET/25/07/0039,Groww Nifty Next 50 ETF,Open Ended,Exchange Traded Funds (ETFs) - Other ETF,2026-09-01,0.0,0.38,2026-09-03T15:06:40Z
GROW/O/O/EET/25/07/0039,Groww Nifty Next 50 ETF,Open Ended,Exchange Traded Funds (ETFs) - Other ETF,2026-09-02,0.0,0.38,2026-09-03T15:06:40Z
GROW/O/O/EIN/25/07/0040,Groww Nifty Next 50 Index Fund,Open Ended,Index Funds - Equity Funds,2026-09-01,1.15,0.47,2026-09-03T15:06:40Z
GROW/O/O/EIN/25/07/0040,Groww Nifty Next 50 Index Fund,Open Ended,Index Funds - Equity Funds,2026-09-02,1.16,0.47,2026-09-03T15:06:40Z
GROW/O/O/EIN/24/04/0014,Groww Nifty Non-Cyclical Consumer Index Fund,Open Ended,Index Funds - Equity Funds,2026-09-01,1.09,0.64,2026-09-03T15:06:40Z
GROW/O/O/EIN/24/04/0014,Groww Nifty Non-Cyclical Consumer Index Fund,Open Ended,Index Funds - Equity Funds,2026-09-02,1.1,0.64,2026-09-03T15:06:40Z
GROW/O/O/EET/26/02/0061,Groww Nifty Private Bank ETF,Open Ended,Exchange Traded Funds (ETFs) - Other ETF,2026-09-01,0.0,0.71,2026-09-03T15:06:40Z
GROW/O/O/EET/26/02/0061,Groww Nifty Private Bank ETF,Open Ended,Exchange Traded Funds (ETFs) - Other ETF,2026-09-02,0.0,0.71,2026-09-03T15:06:40Z
GROW/O/O/EIN/26/02/0060,Groww Nifty Private Bank Index Fund,Open Ended,Index Funds - Equity Funds,2026-09-01,1.93,1.26,2026-09-03T15:06:40Z
GROW/O/O/EIN/26/02/0060,Groww Nifty Private Bank Index Fund,Open Ended,Index Funds - Equity Funds,2026-09-02,1.93,1.26,2026-09-03T15:06:40Z
GROW/O/O/EET/25/07/0053,Groww Nifty PSE ETF,Open Ended,Exchange Traded Funds (ETFs) - Other ETF,2026-09-01,0.0,0.54,2026-09-03T15:06:40Z
GROW/O/O/EET/25/07/0053,Groww Nifty PSE ETF,Open Ended,Exchange Traded Funds (ETFs) - Other ETF,2026-09-02,0.0,0.54,2026-09-03T15:06:40Z
GROW/O/O/FOD/25/07/0054,Groww Nifty PSE ETF FOF,Open Ended,Fund of Funds Scheme (Domestic) - Fund of Funds Scheme (Domestic),2026-09-01,0.53,0.25,2026-09-03T15:06:40Z
GROW/O/O/FOD/25/07/0054,Groww Nifty PSE ETF FOF,Open Ended,Fund of Funds Scheme (Domestic) - Fund of Funds Scheme (Domestic),2026-09-02,0.52,0.23,2026-09-03T15:06:40Z
GROW/O/O/EET/26/02/0057,Groww Nifty PSU Bank ETF,Open Ended,Exchange Traded Funds (ETFs) - Other ETF,2026-09-01,0.0,0.49,2026-09-03T15:06:40Z
GROW/O/O/EET/26/02/0057,Groww Nifty PSU Bank ETF,Open Ended,Exchange Traded Funds (ETFs) - Other ETF,2026-09-02,0.0,0.49,2026-09-03T15:06:40Z
GROW/O/O/EIN/26/02/0058,Groww Nifty PSU Bank Index Fund,Open Ended,Index Funds - Equity Funds,2026-09-01,1.88,1.37,2026-09-03T15:06:40Z
GROW/O/O/EIN/26/02/0058,Groww Nifty PSU Bank Index Fund,Open Ended,Index Funds - Equity Funds,2026-09-02,1.88,1.37,2026-09-03T15:06:40Z
GROW/O/O/EET/25/07/0044,Groww Nifty Realty ETF,Open Ended,Exchange Traded Funds (ETFs) - Other ETF,2026-09-01,0.0,0.48,2026-09-03T15:06:40Z
GROW/O/O/EET/25/07/0044,Groww Nifty Realty ETF,Open Ended,Exchange Traded Funds (ETFs) - Other ETF,2026-09-02,0.0,0.48,2026-09-03T15:06:40Z
GROW/O/O/EET/25/08/0045,Groww Nifty Smallcap 250 ETF,Open Ended,Exchange Traded Funds (ETFs) - Other ETF,2026-09-01,0.0,0.38,2026-09-03T15:06:40Z
GROW/O/O/EET/25/08/0045,Groww Nifty Smallcap 250 ETF,Open Ended,Exchange Traded Funds (ETFs) - Other ETF,2026-09-02,0.0,0.38,2026-09-03T15:06:40Z
GROW/O/O/EIN/24/01/0013,Groww Nifty Smallcap 250 Index Fund,Open Ended,Index Funds - Equity Funds,2026-09-01,1.09,0.58,2026-09-03T15:06:40Z
GROW/O/O/EIN/24/01/0013,Groww Nifty Smallcap 250 Index Fund,Open Ended,Index Funds - Equity Funds,2026-09-02,1.09,0.58,2026-09-03T15:06:40Z
GROW/O/O/EET/26/05/0062,Groww Nifty Smallcap 250 Momentum Quality 100 ETF,Open Ended,Exchange Traded Funds (ETFs) - Other ETF,2026-09-01,0.0,1.52,2026-09-03T15:06:40Z
GROW/O/O/EET/26/05/0062,Groww Nifty Smallcap 250 Momentum Quality 100 ETF,Open Ended,Exchange Traded Funds (ETFs) - Other ETF,2026-09-02,0.0,1.52,2026-09-03T15:06:40Z
GROW/O/O/EIN/26/05/0063,Groww Nifty Smallcap 250 Momentum Quality 100 Index Fund,Open Ended,Index Funds - Equity Funds,2026-09-01,2.34,1.77,2026-09-03T15:06:40Z
GROW/O/O/EIN/26/05/0063,Groww Nifty Smallcap 250 Momentum Quality 100 Index Fund,Open Ended,Index Funds - Equity Funds,2026-09-02,2.34,1.77,2026-09-03T15:06:40Z
GROW/O/O/EIN/23/09/0011,Groww Nifty Total Market Index Fund,Open Ended,Index Funds - Equity Funds,2026-09-01,1.07,0.65,2026-09-03T15:06:40Z
GROW/O/O/EIN/23/09/0011,Groww Nifty Total Market Index Fund,Open Ended,Index Funds - Equity Funds,2026-09-02,1.08,0.65,2026-09-03T15:06:40Z
INDB/O/D/ONF/18/12/0010,Groww Overnight Fund,Open Ended,Income/Debt Oriented Schemes - Overnight Fund,2026-09-01,0.29,0.17,2026-09-03T15:06:40Z
INDB/O/D/ONF/18/12/0010,Groww Overnight Fund,Open Ended,Income/Debt Oriented Schemes - Overnight Fund,2026-09-02,0.29,0.17,2026-09-03T15:06:40Z
INDB/O/D/SDF/13/07/0003,Groww Short Term Fund,Open Ended,Income/Debt Oriented Schemes - Short Term Fund,2026-09-01,1.06,0.32,2026-09-03T15:06:40Z
INDB/O/D/SDF/13/07/0003,Groww Short Term Fund,Open Ended,Income/Debt Oriented Schemes - Short Term Fund,2026-09-02,1.06,0.32,2026-09-03T15:06:40Z
GROW/O/O/OET/25/04/0030,Groww Silver ETF,Open Ended,Exchange Traded Funds (ETFs) - Silver ETF,2026-09-01,0.0,0.53,2026-09-03T15:06:40Z
GROW/O/O/OET/25/04/0030,Groww Silver ETF,Open Ended,Exchange Traded Funds (ETFs) - Silver ETF,2026-09-02,0.0,0.53,2026-09-03T15:06:40Z
GROW/O/O/FOD/25/04/0031,Groww Silver ETF FOF,Open Ended,Fund of Funds Scheme (Domestic) - Fund of Funds Scheme (Domestic),2026-09-01,0.52,0.18,2026-09-03T15:06:40Z
GROW/O/O/FOD/25/04/0031,Groww Silver ETF FOF,Open Ended,Fund of Funds Scheme (Domestic) - Fund of Funds Scheme (Domestic),2026-09-02,0.52,0.18,2026-09-03T15:06:40Z
GROW/O/E /SCF/25/10/0051,Groww Small Cap Fund,Open Ended,Equity Schemes - Small Cap Fund,2026-09-01,2.83,1.05,2026-09-03T15:06:40Z
GROW/O/E /SCF/25/10/0051,Groww Small Cap Fund,Open Ended,Equity Schemes - Small Cap Fund,2026-09-02,2.83,1.05,2026-09-03T15:06:40Z
INDB/O/E/VAF/15/08/0005,Groww Value Fund,Open Ended,Equity Schemes - Value Fund,2026-09-01,2.99,1.57,2026-09-03T15:06:40Z
INDB/O/E/VAF/15/08/0005,Groww Value Fund,Open Ended,Equity Schemes - Value Fund,2026-09-02,2.99,1.57,2026-09-03T15:06:40Z
HELI/O/H/ARB/25/12/0008,Helios Arbitrage Fund,Open Ended,Hybrid Schemes - Arbitrage Fund,2026-09-01,2.41,1.88,2026-09-03T15:06:40Z
HELI/O/H/ARB/25/12/0008,Helios Arbitrage Fund,Open Ended,Hybrid Schemes - Arbitrage Fund,2026-09-02,2.41,1.88,2026-09-03T15:06:40Z
HELI/O/H/BAF/24/02/0003,Helios Balanced Advantage Fund,Open Ended,Hybrid Schemes - Balanced Advantage Fund/ Dynamic Asset Allocation,2026-09-01,2.82,1.3,2026-09-03T15:06:40Z
HELI/O/H/BAF/24/02/0003,Helios Balanced Advantage Fund,Open Ended,Hybrid Schemes - Balanced Advantage Fund/ Dynamic Asset Allocation,2026-09-02,2.82,1.3,2026-09-03T15:06:40Z
HELI/O/E/SEC/24/05/0004,Helios Financial Services Fund,Open Ended,Equity Schemes - Sectoral Fund,2026-09-01,2.7,1.15,2026-09-03T15:06:40Z
HELI/O/E/SEC/24/05/0004,Helios Financial Services Fund,Open Ended,Equity Schemes - Sectoral Fund,2026-09-02,2.7,1.15,2026-09-03T15:06:40Z
HELI/O/E/FCF/23/09/0001,Helios Flexi Cap Fund,Open Ended,Equity Schemes - Flexi Cap Fund,2026-09-01,2.1,0.86,2026-09-03T15:06:40Z
HELI/O/E/FCF/23/09/0001,Helios Flexi Cap Fund,Open Ended,Equity Schemes - Flexi Cap Fund,2026-09-02,2.1,0.86,2026-09-03T15:06:40Z
HELI/O/E /LMF/24/06/0005,Helios Large & Mid Cap Fund,Open Ended,Equity Schemes - Large & Mid Cap Fund,2026-09-01,2.62,1.05,2026-09-03T15:06:40Z
HELI/O/E /LMF/24/06/0005,Helios Large & Mid Cap Fund,Open Ended,Equity Schemes - Large & Mid Cap Fund,2026-09-02,2.62,1.05,2026-09-03T15:06:40Z
HELI/O/E/MIF/24/08/0006,Helios Mid Cap Fund,Open Ended,Equity Schemes - Mid Cap Fund,2026-09-01,2.44,0.99,2026-09-03T15:06:40Z
HELI/O/E/MIF/24/08/0006,Helios Mid Cap Fund,Open Ended,Equity Schemes - Mid Cap Fund,2026-09-02,2.44,0.99,2026-09-03T15:06:40Z
HELI/O/D/ONF/23/09/0002,Helios Overnight Fund,Open Ended,Income/Debt Oriented Schemes - Overnight Fund,2026-09-01,0.21,0.17,2026-09-03T15:06:40Z
HELI/O/D/ONF/23/09/0002,Helios Overnight Fund,Open Ended,Income/Debt Oriented Schemes - Overnight Fund,2026-09-02,0.21,0.17,2026-09-03T15:06:40Z
HELI/O/E /SCF/25/07/0007,Helios Small Cap Fund,Open Ended,Equity Schemes - Small Cap Fund,2026-09-01,2.46,0.92,2026-09-03T15:06:40Z
HELI/O/E /SCF/25/07/0007,Helios Small Cap Fund,Open Ended,Equity Schemes - Small Cap Fund,2026-09-02,2.46,0.92,2026-09-03T15:06:40Z
HSBC/O/O/FOD/13/12/0016,HSBC Aggressive Hybrid Active FOF (erstwhile HSBC Managed Solutions India - Growth fund),Open Ended,Fund of Funds Scheme (Domestic) - Fund of Funds Scheme (Domestic),2026-09-01,1.46,0.24,2026-09-03T15:06:40Z
HSBC/O/O/FOD/13/12/0016,HSBC Aggressive Hybrid Active FOF (erstwhile HSBC Managed Solutions India - Growth fund),Open Ended,Fund of Funds Scheme (Domestic) - Fund of Funds Scheme (Domestic),2026-09-02,1.46,0.24,2026-09-03T15:06:40Z
LTMF/O/H/AHF/10/10/0018,HSBC Aggressive Hybrid Fund,Open Ended,Hybrid Schemes - Aggressive Hybrid Fund,2026-09-01,1.95,0.94,2026-09-03T15:06:40Z
LTMF/O/H/AHF/10/10/0018,HSBC Aggressive Hybrid Fund,Open Ended,Hybrid Schemes - Aggressive Hybrid Fund,2026-09-02,1.96,0.95,2026-09-03T15:06:40Z
LTMF/O/H/ARB/14/06/0024,HSBC Arbitrage Fund,Open Ended,Hybrid Schemes - Arbitrage Fund,2026-09-01,2.09,1.47,2026-09-03T15:06:40Z
LTMF/O/H/ARB/14/06/0024,HSBC Arbitrage Fund,Open Ended,Hybrid Schemes - Arbitrage Fund,2026-09-02,2.09,1.47,2026-09-03T15:06:40Z
HSBC/O/O/FOO/13/09/0014,HSBC Asia Pacific (Ex Japan) Dividend Yield Fund,Open Ended,Overseas Fund of Funds - Fund of Funds investing overseas,2026-09-01,1.38,0.82,2026-09-03T15:06:40Z
HSBC/O/O/FOO/13/09/0014,HSBC Asia Pacific (Ex Japan) Dividend Yield Fund,Open Ended,Overseas Fund of Funds - Fund of Funds investing overseas,2026-09-02,1.38,0.82,2026-09-03T15:06:40Z
LTMF/O/H/DAA/10/10/0017,HSBC Balanced Advantage Fund,Open Ended,Hybrid Schemes - Balanced Advantage Fund/ Dynamic Asset Allocation,2026-09-01,2.47,1.15,2026-09-03T15:06:40Z
LTMF/O/H/DAA/10/10/0017,HSBC Balanced Advantage Fund,Open Ended,Hybrid Schemes - Balanced Advantage Fund/ Dynamic Asset Allocation,2026-09-02,2.47,1.15,2026-09-03T15:06:40Z
LTMF/O/D/BPF/12/02/0022,HSBC Banking and PSU Debt Fund,Open Ended,Income/Debt Oriented Schemes - Banking and PSU Debt Fund,2026-09-01,0.61,0.28,2026-09-03T15:06:40Z
LTMF/O/D/BPF/12/02/0022,HSBC Banking and PSU Debt Fund,Open Ended,Income/Debt Oriented Schemes - Banking and PSU Debt Fund,2026-09-02,0.61,0.28,2026-09-03T15:06:40Z
HSBC/O/O/FOO/11/02/0013,HSBC Brazil Fund,Open Ended,Overseas Fund of Funds - Fund of Funds investing overseas,2026-09-01,1.44,0.92,2026-09-03T15:06:40Z
HSBC/O/O/FOO/11/02/0013,HSBC Brazil Fund,Open Ended,Overseas Fund of Funds - Fund of Funds investing overseas,2026-09-02,1.44,0.92,2026-09-03T15:06:40Z
LTMF/O/E/THE/14/07/0025,HSBC Business Cycles Fund,Open Ended,Equity Schemes - Thematic Fund,2026-09-01,2.32,1.12,2026-09-03T15:06:40Z
LTMF/O/E/THE/14/07/0025,HSBC Business Cycles Fund,Open Ended,Equity Schemes - Thematic Fund,2026-09-02,2.32,1.12,2026-09-03T15:06:40Z
HSBC/O/H/CHF/04/01/0006,HSBC Conservative Hybrid Fund,Open Ended,Hybrid Schemes - Conservative Hybrid Fund,2026-09-01,2.18,1.18,2026-09-03T15:06:40Z
HSBC/O/H/CHF/04/01/0006,HSBC Conservative Hybrid Fund,Open Ended,Hybrid Schemes - Conservative Hybrid Fund,2026-09-02,2.18,1.18,2026-09-03T15:06:40Z
HSBC/O/E/THE/23/05/0036,HSBC Consumption Fund,Open Ended,Equity Schemes - Thematic Fund,2026-09-01,2.19,0.86,2026-09-03T15:06:40Z
HSBC/O/E/THE/23/05/0036,HSBC Consumption Fund,Open Ended,Equity Schemes - Thematic Fund,2026-09-02,2.19,0.87,2026-09-03T15:06:40Z
LTMF/O/D/CBF/97/01/0001,HSBC Corporate Bond Fund,Open Ended,Income/Debt Oriented Schemes - Corporate Bond Fund,2026-09-01,0.6,0.33,2026-09-03T15:06:40Z
LTMF/O/D/CBF/97/01/0001,HSBC Corporate Bond Fund,Open Ended,Income/Debt Oriented Schemes - Corporate Bond Fund,2026-09-02,0.6,0.33,2026-09-03T15:06:40Z
LTMF/O/D/CRF/09/04/0015,HSBC Credit Risk Fund,Open Ended,Income/Debt Oriented Schemes - Credit Risk Fund,2026-09-01,1.66,0.84,2026-09-03T15:06:40Z
LTMF/O/D/CRF/09/04/0015,HSBC Credit Risk Fund,Open Ended,Income/Debt Oriented Schemes - Credit Risk Fund,2026-09-02,1.66,0.84,2026-09-03T15:06:40Z
HSBC/O/D/DIN/22/03/0029,HSBC CRISIL IBX 50:50 Gilt Plus SDL Apr 2028 Index Fund,Open Ended,Index Funds - Debt Funds,2026-09-01,0.39,0.19,2026-09-03T15:06:40Z
HSBC/O/D/DIN/22/03/0029,HSBC CRISIL IBX 50:50 Gilt Plus SDL Apr 2028 Index Fund,Open Ended,Index Funds - Debt Funds,2026-09-02,0.39,0.19,2026-09-03T15:06:40Z
HSBC/O/D/DIN/23/01/0035,HSBC CRISIL IBX Gilt June 2027 Index Fund,Open Ended,Index Funds - Debt Funds,2026-09-01,0.35,0.15,2026-09-03T15:06:40Z
HSBC/O/D/DIN/23/01/0035,HSBC CRISIL IBX Gilt June 2027 Index Fund,Open Ended,Index Funds - Debt Funds,2026-09-02,0.35,0.15,2026-09-03T15:06:40Z
LTMF/O/D/DBF/06/07/0011,HSBC Dynamic Term Fund,Open Ended,Income/Debt Oriented Schemes - Dynamic Term Fund,2026-09-01,0.83,0.3,2026-09-03T15:06:40Z
LTMF/O/D/DBF/06/07/0011,HSBC Dynamic Term Fund,Open Ended,Income/Debt Oriented Schemes - Dynamic Term Fund,2026-09-02,0.83,0.3,2026-09-03T15:06:40Z
LTMF/O/E/ELS/05/09/0009,HSBC ELSS Tax saver Fund,Open Ended,Equity Schemes - ELSS- Tax Saver Fund,2026-09-01,1.99,1.21,2026-09-03T15:06:40Z
LTMF/O/E/ELS/05/09/0009,HSBC ELSS Tax saver Fund,Open Ended,Equity Schemes - ELSS- Tax Saver Fund,2026-09-02,1.99,1.21,2026-09-03T15:06:40Z
LTMF/O/H/ESF/11/03/0020,HSBC Equity Savings Fund,Open Ended,Hybrid Schemes - Equity Savings Fund,2026-09-01,2.46,1.47,2026-09-03T15:06:40Z
LTMF/O/H/ESF/11/03/0020,HSBC Equity Savings Fund,Open Ended,Hybrid Schemes - Equity Savings Fund,2026-09-02,2.46,1.47,2026-09-03T15:06:40Z
HSBC/O/E/SEC/24/12/0039,HSBC Financial Services Fund,Open Ended,Equity Schemes - Thematic Fund,2026-09-01,2.39,0.93,2026-09-03T15:06:40Z
HSBC/O/E/SEC/24/12/0039,HSBC Financial Services Fund,Open Ended,Equity Schemes - Thematic Fund,2026-09-02,2.39,0.93,2026-09-03T15:06:40Z
HSBC/O/E/FCF/04/01/0005,HSBC Flexi Cap Fund,Open Ended,Equity Schemes - Flexi Cap Fund,2026-09-01,2.09,1.3,2026-09-03T15:06:40Z
HSBC/O/E/FCF/04/01/0005,HSBC Flexi Cap Fund,Open Ended,Equity Schemes - Flexi Cap Fund,2026-09-02,2.09,1.3,2026-09-03T15:06:40Z
HSBC/O/E/FOC/20/03/0025,HSBC Focused Fund,Open Ended,Equity Schemes - Focused Fund,2026-09-01,2.26,1.08,2026-09-03T15:06:40Z
HSBC/O/E/FOC/20/03/0025,HSBC Focused Fund,Open Ended,Equity Schemes - Focused Fund,2026-09-02,2.26,1.08,2026-09-03T15:06:40Z
LTMF/O/D/GIL/00/03/0004,HSBC Gilt Fund,Open Ended,Income/Debt Oriented Schemes - Gilt Fund,2026-09-01,1.6,0.5,2026-09-03T15:06:40Z
LTMF/O/D/GIL/00/03/0004,HSBC Gilt Fund,Open Ended,Income/Debt Oriented Schemes - Gilt Fund,2026-09-02,1.6,0.5,2026-09-03T15:06:40Z
HSBC/O/O/FOO/07/08/0012,HSBC Global Emerging Markets Fund,Open Ended,Overseas Fund of Funds - Fund of Funds investing overseas,2026-09-01,1.44,0.74,2026-09-03T15:06:40Z
HSBC/O/O/FOO/07/08/0012,HSBC Global Emerging Markets Fund,Open Ended,Overseas Fund of Funds - Fund of Funds investing overseas,2026-09-02,1.44,0.74,2026-09-03T15:06:40Z
HSBC/O/O/GET/26/02/0041,HSBC GOLD ETF,Open Ended,Other Scheme - Gold ETF,2026-09-01,0.0,0.62,2026-09-03T15:06:40Z
HSBC/O/O/GET/26/02/0041,HSBC GOLD ETF,Open Ended,Other Scheme - Gold ETF,2026-09-02,0.0,0.62,2026-09-03T15:06:40Z
HSBC/O/O/FOD/26/03/0042,HSBC GOLD ETF FUND OF FUND,Open Ended,Fund of Funds Scheme (Domestic) - Fund of Funds Scheme (Domestic),2026-09-01,0.44,0.07,2026-09-03T15:06:40Z
HSBC/O/O/FOD/26/03/0042,HSBC GOLD ETF FUND OF FUND,Open Ended,Fund of Funds Scheme (Domestic) - Fund of Funds Scheme (Domestic),2026-09-02,0.44,0.07,2026-09-03T15:06:40Z
HSBC/O/O/FOD/13/12/0015,HSBC Income Plus Arbitrage Active FOF (erstwhile HSBC Managed Solution India - Conservative Plan),Open Ended,Fund of Funds Scheme (Domestic) - Fund of Funds Scheme (Domestic),2026-09-01,0.51,0.15,2026-09-03T15:06:40Z
HSBC/O/O/FOD/13/12/0015,HSBC Income Plus Arbitrage Active FOF (erstwhile HSBC Managed Solution India - Conservative Plan),Open Ended,Fund of Funds Scheme (Domestic) - Fund of Funds Scheme (Domestic),2026-09-02,0.51,0.15,2026-09-03T15:06:40Z
HSBC/O/E/THE/24/07/0038,HSBC India Export Opportunities Fund,Open Ended,Equity Schemes - Thematic Fund,2026-09-01,2.37,1.04,2026-09-03T15:06:40Z
HSBC/O/E/THE/24/07/0038,HSBC India Export Opportunities Fund,Open Ended,Equity Schemes - Thematic Fund,2026-09-02,2.37,1.04,2026-09-03T15:06:40Z
LTMF/O/E/SEC/07/05/0013,HSBC Infrastructure Fund,Open Ended,Equity Schemes - Sectoral Fund,2026-09-01,2.1,1.09,2026-09-03T15:06:40Z
LTMF/O/E/SEC/07/05/0013,HSBC Infrastructure Fund,Open Ended,Equity Schemes - Sectoral Fund,2026-09-02,2.1,1.09,2026-09-03T15:06:40Z
HSBC/O/E/LMF/19/02/0022,HSBC Large & Mid Cap Fund,Open Ended,Equity Schemes - Large & Mid Cap Fund,2026-09-01,2.47,1.38,2026-09-03T15:06:40Z
HSBC/O/E/LMF/19/02/0022,HSBC Large & Mid Cap Fund,Open Ended,Equity Schemes - Large & Mid Cap Fund,2026-09-02,2.47,1.38,2026-09-03T15:06:40Z
HSBC/O/E/LCF/02/08/0003,HSBC Large Cap Fund,Open Ended,Equity Schemes - Large Cap Fund,2026-09-01,2.32,1.42,2026-09-03T15:06:40Z
HSBC/O/E/LCF/02/08/0003,HSBC Large Cap Fund,Open Ended,Equity Schemes - Large Cap Fund,2026-09-02,2.33,1.43,2026-09-03T15:06:40Z
HSBC/O/D/LIF/02/08/0001,HSBC Liquid Fund,Open Ended,Income/Debt Oriented Schemes - Liquid Fund,2026-09-01,0.22,0.13,2026-09-03T15:06:40Z
HSBC/O/D/LIF/02/08/0001,HSBC Liquid Fund,Open Ended,Income/Debt Oriented Schemes - Liquid Fund,2026-09-02,0.22,0.13,2026-09-03T15:06:40Z
LTMF/O/D/MDF/15/01/0026,HSBC Medium Term Fund,Open Ended,Income/Debt Oriented Schemes - Medium Term Fund,2026-09-01,1.12,0.41,2026-09-03T15:06:40Z
LTMF/O/D/MDF/15/01/0026,HSBC Medium Term Fund,Open Ended,Income/Debt Oriented Schemes - Medium Term Fund,2026-09-02,1.12,0.41,2026-09-03T15:06:40Z
HSBC/O/D/MLD/02/08/0002,HSBC Medium to Long Term Fund,Open Ended,Income/Debt Oriented Schemes - Medium to Long Term Fund,2026-09-01,1.3,0.63,2026-09-03T15:06:40Z
HSBC/O/D/MLD/02/08/0002,HSBC Medium to Long Term Fund,Open Ended,Income/Debt Oriented Schemes - Medium to Long Term Fund,2026-09-02,1.3,0.63,2026-09-03T15:06:40Z
LTMF/O/E/MIF/04/06/0006,HSBC Midcap Fund,Open Ended,Equity Schemes - Mid Cap Fund,2026-09-01,2.21,1.15,2026-09-03T15:06:40Z
LTMF/O/E/MIF/04/06/0006,HSBC Midcap Fund,Open Ended,Equity Schemes - Mid Cap Fund,2026-09-02,2.21,1.15,2026-09-03T15:06:40Z
LTMF/O/D/MMF/05/08/0008,HSBC Money Market Fund,Open Ended,Income/Debt Oriented Schemes - Money Market Fund,2026-09-01,0.35,0.15,2026-09-03T15:06:40Z
LTMF/O/D/MMF/05/08/0008,HSBC Money Market Fund,Open Ended,Income/Debt Oriented Schemes - Money Market Fund,2026-09-02,0.35,0.15,2026-09-03T15:06:40Z
HSBC/O/O/FOD/13/12/0017,HSBC Multi Asset Active FOF (erstwhile HSBC Managed Solutions India - Moderate Fund),Open Ended,Fund of Funds Scheme (Domestic) - Fund of Funds Scheme (Domestic),2026-09-01,1.4,0.59,2026-09-03T15:06:40Z
HSBC/O/O/FOD/13/12/0017,HSBC Multi Asset Active FOF (erstwhile HSBC Managed Solutions India - Moderate Fund),Open Ended,Fund of Funds Scheme (Domestic) - Fund of Funds Scheme (Domestic),2026-09-02,1.4,0.59,2026-09-03T15:06:40Z
HSBC/O/H/MAA/24/01/0037,HSBC Multi Asset Allocation Fund,Open Ended,Hybrid Schemes - Multi Asset Allocation Fund,2026-09-01,2.33,1.03,2026-09-03T15:06:40Z
HSBC/O/H/MAA/24/01/0037,HSBC Multi Asset Allocation Fund,Open Ended,Hybrid Schemes - Multi Asset Allocation Fund,2026-09-02,2.34,1.04,2026-09-03T15:06:40Z
HSBC/O/E/MCF/22/12/0034,HSBC Multi Cap Fund,Open Ended,Equity Schemes - Multi Cap Fund,2026-09-01,2.05,0.81,2026-09-03T15:06:40Z
HSBC/O/E/MCF/22/12/0034,HSBC Multi Cap Fund,Open Ended,Equity Schemes - Multi Cap Fund,2026-09-02,2.05,0.81,2026-09-03T15:06:40Z
LTMF/O/O/EIN/19/10/0032,HSBC NIFTY 50 INDEX FUND,Open Ended,Index Funds - Equity Funds,2026-09-01,0.39,0.22,2026-09-03T15:06:40Z
LTMF/O/O/EIN/19/10/0032,HSBC NIFTY 50 INDEX FUND,Open Ended,Index Funds - Equity Funds,2026-09-02,0.39,0.22,2026-09-03T15:06:40Z
LTMF/O/O/EIN/19/10/0033,HSBC NIFTY NEXT 50 INDEX FUND,Open Ended,Index Funds - Equity Funds,2026-09-01,0.76,0.41,2026-09-03T15:06:40Z
LTMF/O/O/EIN/19/10/0033,HSBC NIFTY NEXT 50 INDEX FUND,Open Ended,Index Funds - Equity Funds,2026-09-02,0.76,0.41,2026-09-03T15:06:40Z
HSBC/O/D/ONF/19/03/0023,HSBC Overnight Fund,Open Ended,Income/Debt Oriented Schemes - Overnight Fund,2026-09-01,0.14,0.07,2026-09-03T15:06:40Z
HSBC/O/D/ONF/19/03/0023,HSBC Overnight Fund,Open Ended,Income/Debt Oriented Schemes - Overnight Fund,2026-09-02,0.14,0.07,2026-09-03T15:06:40Z
LTMF/O/D/SDF/11/07/0021,HSBC Short Term Fund,Open Ended,Income/Debt Oriented Schemes - Short Term Fund,2026-09-01,0.7,0.32,2026-09-03T15:06:40Z
LTMF/O/D/SDF/11/07/0021,HSBC Short Term Fund,Open Ended,Income/Debt Oriented Schemes - Short Term Fund,2026-09-02,0.7,0.32,2026-09-03T15:06:40Z
LTMF/O/E/SCF/14/02/0023,HSBC Small Cap Fund,Open Ended,Equity Schemes - Small Cap Fund,2026-09-01,1.78,0.77,2026-09-03T15:06:40Z
LTMF/O/E/SCF/14/02/0023,HSBC Small Cap Fund,Open Ended,Equity Schemes - Small Cap Fund,2026-09-02,1.78,0.77,2026-09-03T15:06:40Z
HSBC/O/D/USD/19/12/0024,HSBC Ultra Short Term Fund,Open Ended,Income/Debt Oriented Schemes - Ultra Short Term Fund,2026-09-01,0.38,0.18,2026-09-03T15:06:40Z
HSBC/O/D/USD/19/12/0024,HSBC Ultra Short Term Fund,Open Ended,Income/Debt Oriented Schemes - Ultra Short Term Fund,2026-09-02,0.38,0.18,2026-09-03T15:06:40Z
LTMF/O/D/LOW/10/10/0019,HSBC Ultra Short to Short Term Fund,Open Ended,Income/Debt Oriented Schemes - Ultra Short to Short Term Fund,2026-09-01,0.96,0.4,2026-09-03T15:06:40Z
LTMF/O/D/LOW/10/10/0019,HSBC Ultra Short to Short Term Fund,Open Ended,Income/Debt Oriented Schemes - Ultra Short to Short Term Fund,2026-09-02,0.96,0.4,2026-09-03T15:06:40Z
LTMF/O/E/VAF/09/09/0016,HSBC Value Fund,Open Ended,Equity Schemes - Value Fund,2026-09-01,1.85,0.89,2026-09-03T15:06:40Z
LTMF/O/E/VAF/09/09/0016,HSBC Value Fund,Open Ended,Equity Schemes - Value Fund,2026-09-02,1.85,0.89,2026-09-03T15:06:40Z
ICIC/O/D/GTN/14/06/0050,ICICI Prudential 10 year Constant Maturity Gilt Fund,Open Ended,Income/Debt Oriented Schemes - 10-year Constant Maturity Gilt Fund,2026-09-01,0.44,0.29,2026-09-03T15:06:40Z
ICIC/O/D/GTN/14/06/0050,ICICI Prudential 10 year Constant Maturity Gilt Fund,Open Ended,Income/Debt Oriented Schemes - 10-year Constant Maturity Gilt Fund,2026-09-02,0.44,0.29,2026-09-03T15:06:40Z
ICIC/O/E/THE/25/01/0196,ICICI Prudential Active Momentum Fund,Open Ended,Equity Scheme - Sectoral/ Thematic,2026-09-01,2.92,1.87,2026-09-03T15:06:40Z
ICIC/O/E/THE/25/01/0196,ICICI Prudential Active Momentum Fund,Open Ended,Equity Scheme - Sectoral/ Thematic,2026-09-02,2.92,1.87,2026-09-03T15:06:40Z
ICIC/O/O/FOD/03/10/0022,ICICI Prudential Aggressive Hybrid Active FOF,Open Ended,Other Scheme - FoF Domestic,2026-09-01,1.49,0.38,2026-09-03T15:06:40Z
ICIC/O/O/FOD/03/10/0022,ICICI Prudential Aggressive Hybrid Active FOF,Open Ended,Other Scheme - FoF Domestic,2026-09-02,1.49,0.38,2026-09-03T15:06:40Z
ICIC/O/H/AHF/99/09/0013,ICICI Prudential Aggressive Hybrid Fund,Open Ended,Hybrid Schemes - Aggressive Hybrid Fund,2026-09-01,1.59,1.06,2026-09-03T15:06:40Z
ICIC/O/H/AHF/99/09/0013,ICICI Prudential Aggressive Hybrid Fund,Open Ended,Hybrid Schemes - Aggressive Hybrid Fund,2026-09-02,1.59,1.06,2026-09-03T15:06:40Z
ICIC/O/H/ARB/06/09/0029,ICICI Prudential Arbitrage Fund,Open Ended,Hybrid Schemes - Arbitrage Fund,2026-09-01,2.16,1.63,2026-09-03T15:06:40Z
ICIC/O/H/ARB/06/09/0029,ICICI Prudential Arbitrage Fund,Open Ended,Hybrid Schemes - Arbitrage Fund,2026-09-02,2.16,1.63,2026-09-03T15:06:40Z
ICIC/O/H/BAF/06/09/0030,ICICI Prudential Balanced Advantage Fund,Open Ended,Hybrid Scheme - Dynamic Asset Allocation or Balanced Advantage,2026-09-01,1.54,1.04,2026-09-03T15:06:40Z
ICIC/O/H/BAF/06/09/0030,ICICI Prudential Balanced Advantage Fund,Open Ended,Hybrid Scheme - Dynamic Asset Allocation or Balanced Advantage,2026-09-02,1.54,1.04,2026-09-03T15:06:40Z
ICIC/O/H/BHF/26/05/0203,ICICI Prudential Balanced Hybrid Fund,Open Ended,Hybrid Scheme - Balanced Hybrid Fund,2026-09-01,2.55,1.37,2026-09-03T15:06:40Z
ICIC/O/H/BHF/26/05/0203,ICICI Prudential Balanced Hybrid Fund,Open Ended,Hybrid Scheme - Balanced Hybrid Fund,2026-09-02,2.55,1.37,2026-09-03T15:06:40Z
ICIC/O/E/SEC/08/03/0032,ICICI Prudential Banking & Financial Services Fund,Open Ended,Equity Scheme - Sectoral/ Thematic,2026-09-01,1.94,1.24,2026-09-03T15:06:40Z
ICIC/O/E/SEC/08/03/0032,ICICI Prudential Banking & Financial Services Fund,Open Ended,Equity Scheme - Sectoral/ Thematic,2026-09-02,1.95,1.25,2026-09-03T15:06:40Z
ICIC/O/D/BPF/09/12/0036,ICICI Prudential Banking and PSU Debt Fund,Open Ended,Income/Debt Oriented Schemes - Banking and PSU Debt Fund,2026-09-01,0.74,0.4,2026-09-03T15:06:40Z
ICIC/O/D/BPF/09/12/0036,ICICI Prudential Banking and PSU Debt Fund,Open Ended,Income/Debt Oriented Schemes - Banking and PSU Debt Fund,2026-09-02,0.74,0.4,2026-09-03T15:06:40Z
ICIC/O/O/FOD/18/06/0067,ICICI Prudential BHARAT 22 FOF,Open Ended,Other Scheme - FoF Domestic,2026-09-01,0.13,0.12,2026-09-03T15:06:40Z
ICIC/O/O/FOD/18/06/0067,ICICI Prudential BHARAT 22 FOF,Open Ended,Other Scheme - FoF Domestic,2026-09-02,0.13,0.12,2026-09-03T15:06:40Z
ICIC/O/E/THE/18/12/0105,ICICI Prudential Bharat Consumption Fund,Open Ended,Equity Scheme - Sectoral/ Thematic,2026-09-01,2.12,1.3,2026-09-03T15:06:40Z
ICIC/O/E/THE/18/12/0105,ICICI Prudential Bharat Consumption Fund,Open Ended,Equity Scheme - Sectoral/ Thematic,2026-09-02,2.12,1.3,2026-09-03T15:06:40Z
ICIC/O/O/EET/18/04/0060,ICICI Prudential BSE 500 ETF,Open Ended,Other Scheme - Other  ETFs,2026-09-01,0.32,0.0,2026-09-03T15:06:40Z
ICIC/O/O/EET/18/04/0060,ICICI Prudential BSE 500 ETF,Open Ended,Other Scheme - Other  ETFs,2026-09-02,0.32,0.0,2026-09-03T15:06:40Z
ICIC/O/O/FOD/21/09/0130,ICICI Prudential BSE 500 ETF FOF,Open Ended,Other Scheme - FoF Domestic,2026-09-01,0.51,0.07,2026-09-03T15:06:40Z
ICIC/O/O/FOD/21/09/0130,ICICI Prudential BSE 500 ETF FOF,Open Ended,Other Scheme - FoF Domestic,2026-09-02,0.51,0.07,2026-09-03T15:06:40Z
ICIC/O/O/EET/26/06/0205,ICICI Prudential BSE Insurance ETF,Open Ended,Exchange Traded Funds (ETFs) - Other ETF,2026-09-01,0.66,0.0,2026-09-03T15:06:40Z
ICIC/O/O/EET/26/06/0205,ICICI Prudential BSE Insurance ETF,Open Ended,Exchange Traded Funds (ETFs) - Other ETF,2026-09-02,0.66,0.0,2026-09-03T15:06:40Z
ICIC/O/O/DET/24/12/0190,ICICI Prudential BSE Liquid Rate ETF - Growth,Open Ended,Other Scheme - Other  ETFs,2026-09-01,0.26,0.0,2026-09-03T15:06:40Z
ICIC/O/O/DET/24/12/0190,ICICI Prudential BSE Liquid Rate ETF - Growth,Open Ended,Other Scheme - Other  ETFs,2026-09-02,0.26,0.0,2026-09-03T15:06:40Z
ICIC/O/O/DET/18/03/0059,ICICI Prudential BSE Liquid Rate ETF - IDCW,Open Ended,Other Scheme - Other  ETFs,2026-09-01,0.26,0.0,2026-09-03T15:06:40Z
ICIC/O/O/DET/18/03/0059,ICICI Prudential BSE Liquid Rate ETF - IDCW,Open Ended,Other Scheme - Other  ETFs,2026-09-02,0.26,0.0,2026-09-03T15:06:40Z
ICIC/O/O/EET/16/03/0053,ICICI Prudential BSE Midcap Select ETF,Open Ended,Other Scheme - Other  ETFs,2026-09-01,0.16,0.0,2026-09-03T15:06:40Z
ICIC/O/O/EET/16/03/0053,ICICI Prudential BSE Midcap Select ETF,Open Ended,Other Scheme - Other  ETFs,2026-09-02,0.16,0.0,2026-09-03T15:06:40Z
ICIC/O/O/EET/02/12/0019,ICICI Prudential BSE Sensex ETF,Open Ended,Other Scheme - Other  ETFs,2026-09-01,0.0309,0.0,2026-09-03T15:06:40Z
ICIC/O/O/EET/02/12/0019,ICICI Prudential BSE Sensex ETF,Open Ended,Other Scheme - Other  ETFs,2026-09-02,0.0309,0.0,2026-09-03T15:06:40Z
ICIC/O/O/EIN/17/06/0056,ICICI Prudential BSE Sensex Index Fund,Open Ended,Other Scheme - Index Funds,2026-09-01,0.32,0.22,2026-09-03T15:06:40Z
ICIC/O/O/EIN/17/06/0056,ICICI Prudential BSE Sensex Index Fund,Open Ended,Other Scheme - Index Funds,2026-09-02,0.32,0.22,2026-09-03T15:06:40Z
ICIC/O/E/THE/19/12/0118,ICICI Prudential Business Cycle Fund,Open Ended,Equity Scheme - Sectoral/ Thematic,2026-09-01,1.81,0.95,2026-09-03T15:06:40Z
ICIC/O/E/THE/19/12/0118,ICICI Prudential Business Cycle Fund,Open Ended,Equity Scheme - Sectoral/ Thematic,2026-09-02,1.81,0.95,2026-09-03T15:06:40Z
ICIC/O/S/CHI/01/06/0015,ICICI Prudential Children's Fund,Open Ended,Solution Oriented Scheme - Children’s Fund,2026-09-01,3.02,2.31,2026-09-03T15:06:40Z
ICIC/O/S/CHI/01/06/0015,ICICI Prudential Children's Fund,Open Ended,Solution Oriented Scheme - Children’s Fund,2026-09-02,3.03,2.32,2026-09-03T15:06:40Z
ICIC/O/E/SEC/19/07/0111,ICICI Prudential Commodities Fund,Open Ended,Equity Scheme - Sectoral/ Thematic,2026-09-01,1.96,1.04,2026-09-03T15:06:40Z
ICIC/O/E/SEC/19/07/0111,ICICI Prudential Commodities Fund,Open Ended,Equity Scheme - Sectoral/ Thematic,2026-09-02,1.96,1.04,2026-09-03T15:06:40Z
ICIC/O/E/THE/25/04/0200,ICICI Prudential Conglomerate Fund,Open Ended,Equity Scheme - Sectoral/ Thematic,2026-09-01,2.41,1.37,2026-09-03T15:06:40Z
ICIC/O/E/THE/25/04/0200,ICICI Prudential Conglomerate Fund,Open Ended,Equity Scheme - Sectoral/ Thematic,2026-09-02,2.41,1.37,2026-09-03T15:06:40Z
ICIC/O/H/CHF/10/10/0039,ICICI Prudential Conservative Hybrid Fund,Open Ended,Hybrid Schemes - Conservative Hybrid Fund,2026-09-01,1.73,1.04,2026-09-03T15:06:40Z
ICIC/O/H/CHF/10/10/0039,ICICI Prudential Conservative Hybrid Fund,Open Ended,Hybrid Schemes - Conservative Hybrid Fund,2026-09-02,1.73,1.04,2026-09-03T15:06:40Z
ICIC/O/D/CBF/09/06/0034,ICICI Prudential Corporate Bond Fund,Open Ended,Debt Scheme - Corporate Bond Fund,2026-09-01,0.59,0.37,2026-09-03T15:06:40Z
ICIC/O/D/CBF/09/06/0034,ICICI Prudential Corporate Bond Fund,Open Ended,Debt Scheme - Corporate Bond Fund,2026-09-02,0.59,0.37,2026-09-03T15:06:40Z
ICIC/O/D/CRF/10/10/0040,ICICI Prudential Credit Risk Fund,Open Ended,Debt Scheme - Credit Risk Fund,2026-09-01,1.43,0.8,2026-09-03T15:06:40Z
ICIC/O/D/CRF/10/10/0040,ICICI Prudential Credit Risk Fund,Open Ended,Debt Scheme - Credit Risk Fund,2026-09-02,1.43,0.8,2026-09-03T15:06:40Z
ICIC/O/O/DIN/25/02/0191,ICICI Prudential CRISIL-IBX Financial Services 3-6 Months Debt Index Fund,Open Ended,Other Scheme - Index Funds,2026-09-01,0.22,0.11,2026-09-03T15:06:40Z
ICIC/O/O/DIN/25/02/0191,ICICI Prudential CRISIL-IBX Financial Services 3-6 Months Debt Index Fund,Open Ended,Other Scheme - Index Funds,2026-09-02,0.22,0.11,2026-09-03T15:06:40Z
ICIC/O/O/FOD/03/10/0023,ICICI Prudential Diversified Debt Strategy Active FOF,Open Ended,Other Scheme - FoF Domestic,2026-09-01,0.65,0.45,2026-09-03T15:06:40Z
ICIC/O/O/FOD/03/10/0023,ICICI Prudential Diversified Debt Strategy Active FOF,Open Ended,Other Scheme - FoF Domestic,2026-09-02,0.65,0.45,2026-09-03T15:06:40Z
ICIC/O/O/FOD/26/01/0201,ICICI Prudential Diversified Equity All Cap Active FOF,Open Ended,Other Scheme - FoF Domestic,2026-09-01,1.45,0.37,2026-09-03T15:06:40Z
ICIC/O/O/FOD/26/01/0201,ICICI Prudential Diversified Equity All Cap Active FOF,Open Ended,Other Scheme - FoF Domestic,2026-09-02,1.45,0.37,2026-09-03T15:06:40Z
ICIC/O/O/FOD/19/08/0112,ICICI Prudential Diversified Equity All Cap Omni FOF,Open Ended,Other Scheme - FoF Domestic,2026-09-01,1.07,0.46,2026-09-03T15:06:40Z
ICIC/O/O/FOD/19/08/0112,ICICI Prudential Diversified Equity All Cap Omni FOF,Open Ended,Other Scheme - FoF Domestic,2026-09-02,1.07,0.46,2026-09-03T15:06:40Z
ICIC/O/E/DYF/14/02/0048,ICICI Prudential Dividend Yield Fund,Open Ended,Equity Schemes - Dividend Yield Fund,2026-09-01,1.9,0.75,2026-09-03T15:06:40Z
ICIC/O/E/DYF/14/02/0048,ICICI Prudential Dividend Yield Fund,Open Ended,Equity Schemes - Dividend Yield Fund,2026-09-02,1.9,0.75,2026-09-03T15:06:40Z
ICIC/O/O/FOD/03/10/0021,ICICI Prudential Dynamic Asset Allocation Active FOF,Open Ended,Other Scheme - FoF Domestic,2026-09-01,1.39,0.44,2026-09-03T15:06:40Z
ICIC/O/O/FOD/03/10/0021,ICICI Prudential Dynamic Asset Allocation Active FOF,Open Ended,Other Scheme - FoF Domestic,2026-09-02,1.39,0.44,2026-09-03T15:06:40Z
ICIC/O/D/DBF/98/05/0004,ICICI Prudential Dynamic Term Fund,Open Ended,Income/Debt Oriented Schemes - Dynamic Term Fund,2026-09-01,1.32,0.63,2026-09-03T15:06:40Z
ICIC/O/D/DBF/98/05/0004,ICICI Prudential Dynamic Term Fund,Open Ended,Income/Debt Oriented Schemes - Dynamic Term Fund,2026-09-02,1.32,0.63,2026-09-03T15:06:40Z
ICIC/O/E/ELS/99/07/0011,ICICI Prudential ELSS - Tax Saver Fund,Open Ended,Equity Schemes - ELSS- Tax Saver Fund,2026-09-01,1.77,1.21,2026-09-03T15:06:40Z
ICIC/O/E/ELS/99/07/0011,ICICI Prudential ELSS - Tax Saver Fund,Open Ended,Equity Schemes - ELSS- Tax Saver Fund,2026-09-02,1.77,1.21,2026-09-03T15:06:40Z
ICIC/O/E/THE/24/06/0179,ICICI PRUDENTIAL ENERGY OPPORTUNITIES FUND,Open Ended,Equity Scheme - Sectoral/ Thematic,2026-09-01,2.12,1.09,2026-09-03T15:06:40Z
ICIC/O/E/THE/24/06/0179,ICICI PRUDENTIAL ENERGY OPPORTUNITIES FUND,Open Ended,Equity Scheme - Sectoral/ Thematic,2026-09-02,2.12,1.09,2026-09-03T15:06:40Z
ICIC/O/E/THE/24/10/0184,ICICI Prudential Equity Minimum Variance Fund,Open Ended,Equity Scheme - Sectoral/ Thematic,2026-09-01,2.88,1.8,2026-09-03T15:06:40Z
ICIC/O/E/THE/24/10/0184,ICICI Prudential Equity Minimum Variance Fund,Open Ended,Equity Scheme - Sectoral/ Thematic,2026-09-02,2.88,1.8,2026-09-03T15:06:40Z
ICIC/O/H/ESF/14/11/0051,ICICI Prudential Equity Savings Fund,Open Ended,Hybrid Scheme - Equity Savings,2026-09-01,1.6,1.13,2026-09-03T15:06:40Z
ICIC/O/H/ESF/14/11/0051,ICICI Prudential Equity Savings Fund,Open Ended,Hybrid Scheme - Equity Savings,2026-09-02,1.6,1.13,2026-09-03T15:06:40Z
ICIC/O/E/THE/20/02/0119,ICICI Prudential ESG Exclusionary Strategy Fund,Open Ended,Equity Scheme - Sectoral/ Thematic,2026-09-01,2.31,1.25,2026-09-03T15:06:40Z
ICIC/O/E/THE/20/02/0119,ICICI Prudential ESG Exclusionary Strategy Fund,Open Ended,Equity Scheme - Sectoral/ Thematic,2026-09-02,2.31,1.25,2026-09-03T15:06:40Z
ICIC/O/E/THE/05/06/0028,ICICI Prudential Exports & Services Fund,Open Ended,Equity Scheme - Sectoral/ Thematic,2026-09-01,2.29,1.78,2026-09-03T15:06:40Z
ICIC/O/E/THE/05/06/0028,ICICI Prudential Exports & Services Fund,Open Ended,Equity Scheme - Sectoral/ Thematic,2026-09-02,2.29,1.78,2026-09-03T15:06:40Z
ICIC/C/D/FTP/18/10/0098,ICICI Prudential Fixed Maturity Plan - Series 85 - 10 Years Plan I,Close Ended,Income,2026-09-01,0.35,0.1,2026-09-03T15:06:40Z
ICIC/C/D/FTP/18/10/0098,ICICI Prudential Fixed Maturity Plan - Series 85 - 10 Years Plan I,Close Ended,Income,2026-09-02,0.35,0.1,2026-09-03T15:06:40Z
ICIC/C/D/FTP/22/11/0168,ICICI Prudential Fixed Maturity Plan - Series 88 - 1303 Days Plan S,Close Ended,Income,2026-09-01,0.34,0.1,2026-09-03T15:06:40Z
ICIC/C/D/FTP/22/11/0168,ICICI Prudential Fixed Maturity Plan - Series 88 - 1303 Days Plan S,Close Ended,Income,2026-09-02,0.34,0.1,2026-09-03T15:06:40Z
ICIC/O/E/FCF/21/02/0122,ICICI Prudential Flexi Cap Fund,Open Ended,Equity Schemes - Flexi Cap Fund,2026-09-01,1.72,0.89,2026-09-03T15:06:40Z
ICIC/O/E/FCF/21/02/0122,ICICI Prudential Flexi Cap Fund,Open Ended,Equity Schemes - Flexi Cap Fund,2026-09-02,1.72,0.89,2026-09-03T15:06:40Z
ICIC/O/D/FLF/13/12/0047,ICICI Prudential Floating Interest Rates Fund,Open Ended,Income/Debt Oriented Schemes - Floating Interest Rates Fund,2026-09-01,0.84,0.29,2026-09-03T15:06:40Z
ICIC/O/D/FLF/13/12/0047,ICICI Prudential Floating Interest Rates Fund,Open Ended,Income/Debt Oriented Schemes - Floating Interest Rates Fund,2026-09-02,0.84,0.29,2026-09-03T15:06:40Z
ICIC/O/E/SEC/99/02/0010,ICICI Prudential FMCG Fund,Open Ended,Equity Scheme - Sectoral/ Thematic,2026-09-01,2.42,1.69,2026-09-03T15:06:40Z
ICIC/O/E/SEC/99/02/0010,ICICI Prudential FMCG Fund,Open Ended,Equity Scheme - Sectoral/ Thematic,2026-09-02,2.42,1.69,2026-09-03T15:06:40Z
ICIC/O/E/FOC/22/02/0140,ICICI Prudential Focused Fund,Open Ended,Equity Schemes - Focused Fund,2026-09-01,2.14,1.14,2026-09-03T15:06:40Z
ICIC/O/E/FOC/22/02/0140,ICICI Prudential Focused Fund,Open Ended,Equity Schemes - Focused Fund,2026-09-02,2.14,1.14,2026-09-03T15:06:40Z
ICIC/O/D/GIL/99/07/0012,ICICI Prudential Gilt Fund,Open Ended,Debt Scheme - Gilt Fund,2026-09-01,1.11,0.58,2026-09-03T15:06:40Z
ICIC/O/D/GIL/99/07/0012,ICICI Prudential Gilt Fund,Open Ended,Debt Scheme - Gilt Fund,2026-09-02,1.11,0.58,2026-09-03T15:06:40Z
ICIC/O/O/FOD/19/06/0109,ICICI Prudential Global Advantage Fund (FOF),Open Ended,Other Scheme - FoF Domestic,2026-09-01,1.34,0.64,2026-09-03T15:06:40Z
ICIC/O/O/FOD/19/06/0109,ICICI Prudential Global Advantage Fund (FOF),Open Ended,Other Scheme - FoF Domestic,2026-09-02,1.34,0.64,2026-09-03T15:06:40Z
ICIC/O/O/FOO/13/06/0046,ICICI Prudential Global Stable Equity Fund (FOF),Open Ended,Other Scheme - FoF Overseas,2026-09-01,1.38,0.54,2026-09-03T15:06:40Z
ICIC/O/O/FOO/13/06/0046,ICICI Prudential Global Stable Equity Fund (FOF),Open Ended,Other Scheme - FoF Overseas,2026-09-02,1.38,0.54,2026-09-03T15:06:40Z
ICIC/O/O/GET/10/04/0038,ICICI Prudential Gold ETF,Open Ended,Other Scheme - Gold ETF,2026-09-01,0.49,0.0,2026-09-03T15:06:40Z
ICIC/O/O/GET/10/04/0038,ICICI Prudential Gold ETF,Open Ended,Other Scheme - Gold ETF,2026-09-02,0.49,0.0,2026-09-03T15:06:40Z
ICIC/O/O/FOD/11/08/0041,ICICI Prudential Gold ETF FOF,Open Ended,Other Scheme - FoF Domestic,2026-09-01,0.55,0.18,2026-09-03T15:06:40Z
ICIC/O/O/FOD/11/08/0041,ICICI Prudential Gold ETF FOF,Open Ended,Other Scheme - FoF Domestic,2026-09-02,0.55,0.18,2026-09-03T15:06:40Z
ICIC/O/E/THE/18/05/0064,ICICI Prudential Healthcare Fund,Open Ended,Equity Schemes - Thematic Fund,2026-09-01,2.07,1.31,2026-09-03T15:06:40Z
ICIC/O/E/THE/18/05/0064,ICICI Prudential Healthcare Fund,Open Ended,Equity Schemes - Thematic Fund,2026-09-02,2.07,1.31,2026-09-03T15:06:40Z
ICIC/O/E/THE/22/03/0141,ICICI PRUDENTIAL HOUSING OPPORTUNITIES FUND,Open Ended,Equity Scheme - Sectoral/ Thematic,2026-09-01,2.07,1.22,2026-09-03T15:06:40Z
ICIC/O/E/THE/22/03/0141,ICICI PRUDENTIAL HOUSING OPPORTUNITIES FUND,Open Ended,Equity Scheme - Sectoral/ Thematic,2026-09-02,2.07,1.22,2026-09-03T15:06:40Z
ICIC/O/O/FOD/03/10/0024,ICICI Prudential Income plus Arbitrage Omni FOF,Open Ended,Other Scheme - FoF Domestic,2026-09-01,0.25,0.07,2026-09-03T15:06:40Z
ICIC/O/O/FOD/03/10/0024,ICICI Prudential Income plus Arbitrage Omni FOF,Open Ended,Other Scheme - FoF Domestic,2026-09-02,0.25,0.07,2026-09-03T15:06:40Z
ICIC/O/E/THE/18/10/0090,ICICI Prudential India Opportunities Fund,Open Ended,Equity Scheme - Sectoral/ Thematic,2026-09-01,1.72,0.93,2026-09-03T15:06:40Z
ICIC/O/E/THE/18/10/0090,ICICI Prudential India Opportunities Fund,Open Ended,Equity Scheme - Sectoral/ Thematic,2026-09-02,1.72,0.93,2026-09-03T15:06:40Z
ICIC/O/E/THE/05/06/0027,ICICI Prudential Infrastructure Fund,Open Ended,Equity Scheme - Sectoral/ Thematic,2026-09-01,1.91,1.3,2026-09-03T15:06:40Z
ICIC/O/E/THE/05/06/0027,ICICI Prudential Infrastructure Fund,Open Ended,Equity Scheme - Sectoral/ Thematic,2026-09-02,1.91,1.3,2026-09-03T15:06:40Z
ICIC/O/E/THE/23/02/0171,ICICI Prudential Innovation Fund,Open Ended,Equity Scheme - Sectoral/ Thematic,2026-09-01,2.17,1.21,2026-09-03T15:06:40Z
ICIC/O/E/THE/23/02/0171,ICICI Prudential Innovation Fund,Open Ended,Equity Scheme - Sectoral/ Thematic,2026-09-02,2.17,1.21,2026-09-03T15:06:40Z
ICIC/O/E/LMF/98/05/0001,ICICI Prudential Large & Mid Cap Fund,Open Ended,Equity Scheme - Large & Mid Cap Fund,2026-09-01,2.03,1.27,2026-09-03T15:06:40Z
ICIC/O/E/LMF/98/05/0001,ICICI Prudential Large & Mid Cap Fund,Open Ended,Equity Scheme - Large & Mid Cap Fund,2026-09-02,2.03,1.27,2026-09-03T15:06:40Z
ICIC/O/E/LCF/98/05/0006,ICICI Prudential Large Cap Fund (erstwhile Bluechip Fund),Open Ended,Equity Scheme - Large Cap Fund,2026-09-01,1.49,1.0,2026-09-03T15:06:40Z
ICIC/O/E/LCF/98/05/0006,ICICI Prudential Large Cap Fund (erstwhile Bluechip Fund),Open Ended,Equity Scheme - Large Cap Fund,2026-09-02,1.49,1.0,2026-09-03T15:06:40Z
ICIC/O/D/LIF/98/05/0007,ICICI Prudential Liquid Fund,Open Ended,Debt Scheme - Liquid Fund,2026-09-01,0.3,0.2,2026-09-03T15:06:40Z
ICIC/O/D/LIF/98/05/0007,ICICI Prudential Liquid Fund,Open Ended,Debt Scheme - Liquid Fund,2026-09-02,0.3,0.2,2026-09-03T15:06:40Z
ICIC/O/D/LON/98/05/0002,ICICI Prudential Long Term Fund,Open Ended,Income/Debt Oriented Schemes - Long Term Fund,2026-09-01,0.94,0.43,2026-09-03T15:06:40Z
ICIC/O/D/LON/98/05/0002,ICICI Prudential Long Term Fund,Open Ended,Income/Debt Oriented Schemes - Long Term Fund,2026-09-02,0.94,0.43,2026-09-03T15:06:40Z
ICIC/C/E/OES/17/12/0058,ICICI Prudential Long Term Wealth Enhancement Fund,Close Ended,ELSS,2026-09-01,1.21,0.81,2026-09-03T15:06:40Z
ICIC/C/E/OES/17/12/0058,ICICI Prudential Long Term Wealth Enhancement Fund,Close Ended,ELSS,2026-09-02,1.21,0.81,2026-09-03T15:06:40Z
ICIC/O/E/THE/18/05/0066,ICICI Prudential Manufacturing Fund,Open Ended,Equity Scheme - Sectoral/ Thematic,2026-09-01,2.12,1.19,2026-09-03T15:06:40Z
ICIC/O/E/THE/18/05/0066,ICICI Prudential Manufacturing Fund,Open Ended,Equity Scheme - Sectoral/ Thematic,2026-09-02,2.12,1.19,2026-09-03T15:06:40Z
ICIC/O/D/MDF/12/02/0042,ICICI Prudential Medium Term Fund,Open Ended,Income/Debt Oriented Schemes - Medium Term Fund,2026-09-01,1.36,0.73,2026-09-03T15:06:40Z
ICIC/O/D/MDF/12/02/0042,ICICI Prudential Medium Term Fund,Open Ended,Income/Debt Oriented Schemes - Medium Term Fund,2026-09-02,1.36,0.73,2026-09-03T15:06:40Z
ICIC/O/D/MLD/08/05/0033,ICICI Prudential Medium to Long Term Fund,Open Ended,Income/Debt Oriented Schemes - Medium to Long Term Fund,2026-09-01,1.0,0.59,2026-09-03T15:06:40Z
ICIC/O/D/MLD/08/05/0033,ICICI Prudential Medium to Long Term Fund,Open Ended,Income/Debt Oriented Schemes - Medium to Long Term Fund,2026-09-02,1.0,0.59,2026-09-03T15:06:40Z
ICIC/O/E/MIF/04/06/0026,ICICI Prudential Mid Cap Fund,Open Ended,Equity Schemes - Mid Cap Fund,2026-09-01,1.82,1.09,2026-09-03T15:06:40Z
ICIC/O/E/MIF/04/06/0026,ICICI Prudential Mid Cap Fund,Open Ended,Equity Schemes - Mid Cap Fund,2026-09-02,1.82,1.09,2026-09-03T15:06:40Z
ICIC/O/E/THE/18/12/0106,ICICI PRUDENTIAL MNC FUND,Open Ended,Equity Scheme - Sectoral/ Thematic,2026-09-01,2.19,1.2,2026-09-03T15:06:40Z
ICIC/O/E/THE/18/12/0106,ICICI PRUDENTIAL MNC FUND,Open Ended,Equity Scheme - Sectoral/ Thematic,2026-09-02,2.19,1.2,2026-09-03T15:06:40Z
ICIC/O/D/MMF/98/05/0008,ICICI Prudential Money Market Fund,Open Ended,Debt Scheme - Money Market Fund,2026-09-01,0.33,0.21,2026-09-03T15:06:40Z
ICIC/O/D/MMF/98/05/0008,ICICI Prudential Money Market Fund,Open Ended,Debt Scheme - Money Market Fund,2026-09-02,0.33,0.21,2026-09-03T15:06:40Z
ICIC/O/H/MAA/02/09/0018,ICICI Prudential Multi Asset Allocation Fund,Open Ended,Hybrid Schemes - Multi Asset Allocation Fund,2026-09-01,1.42,0.83,2026-09-03T15:06:40Z
ICIC/O/H/MAA/02/09/0018,ICICI Prudential Multi Asset Allocation Fund,Open Ended,Hybrid Schemes - Multi Asset Allocation Fund,2026-09-02,1.42,0.83,2026-09-03T15:06:40Z
ICIC/O/E/MCF/01/08/0016,ICICI Prudential Multi Cap Fund,Open Ended,Equity Schemes - Multi Cap Fund,2026-09-01,1.76,1.02,2026-09-03T15:06:40Z
ICIC/O/E/MCF/01/08/0016,ICICI Prudential Multi Cap Fund,Open Ended,Equity Schemes - Multi Cap Fund,2026-09-02,1.76,1.02,2026-09-03T15:06:40Z
ICIC/O/O/FOD/03/10/0020,ICICI Prudential Multi Sector Passive FOF,Open Ended,Other Scheme - FoF Domestic,2026-09-01,0.48,0.23,2026-09-03T15:06:40Z
ICIC/O/O/FOD/03/10/0020,ICICI Prudential Multi Sector Passive FOF,Open Ended,Other Scheme - FoF Domestic,2026-09-02,0.48,0.23,2026-09-03T15:06:40Z
ICIC/O/O/FOD/26/01/0204,ICICI Prudential Multi-Asset Active FOF,Open Ended,Other Scheme - FoF Domestic,2026-09-01,1.44,0.18,2026-09-03T15:06:40Z
ICIC/O/O/FOD/26/01/0204,ICICI Prudential Multi-Asset Active FOF,Open Ended,Other Scheme - FoF Domestic,2026-09-02,1.44,0.18,2026-09-03T15:06:40Z
ICIC/O/O/EET/21/08/0128,ICICI Prudential Nasdaq 100 Index Fund,Open Ended,Other Scheme - Index Funds,2026-09-01,1.06,0.63,2026-09-03T15:06:40Z
ICIC/O/O/EET/21/08/0128,ICICI Prudential Nasdaq 100 Index Fund,Open Ended,Other Scheme - Index Funds,2026-09-02,1.06,0.63,2026-09-03T15:06:40Z
ICIC/O/O/DET/22/11/0163,ICICI Prudential Nifty 10 yr Benchmark G-Sec ETF,Open Ended,Other Scheme - Other  ETFs,2026-09-01,0.14,0.0,2026-09-03T15:06:40Z
ICIC/O/O/DET/22/11/0163,ICICI Prudential Nifty 10 yr Benchmark G-Sec ETF,Open Ended,Other Scheme - Other  ETFs,2026-09-02,0.14,0.0,2026-09-03T15:06:40Z
ICIC/O/O/EET/13/01/0045,ICICI Prudential Nifty 100 ETF,Open Ended,Other Scheme - Other  ETFs,2026-09-01,0.49,0.0,2026-09-03T15:06:40Z
ICIC/O/O/EET/13/01/0045,ICICI Prudential Nifty 100 ETF,Open Ended,Other Scheme - Other  ETFs,2026-09-02,0.49,0.0,2026-09-03T15:06:40Z
ICIC/O/O/EET/17/04/0055,ICICI Prudential Nifty 100 Low Volatility 30 ETF,Open Ended,Other Scheme - Other  ETFs,2026-09-01,0.48,0.0,2026-09-03T15:06:40Z
ICIC/O/O/EET/17/04/0055,ICICI Prudential Nifty 100 Low Volatility 30 ETF,Open Ended,Other Scheme - Other  ETFs,2026-09-02,0.48,0.0,2026-09-03T15:06:40Z
ICIC/O/O/FOD/21/02/0121,ICICI Prudential Nifty 100 Low Volatility 30 ETF FOF,Open Ended,Other Scheme - FoF Domestic,2026-09-01,0.58,0.11,2026-09-03T15:06:40Z
ICIC/O/O/FOD/21/02/0121,ICICI Prudential Nifty 100 Low Volatility 30 ETF FOF,Open Ended,Other Scheme - FoF Domestic,2026-09-02,0.58,0.11,2026-09-03T15:06:40Z
ICIC/O/O/EET/22/01/0144,ICICI Prudential Nifty 200 Momentum 30 ETF,Open Ended,Other Scheme - Other  ETFs,2026-09-01,0.76,0.0,2026-09-03T15:06:40Z
ICIC/O/O/EET/22/01/0144,ICICI Prudential Nifty 200 Momentum 30 ETF,Open Ended,Other Scheme - Other  ETFs,2026-09-02,0.76,0.0,2026-09-03T15:06:40Z
ICIC/O/E/EIN/22/02/0146,ICICI Prudential Nifty 200 Momentum 30 Index Fund,Open Ended,Other Scheme - Index Funds,2026-09-01,1.47,0.78,2026-09-03T15:06:40Z
ICIC/O/E/EIN/22/02/0146,ICICI Prudential Nifty 200 Momentum 30 Index Fund,Open Ended,Other Scheme - Index Funds,2026-09-02,1.47,0.78,2026-09-03T15:06:40Z
ICIC/O/O/EET/23/01/0175,ICICI Prudential Nifty 200 Quality 30 ETF,Open Ended,Other Scheme - Other  ETFs,2026-09-01,0.36,0.0,2026-09-03T15:06:40Z
ICIC/O/O/EET/23/01/0175,ICICI Prudential Nifty 200 Quality 30 ETF,Open Ended,Other Scheme - Other  ETFs,2026-09-02,0.36,0.0,2026-09-03T15:06:40Z
ICIC/O/O/DET/21/12/0134,ICICI Prudential Nifty 5 yr Benchmark G-SEC ETF,Open Ended,Other Scheme - Other  ETFs,2026-09-01,0.2,0.0,2026-09-03T15:06:40Z
ICIC/O/O/DET/21/12/0134,ICICI Prudential Nifty 5 yr Benchmark G-SEC ETF,Open Ended,Other Scheme - Other  ETFs,2026-09-02,0.2,0.0,2026-09-03T15:06:40Z
ICIC/O/O/EET/13/01/0044,ICICI Prudential Nifty 50 ETF,Open Ended,Other Scheme - Other  ETFs,2026-09-01,0.0304,0.0,2026-09-03T15:06:40Z
ICIC/O/O/EET/13/01/0044,ICICI Prudential Nifty 50 ETF,Open Ended,Other Scheme - Other  ETFs,2026-09-02,0.0304,0.0,2026-09-03T15:06:40Z
ICIC/O/O/EIN/01/12/0017,ICICI Prudential Nifty 50 Index Fund,Open Ended,Other Scheme - Index Funds,2026-09-01,0.45,0.24,2026-09-03T15:06:40Z
ICIC/O/O/EIN/01/12/0017,ICICI Prudential Nifty 50 Index Fund,Open Ended,Other Scheme - Index Funds,2026-09-02,0.45,0.24,2026-09-03T15:06:40Z
ICIC/O/O/EIN/24/09/0185,ICICI Prudential Nifty 500 Index Fund,Open Ended,Other Scheme - Index Funds,2026-09-01,0.98,0.43,2026-09-03T15:06:40Z
ICIC/O/O/EIN/24/09/0185,ICICI Prudential Nifty 500 Index Fund,Open Ended,Other Scheme - Index Funds,2026-09-02,0.98,0.43,2026-09-03T15:06:40Z
ICIC/O/O/FOD/21/05/0126,ICICI Prudential Nifty Alpha Low - Volatility 30 ETF FOF,Open Ended,Other Scheme - FoF Domestic,2026-09-01,0.55,0.11,2026-09-03T15:06:40Z
ICIC/O/O/FOD/21/05/0126,ICICI Prudential Nifty Alpha Low - Volatility 30 ETF FOF,Open Ended,Other Scheme - FoF Domestic,2026-09-02,0.55,0.11,2026-09-03T15:06:40Z
ICIC/O/O/EET/20/07/0120,ICICI Prudential Nifty Alpha Low- Volatility 30 ETF,Open Ended,Other Scheme - Other  ETFs,2026-09-01,0.6,0.0,2026-09-03T15:06:40Z
ICIC/O/O/EET/20/07/0120,ICICI Prudential Nifty Alpha Low- Volatility 30 ETF,Open Ended,Other Scheme - Other  ETFs,2026-09-02,0.6,0.0,2026-09-03T15:06:40Z
ICIC/O/O/EET/21/12/0136,ICICI Prudential Nifty Auto ETF,Open Ended,Other Scheme - Other  ETFs,2026-09-01,0.2,0.0,2026-09-03T15:06:40Z
ICIC/O/O/EET/21/12/0136,ICICI Prudential Nifty Auto ETF,Open Ended,Other Scheme - Other  ETFs,2026-09-02,0.2,0.0,2026-09-03T15:06:40Z
ICIC/O/E/EIN/22/05/0152,ICICI Prudential Nifty Auto Index Fund,Open Ended,Other Scheme - Index Funds,2026-09-01,0.95,0.35,2026-09-03T15:06:40Z
ICIC/O/E/EIN/22/05/0152,ICICI Prudential Nifty Auto Index Fund,Open Ended,Other Scheme - Index Funds,2026-09-02,0.95,0.35,2026-09-03T15:06:40Z
ICIC/O/O/EET/19/06/0108,ICICI Prudential Nifty Bank ETF,Open Ended,Other Scheme - Other  ETFs,2026-09-01,0.17,0.0,2026-09-03T15:06:40Z
ICIC/O/O/EET/19/06/0108,ICICI Prudential Nifty Bank ETF,Open Ended,Other Scheme - Other  ETFs,2026-09-02,0.17,0.0,2026-09-03T15:06:40Z
ICIC/O/O/EIN/21/12/0135,ICICI Prudential Nifty Bank Index Fund,Open Ended,Other Scheme - Index Funds,2026-09-01,0.82,0.22,2026-09-03T15:06:40Z
ICIC/O/O/EIN/21/12/0135,ICICI Prudential Nifty Bank Index Fund,Open Ended,Other Scheme - Index Funds,2026-09-02,0.82,0.22,2026-09-03T15:06:40Z
ICIC/O/O/OET/22/11/0162,ICICI Prudential Nifty Commodities ETF,Open Ended,Other Scheme - Other  ETFs,2026-09-01,0.34,0.0,2026-09-03T15:06:40Z
ICIC/O/O/OET/22/11/0162,ICICI Prudential Nifty Commodities ETF,Open Ended,Other Scheme - Other  ETFs,2026-09-02,0.34,0.0,2026-09-03T15:06:40Z
ICIC/O/O/EET/24/09/0189,ICICI Prudential Nifty EV & New Age Automotive ETF,Open Ended,Other Scheme - Other  ETFs,2026-09-01,0.47,0.0,2026-09-03T15:06:40Z
ICIC/O/O/EET/24/09/0189,ICICI Prudential Nifty EV & New Age Automotive ETF,Open Ended,Other Scheme - Other  ETFs,2026-09-02,0.47,0.0,2026-09-03T15:06:40Z
ICIC/O/O/FOD/25/02/0188,ICICI Prudential Nifty EV & New Age Automotive ETF FOF,Open Ended,Other Scheme - FoF Domestic,2026-09-01,0.6,0.36,2026-09-03T15:06:40Z
ICIC/O/O/FOD/25/02/0188,ICICI Prudential Nifty EV & New Age Automotive ETF FOF,Open Ended,Other Scheme - FoF Domestic,2026-09-02,0.6,0.36,2026-09-03T15:06:40Z
ICIC/O/O/EET/22/10/0156,ICICI Prudential Nifty Financial Services Ex-Bank ETF,Open Ended,Other Scheme - Other  ETFs,2026-09-01,0.21,0.0,2026-09-03T15:06:40Z
ICIC/O/O/EET/22/10/0156,ICICI Prudential Nifty Financial Services Ex-Bank ETF,Open Ended,Other Scheme - Other  ETFs,2026-09-02,0.21,0.0,2026-09-03T15:06:40Z
ICIC/O/O/EET/21/04/0124,ICICI Prudential Nifty FMCG ETF,Open Ended,Other Scheme - Other  ETFs,2026-09-01,0.2,0.0,2026-09-03T15:06:40Z
ICIC/O/O/EET/21/04/0124,ICICI Prudential Nifty FMCG ETF,Open Ended,Other Scheme - Other  ETFs,2026-09-02,0.2,0.0,2026-09-03T15:06:40Z
ICIC/O/D/DIN/22/05/0149,ICICI Prudential Nifty G-Sec Dec 2030 Index Fund,Open Ended,Other Scheme - Index Funds,2026-09-01,0.37,0.2,2026-09-03T15:06:40Z
ICIC/O/D/DIN/22/05/0149,ICICI Prudential Nifty G-Sec Dec 2030 Index Fund,Open Ended,Other Scheme - Index Funds,2026-09-02,0.37,0.2,2026-09-03T15:06:40Z
ICIC/O/O/EET/21/04/0123,ICICI Prudential Nifty Healthcare ETF,Open Ended,Other Scheme - Other  ETFs,2026-09-01,0.16,0.0,2026-09-03T15:06:40Z
ICIC/O/O/EET/21/04/0123,ICICI Prudential Nifty Healthcare ETF,Open Ended,Other Scheme - Other  ETFs,2026-09-02,0.16,0.0,2026-09-03T15:06:40Z
ICIC/O/O/EET/21/04/0125,ICICI Prudential Nifty India Consumption ETF,Open Ended,Other Scheme - Other  ETFs,2026-09-01,0.21,0.0,2026-09-03T15:06:40Z
ICIC/O/O/EET/21/04/0125,ICICI Prudential Nifty India Consumption ETF,Open Ended,Other Scheme - Other  ETFs,2026-09-02,0.21,0.0,2026-09-03T15:06:40Z
ICIC/O/O/EET/21/11/0143,ICICI Prudential Nifty Infrastructure ETF,Open Ended,Other Scheme - Other  ETFs,2026-09-01,0.51,0.0,2026-09-03T15:06:40Z
ICIC/O/O/EET/21/11/0143,ICICI Prudential Nifty Infrastructure ETF,Open Ended,Other Scheme - Other  ETFs,2026-09-02,0.51,0.0,2026-09-03T15:06:40Z
ICIC/O/O/EET/19/12/0116,ICICI Prudential Nifty IT ETF,Open Ended,Other Scheme - Other  ETFs,2026-09-01,0.27,0.0,2026-09-03T15:06:40Z
ICIC/O/O/EET/19/12/0116,ICICI Prudential Nifty IT ETF,Open Ended,Other Scheme - Other  ETFs,2026-09-02,0.27,0.0,2026-09-03T15:06:40Z
ICIC/O/E/EIN/22/02/0145,ICICI Prudential Nifty IT Index Fund,Open Ended,Other Scheme - Index Funds,2026-09-01,1.02,0.4,2026-09-03T15:06:40Z
ICIC/O/E/EIN/22/02/0145,ICICI Prudential Nifty IT Index Fund,Open Ended,Other Scheme - Index Funds,2026-09-02,1.02,0.4,2026-09-03T15:06:40Z
ICIC/O/O/EIN/23/12/0177,ICICI Prudential Nifty LargeMidcap 250 Index Fund,Open Ended,Other Scheme - Index Funds,2026-09-01,0.8,0.3,2026-09-03T15:06:40Z
ICIC/O/O/EIN/23/12/0177,ICICI Prudential Nifty LargeMidcap 250 Index Fund,Open Ended,Other Scheme - Index Funds,2026-09-02,0.8,0.3,2026-09-03T15:06:40Z
ICIC/O/O /EET/24/06/0181,ICICI Prudential NIFTY Metal ETF,Open Ended,Other Scheme - Other  ETFs,2026-09-01,0.47,0.0,2026-09-03T15:06:40Z
ICIC/O/O /EET/24/06/0181,ICICI Prudential NIFTY Metal ETF,Open Ended,Other Scheme - Other  ETFs,2026-09-02,0.47,0.0,2026-09-03T15:06:40Z
ICIC/O/O/EET/98/05/0009,ICICI Prudential Nifty Midcap 150 ETF,Open Ended,Other Scheme - Other  ETFs,2026-09-01,0.18,0.0,2026-09-03T15:06:40Z
ICIC/O/O/EET/98/05/0009,ICICI Prudential Nifty Midcap 150 ETF,Open Ended,Other Scheme - Other  ETFs,2026-09-02,0.18,0.0,2026-09-03T15:06:40Z
ICIC/O/O/EIN/21/11/0132,ICICI Prudential Nifty Midcap 150 Index Fund,Open Ended,Other Scheme - Index Funds,2026-09-01,1.09,0.35,2026-09-03T15:06:40Z
ICIC/O/O/EIN/21/11/0132,ICICI Prudential Nifty Midcap 150 Index Fund,Open Ended,Other Scheme - Index Funds,2026-09-02,1.09,0.35,2026-09-03T15:06:40Z
ICIC/O/O/EET/18/07/0068,ICICI Prudential Nifty Next 50 ETF,Open Ended,Other Scheme - Other  ETFs,2026-09-01,0.15,0.0,2026-09-03T15:06:40Z
ICIC/O/O/EET/18/07/0068,ICICI Prudential Nifty Next 50 ETF,Open Ended,Other Scheme - Other  ETFs,2026-09-02,0.15,0.0,2026-09-03T15:06:40Z
ICIC/O/O/EIN/10/01/0037,ICICI Prudential Nifty Next 50 Index Fund,Open Ended,Other Scheme - Index Funds,2026-09-01,0.75,0.37,2026-09-03T15:06:40Z
ICIC/O/O/EIN/10/01/0037,ICICI Prudential Nifty Next 50 Index Fund,Open Ended,Other Scheme - Index Funds,2026-09-02,0.75,0.37,2026-09-03T15:06:40Z
ICIC/O/O/EET/24/06/0180,ICICI Prudential Nifty Oil & Gas ETF,Open Ended,Other Scheme - Other  ETFs,2026-09-01,0.42,0.0,2026-09-03T15:06:40Z
ICIC/O/O/EET/24/06/0180,ICICI Prudential Nifty Oil & Gas ETF,Open Ended,Other Scheme - Other  ETFs,2026-09-02,0.42,0.0,2026-09-03T15:06:40Z
ICIC/O/E/EIN/22/05/0150,ICICI Prudential Nifty Pharma Index Fund,Open Ended,Other Scheme - Index Funds,2026-09-01,1.18,0.51,2026-09-03T15:06:40Z
ICIC/O/E/EIN/22/05/0150,ICICI Prudential Nifty Pharma Index Fund,Open Ended,Other Scheme - Index Funds,2026-09-02,1.18,0.51,2026-09-03T15:06:40Z
ICIC/O/O/EET/19/06/0110,ICICI Prudential Nifty Private Bank ETF,Open Ended,Other Scheme - Other  ETFs,2026-09-01,0.17,0.0,2026-09-03T15:06:40Z
ICIC/O/O/EET/19/06/0110,ICICI Prudential Nifty Private Bank ETF,Open Ended,Other Scheme - Other  ETFs,2026-09-02,0.17,0.0,2026-09-03T15:06:40Z
ICIC/O/O/EIN/25/03/0197,ICICI Prudential Nifty Private Bank Index Fund,Open Ended,Other Scheme - Index Funds,2026-09-01,1.21,0.66,2026-09-03T15:06:40Z
ICIC/O/O/EIN/25/03/0197,ICICI Prudential Nifty Private Bank Index Fund,Open Ended,Other Scheme - Index Funds,2026-09-02,1.21,0.66,2026-09-03T15:06:40Z
ICIC/O/O/EET/23/01/0170,ICICI Prudential Nifty PSU Bank ETF,Open Ended,Other Scheme - Other  ETFs,2026-09-01,0.41,0.0,2026-09-03T15:06:40Z
ICIC/O/O/EET/23/01/0170,ICICI Prudential Nifty PSU Bank ETF,Open Ended,Other Scheme - Other  ETFs,2026-09-02,0.41,0.0,2026-09-03T15:06:40Z
ICIC/O/O/DIN/21/08/0127,ICICI Prudential Nifty PSU Bond Plus SDL Sep 2027 40:60 Index Fund,Open Ended,Other Scheme - Index Funds,2026-09-01,0.37,0.2,2026-09-03T15:06:40Z
ICIC/O/O/DIN/21/08/0127,ICICI Prudential Nifty PSU Bond Plus SDL Sep 2027 40:60 Index Fund,Open Ended,Other Scheme - Index Funds,2026-09-02,0.37,0.2,2026-09-03T15:06:40Z
ICIC/O/D/DIN/22/05/0148,ICICI Prudential Nifty SDL Dec 2028 Index Fund,Open Ended,Other Scheme - Index Funds,2026-09-01,0.35,0.19,2026-09-03T15:06:40Z
ICIC/O/D/DIN/22/05/0148,ICICI Prudential Nifty SDL Dec 2028 Index Fund,Open Ended,Other Scheme - Index Funds,2026-09-02,0.35,0.19,2026-09-03T15:06:40Z
ICIC/O/D/DIN/22/11/0164,ICICI Prudential Nifty SDL Sep 2026 Index Fund,Open Ended,Other Scheme - Index Funds,2026-09-01,0.4,0.2,2026-09-03T15:06:40Z
ICIC/O/D/DIN/22/11/0164,ICICI Prudential Nifty SDL Sep 2026 Index Fund,Open Ended,Other Scheme - Index Funds,2026-09-02,0.4,0.2,2026-09-03T15:06:40Z
ICIC/O/O/DIN/22/02/0139,ICICI Prudential Nifty SDL Sep 2027 Index Fund,Open Ended,Other Scheme - Index Funds,2026-09-01,0.32,0.18,2026-09-03T15:06:40Z
ICIC/O/O/DIN/22/02/0139,ICICI Prudential Nifty SDL Sep 2027 Index Fund,Open Ended,Other Scheme - Index Funds,2026-09-02,0.32,0.18,2026-09-03T15:06:40Z
ICIC/O/O/EET/26/05/0202,ICICI Prudential Nifty Smallcap 250 ETF,Open Ended,Other Scheme - Other  ETFs,2026-09-01,0.91,0.0,2026-09-03T15:06:40Z
ICIC/O/O/EET/26/05/0202,ICICI Prudential Nifty Smallcap 250 ETF,Open Ended,Other Scheme - Other  ETFs,2026-09-02,0.91,0.0,2026-09-03T15:06:40Z
ICIC/O/O/EIN/21/08/0129,ICICI Prudential Nifty Smallcap 250 Index Fund,Open Ended,Other Scheme - Index Funds,2026-09-01,0.96,0.37,2026-09-03T15:06:40Z
ICIC/O/O/EIN/21/08/0129,ICICI Prudential Nifty Smallcap 250 Index Fund,Open Ended,Other Scheme - Index Funds,2026-09-02,0.96,0.37,2026-09-03T15:06:40Z
ICIC/O/O/EET/25/02/0194,ICICI Prudential Nifty Top 15 Equal Weight ETF,Open Ended,Other Scheme - Other  ETFs,2026-09-01,0.38,0.0,2026-09-03T15:06:40Z
ICIC/O/O/EET/25/02/0194,ICICI Prudential Nifty Top 15 Equal Weight ETF,Open Ended,Other Scheme - Other  ETFs,2026-09-02,0.38,0.0,2026-09-03T15:06:40Z
ICIC/O/O/EIN/25/02/0195,ICICI Prudential Nifty Top 15 Equal Weight Index Fund,Open Ended,Other Scheme - Index Funds,2026-09-01,0.98,0.44,2026-09-03T15:06:40Z
ICIC/O/O/EIN/25/02/0195,ICICI Prudential Nifty Top 15 Equal Weight Index Fund,Open Ended,Other Scheme - Index Funds,2026-09-02,0.98,0.44,2026-09-03T15:06:40Z
ICIC/O/O/EIN/25/02/0193,ICICI Prudential Nifty200 Quality 30 Index Fund,Open Ended,Other Scheme - Index Funds,2026-09-01,0.93,0.49,2026-09-03T15:06:40Z
ICIC/O/O/EIN/25/02/0193,ICICI Prudential Nifty200 Quality 30 Index Fund,Open Ended,Other Scheme - Index Funds,2026-09-02,0.93,0.49,2026-09-03T15:06:40Z
ICIC/O/O/EET/24/09/0183,ICICI Prudential Nifty200 Value 30 ETF,Open Ended,Other Scheme - Other  ETFs,2026-09-01,0.4,0.0,2026-09-03T15:06:40Z
ICIC/O/O/EET/24/09/0183,ICICI Prudential Nifty200 Value 30 ETF,Open Ended,Other Scheme - Other  ETFs,2026-09-02,0.4,0.0,2026-09-03T15:06:40Z
ICIC/O/O/EIN/24/09/0182,ICICI Prudential Nifty200 Value 30 Index Fund,Open Ended,Other Scheme - Index Funds,2026-09-01,1.1,0.61,2026-09-03T15:06:40Z
ICIC/O/O/EIN/24/09/0182,ICICI Prudential Nifty200 Value 30 Index Fund,Open Ended,Other Scheme - Index Funds,2026-09-02,1.1,0.61,2026-09-03T15:06:40Z
ICIC/O/E/EIN/22/02/0147,ICICI Prudential Nifty50 Equal Weight Index Fund,Open Ended,Other Scheme - Index Funds,2026-09-01,1.1,0.36,2026-09-03T15:06:40Z
ICIC/O/E/EIN/22/02/0147,ICICI Prudential Nifty50 Equal Weight Index Fund,Open Ended,Other Scheme - Index Funds,2026-09-02,1.1,0.36,2026-09-03T15:06:40Z
ICIC/O/O/EET/16/03/0052,ICICI Prudential Nifty50 Value 20 ETF,Open Ended,Other Scheme - Other  ETFs,2026-09-01,0.46,0.0,2026-09-03T15:06:40Z
ICIC/O/O/EET/16/03/0052,ICICI Prudential Nifty50 Value 20 ETF,Open Ended,Other Scheme - Other  ETFs,2026-09-02,0.46,0.0,2026-09-03T15:06:40Z
ICIC/O/O/EIN/23/12/0176,ICICI Prudential Nifty50 Value 20 Index Fund,Open Ended,Other Scheme - Index Funds,2026-09-01,0.9,0.52,2026-09-03T15:06:40Z
ICIC/O/O/EIN/23/12/0176,ICICI Prudential Nifty50 Value 20 Index Fund,Open Ended,Other Scheme - Index Funds,2026-09-02,0.9,0.52,2026-09-03T15:06:40Z
ICIC/O/D/ONF/18/10/0104,ICICI Prudential Overnight Fund,Open Ended,Debt Scheme - Overnight Fund,2026-09-01,0.16,0.09,2026-09-03T15:06:40Z
ICIC/O/D/ONF/18/10/0104,ICICI Prudential Overnight Fund,Open Ended,Debt Scheme - Overnight Fund,2026-09-02,0.16,0.09,2026-09-03T15:06:40Z
ICIC/O/O/FOD/21/10/0131,ICICI Prudential Passive Multi-Asset Fund of Funds,Open Ended,Other Scheme - FoF Domestic,2026-09-01,0.58,0.21,2026-09-03T15:06:40Z
ICIC/O/O/FOD/21/10/0131,ICICI Prudential Passive Multi-Asset Fund of Funds,Open Ended,Other Scheme - FoF Domestic,2026-09-02,0.58,0.21,2026-09-03T15:06:40Z
ICIC/O/E/THE/22/06/0154,ICICI Prudential PSU Equity Fund,Open Ended,Equity Scheme - Sectoral/ Thematic,2026-09-01,2.33,1.28,2026-09-03T15:06:40Z
ICIC/O/E/THE/22/06/0154,ICICI Prudential PSU Equity Fund,Open Ended,Equity Scheme - Sectoral/ Thematic,2026-09-02,2.33,1.28,2026-09-03T15:06:40Z
ICIC/O/E/THE/24/11/0192,ICICI Prudential Quality Fund,Open Ended,Equity Scheme - Sectoral/ Thematic,2026-09-01,2.46,1.37,2026-09-03T15:06:40Z
ICIC/O/E/THE/24/11/0192,ICICI Prudential Quality Fund,Open Ended,Equity Scheme - Sectoral/ Thematic,2026-09-02,2.46,1.37,2026-09-03T15:06:40Z
ICIC/O/E/THE/19/12/0117,ICICI Prudential Quant Fund,Open Ended,Equity Scheme - Sectoral/ Thematic,2026-09-01,2.81,2.07,2026-09-03T15:06:40Z
ICIC/O/E/THE/19/12/0117,ICICI Prudential Quant Fund,Open Ended,Equity Scheme - Sectoral/ Thematic,2026-09-02,2.81,2.07,2026-09-03T15:06:40Z
ICIC/O/S/RET/18/10/0086,ICICI Prudential Retirement Fund Hybrid Aggressive Plan,Open Ended,Solution Oriented Scheme - Retirement Fund,2026-09-01,2.48,1.21,2026-09-03T15:06:40Z
ICIC/O/S/RET/18/10/0086,ICICI Prudential Retirement Fund Hybrid Aggressive Plan,Open Ended,Solution Oriented Scheme - Retirement Fund,2026-09-02,2.48,1.21,2026-09-03T15:06:40Z
ICIC/O/S/RET/18/10/0087,ICICI Prudential Retirement Fund Hybrid Conservative Plan,Open Ended,Solution Oriented Scheme - Retirement Fund,2026-09-01,2.25,1.05,2026-09-03T15:06:40Z
ICIC/O/S/RET/18/10/0087,ICICI Prudential Retirement Fund Hybrid Conservative Plan,Open Ended,Solution Oriented Scheme - Retirement Fund,2026-09-02,2.25,1.05,2026-09-03T15:06:40Z
ICIC/O/S/RET/18/10/0088,ICICI Prudential Retirement Fund Pure Debt Plan,Open Ended,Solution Oriented Scheme - Retirement Fund,2026-09-01,2.14,1.22,2026-09-03T15:06:40Z
ICIC/O/S/RET/18/10/0088,ICICI Prudential Retirement Fund Pure Debt Plan,Open Ended,Solution Oriented Scheme - Retirement Fund,2026-09-02,2.14,1.22,2026-09-03T15:06:40Z
ICIC/O/S/RET/18/10/0089,ICICI Prudential Retirement Fund Pure Equity Plan,Open Ended,Solution Oriented Scheme - Retirement Fund,2026-09-01,2.14,0.88,2026-09-03T15:06:40Z
ICIC/O/S/RET/18/10/0089,ICICI Prudential Retirement Fund Pure Equity Plan,Open Ended,Solution Oriented Scheme - Retirement Fund,2026-09-02,2.14,0.88,2026-09-03T15:06:40Z
ICIC/O/E/THE/24/10/0186,ICICI Prudential Rural Opportunities Fund,Open Ended,Equity Scheme - Sectoral/ Thematic,2026-09-01,2.24,1.23,2026-09-03T15:06:40Z
ICIC/O/E/THE/24/10/0186,ICICI Prudential Rural Opportunities Fund,Open Ended,Equity Scheme - Sectoral/ Thematic,2026-09-02,2.24,1.23,2026-09-03T15:06:40Z
ICIC/O/D/SDF/98/05/0003,ICICI Prudential Short Term Fund,Open Ended,Debt Scheme - Short Duration Fund,2026-09-01,1.05,0.45,2026-09-03T15:06:40Z
ICIC/O/D/SDF/98/05/0003,ICICI Prudential Short Term Fund,Open Ended,Debt Scheme - Short Duration Fund,2026-09-02,1.05,0.45,2026-09-03T15:06:40Z
ICIC/O/O/OET/21/12/0137,ICICI Prudential Silver ETF,Open Ended,Other Scheme - Other  ETFs,2026-09-01,0.4,0.0,2026-09-03T15:06:40Z
ICIC/O/O/OET/21/12/0137,ICICI Prudential Silver ETF,Open Ended,Other Scheme - Other  ETFs,2026-09-02,0.4,0.0,2026-09-03T15:06:40Z
ICIC/O/O/FOD/21/12/0138,ICICI Prudential Silver ETF FOF,Open Ended,Other Scheme - FoF Domestic,2026-09-01,0.65,0.2,2026-09-03T15:06:40Z
ICIC/O/O/FOD/21/12/0138,ICICI Prudential Silver ETF FOF,Open Ended,Other Scheme - FoF Domestic,2026-09-02,0.65,0.2,2026-09-03T15:06:40Z
ICIC/O/E/SCF/07/06/0031,ICICI Prudential Small Cap Fund,Open Ended,Equity Schemes - Small Cap Fund,2026-09-01,2.1,1.18,2026-09-03T15:06:40Z
ICIC/O/E/SCF/07/06/0031,ICICI Prudential Small Cap Fund,Open Ended,Equity Schemes - Small Cap Fund,2026-09-02,2.1,1.18,2026-09-03T15:06:40Z
ICIC/O/O/FOO/21/11/0133,ICICI Prudential Strategic Metal and Energy Equity Fund of Fund,Open Ended,Other Scheme - FoF Overseas,2026-09-01,0.98,0.22,2026-09-03T15:06:40Z
ICIC/O/O/FOO/21/11/0133,ICICI Prudential Strategic Metal and Energy Equity Fund of Fund,Open Ended,Other Scheme - FoF Overseas,2026-09-02,0.98,0.22,2026-09-03T15:06:40Z
ICIC/O/E/SEC/00/01/0014,ICICI Prudential Technology Fund,Open Ended,Equity Scheme - Sectoral/ Thematic,2026-09-01,1.86,1.2,2026-09-03T15:06:40Z
ICIC/O/E/SEC/00/01/0014,ICICI Prudential Technology Fund,Open Ended,Equity Scheme - Sectoral/ Thematic,2026-09-02,1.86,1.2,2026-09-03T15:06:40Z
ICIC/O/E/THE/22/09/0155,ICICI Prudential Transportation and Logistics Fund,Open Ended,Equity Scheme - Sectoral/ Thematic,2026-09-01,2.08,1.21,2026-09-03T15:06:40Z
ICIC/O/E/THE/22/09/0155,ICICI Prudential Transportation and Logistics Fund,Open Ended,Equity Scheme - Sectoral/ Thematic,2026-09-02,2.08,1.21,2026-09-03T15:06:40Z
ICIC/O/D/USD/09/06/0035,ICICI Prudential Ultra Short Term Fund,Open Ended,Debt Scheme - Ultra Short Duration Fund,2026-09-01,0.79,0.4,2026-09-03T15:06:40Z
ICIC/O/D/USD/09/06/0035,ICICI Prudential Ultra Short Term Fund,Open Ended,Debt Scheme - Ultra Short Duration Fund,2026-09-02,0.79,0.4,2026-09-03T15:06:40Z
ICIC/O/D/LOW/98/05/0005,ICICI Prudential Ultra Short to Short Term Fund,Open Ended,Income/Debt Oriented Schemes - Ultra Short to Short Term Fund,2026-09-01,0.56,0.42,2026-09-03T15:06:40Z
ICIC/O/D/LOW/98/05/0005,ICICI Prudential Ultra Short to Short Term Fund,Open Ended,Income/Debt Oriented Schemes - Ultra Short to Short Term Fund,2026-09-02,0.56,0.42,2026-09-03T15:06:40Z
ICIC/O/E/THE/12/03/0043,ICICI Prudential US Bluechip Equity Fund,Open Ended,Equity Scheme - Sectoral/ Thematic,2026-09-01,1.96,1.18,2026-09-03T15:06:40Z
ICIC/O/E/THE/12/03/0043,ICICI Prudential US Bluechip Equity Fund,Open Ended,Equity Scheme - Sectoral/ Thematic,2026-09-02,1.96,1.18,2026-09-03T15:06:40Z
ICIC/O/E/VAF/04/06/0025,ICICI Prudential Value Fund (erstwhile Value Discovery Fund),Open Ended,Equity Scheme - Value Fund,2026-09-01,1.54,1.08,2026-09-03T15:06:40Z
ICIC/O/E/VAF/04/06/0025,ICICI Prudential Value Fund (erstwhile Value Discovery Fund),Open Ended,Equity Scheme - Value Fund,2026-09-02,1.54,1.08,2026-09-03T15:06:40Z
INVM/O/O/FOO/21/10/0038,Invesco India - Invesco EQQQ Nasdaq-100 ETF Fund of Fund,Open Ended,Overseas Fund of Funds - Fund of Funds investing overseas,2026-09-01,0.69,0.47,2026-09-03T15:06:40Z
INVM/O/O/FOO/21/10/0038,Invesco India - Invesco EQQQ Nasdaq-100 ETF Fund of Fund,Open Ended,Overseas Fund of Funds - Fund of Funds investing overseas,2026-09-02,0.69,0.47,2026-09-03T15:06:40Z
INVM/O/O/FOO/20/10/0034,Invesco India - Invesco Global Consumer Trends Fund of Fund,Open Ended,Overseas Fund of Funds - Fund of Funds investing overseas,2026-09-01,1.46,0.56,2026-09-03T15:06:40Z
INVM/O/O/FOO/20/10/0034,Invesco India - Invesco Global Consumer Trends Fund of Fund,Open Ended,Overseas Fund of Funds - Fund of Funds investing overseas,2026-09-02,1.46,0.56,2026-09-03T15:06:40Z
INVM/O/O/FOO/13/11/0024,Invesco India - Invesco Global Equity Income Fund of Fund,Open Ended,Overseas Fund of Funds - Fund of Funds investing overseas,2026-09-01,1.31,0.81,2026-09-03T15:06:40Z
INVM/O/O/FOO/13/11/0024,Invesco India - Invesco Global Equity Income Fund of Fund,Open Ended,Overseas Fund of Funds - Fund of Funds investing overseas,2026-09-02,1.31,0.81,2026-09-03T15:06:40Z
INVM/O/O/FOO/13/11/0023,Invesco India - Invesco Pan European Equity Fund of Fund,Open Ended,Overseas Fund of Funds - Fund of Funds investing overseas,2026-09-01,0.84,0.49,2026-09-03T15:06:40Z
INVM/O/O/FOO/13/11/0023,Invesco India - Invesco Pan European Equity Fund of Fund,Open Ended,Overseas Fund of Funds - Fund of Funds investing overseas,2026-09-02,0.84,0.49,2026-09-03T15:06:40Z
INVM/O/H/AHF/18/04/0027,Invesco India Aggressive Hybrid Fund,Open Ended,Hybrid Schemes - Aggressive Hybrid Fund,2026-09-01,2.38,0.87,2026-09-03T15:06:40Z
INVM/O/H/AHF/18/04/0027,Invesco India Aggressive Hybrid Fund,Open Ended,Hybrid Schemes - Aggressive Hybrid Fund,2026-09-02,2.38,0.87,2026-09-03T15:06:40Z
INVM/O/H/ARB/06/12/0005,Invesco India Arbitrage Fund,Open Ended,Hybrid Schemes - Arbitrage Fund,2026-09-01,2.92,2.25,2026-09-03T15:06:40Z
INVM/O/H/ARB/06/12/0005,Invesco India Arbitrage Fund,Open Ended,Hybrid Schemes - Arbitrage Fund,2026-09-02,2.92,2.25,2026-09-03T15:06:40Z
INVM/O/H/DAA/07/06/0009,Invesco India Balanced Advantage Fund,Open Ended,Hybrid Schemes - Balanced Advantage Fund/ Dynamic Asset Allocation,2026-09-01,2.38,1.13,2026-09-03T15:06:40Z
INVM/O/H/DAA/07/06/0009,Invesco India Balanced Advantage Fund,Open Ended,Hybrid Schemes - Balanced Advantage Fund/ Dynamic Asset Allocation,2026-09-02,2.39,1.14,2026-09-03T15:06:40Z
INVM/O/D/BPF/12/09/0022,Invesco India Banking and PSU Debt Fund,Open Ended,Income/Debt Oriented Schemes - Banking and PSU Debt Fund,2026-09-01,0.63,0.26,2026-09-03T15:06:40Z
INVM/O/D/BPF/12/09/0022,Invesco India Banking and PSU Debt Fund,Open Ended,Income/Debt Oriented Schemes - Banking and PSU Debt Fund,2026-09-02,0.63,0.26,2026-09-03T15:06:40Z
INVM/O/O/EET/26/06/0055,Invesco India BSE Sensex ETF,Open Ended,Exchange Traded Funds (ETFs) - Equity ETF,2026-09-01,3.87,0.0,2026-09-03T15:06:40Z
INVM/O/O/EET/26/06/0055,Invesco India BSE Sensex ETF,Open Ended,Exchange Traded Funds (ETFs) - Equity ETF,2026-09-02,3.87,0.0,2026-09-03T15:06:40Z
INVM/O/O/EIN/26/03/0052,Invesco India BSE Sensex Index Fund,Open Ended,Index Funds - Equity Funds,2026-09-01,1.29,0.78,2026-09-03T15:06:40Z
INVM/O/O/EIN/26/03/0052,Invesco India BSE Sensex Index Fund,Open Ended,Index Funds - Equity Funds,2026-09-02,1.29,0.79,2026-09-03T15:06:40Z
INVM/O/E/THE/24/10/0048,Invesco India Business Cycle Fund,Open Ended,Equity Schemes - Thematic Fund,2026-09-01,2.27,0.79,2026-09-03T15:06:40Z
INVM/O/E/THE/24/10/0048,Invesco India Business Cycle Fund,Open Ended,Equity Schemes - Thematic Fund,2026-09-02,2.27,0.83,2026-09-03T15:06:40Z
INVM/O/E/THE/25/08/0051,Invesco India Consumption Fund,Open Ended,Equity Schemes - Thematic Fund,2026-09-01,2.68,1.16,2026-09-03T15:06:40Z
INVM/O/E/THE/25/08/0051,Invesco India Consumption Fund,Open Ended,Equity Schemes - Thematic Fund,2026-09-02,2.68,1.16,2026-09-03T15:06:40Z
INVM/O/E/COF/06/11/0003,Invesco India Contra Fund,Open Ended,Equity Schemes - Contra Fund,2026-09-01,1.86,0.77,2026-09-03T15:06:40Z
INVM/O/E/COF/06/11/0003,Invesco India Contra Fund,Open Ended,Equity Schemes - Contra Fund,2026-09-02,1.86,0.77,2026-09-03T15:06:40Z
INVM/O/D/CBF/07/07/0010,Invesco India Corporate Bond Fund,Open Ended,Income/Debt Oriented Schemes - Corporate Bond Fund,2026-09-01,0.69,0.29,2026-09-03T15:06:40Z
INVM/O/D/CBF/07/07/0010,Invesco India Corporate Bond Fund,Open Ended,Income/Debt Oriented Schemes - Corporate Bond Fund,2026-09-02,0.69,0.29,2026-09-03T15:06:40Z
INVM/O/D/CRF/14/02/0025,Invesco India Credit Risk Fund,Open Ended,Income/Debt Oriented Schemes - Credit Risk Fund,2026-09-01,1.46,0.28,2026-09-03T15:06:40Z
INVM/O/D/CRF/14/02/0025,Invesco India Credit Risk Fund,Open Ended,Income/Debt Oriented Schemes - Credit Risk Fund,2026-09-02,1.46,0.28,2026-09-03T15:06:40Z
INVM/O/E/ELS/06/11/0002,Invesco India ELSS Tax Saver Fund,Open Ended,Equity Schemes - ELSS- Tax Saver Fund,2026-09-01,2.28,1.19,2026-09-03T15:06:40Z
INVM/O/E/ELS/06/11/0002,Invesco India ELSS Tax Saver Fund,Open Ended,Equity Schemes - ELSS- Tax Saver Fund,2026-09-02,2.28,1.19,2026-09-03T15:06:40Z
INVM/O/H/ESF/18/12/0031,Invesco India Equity Savings Fund,Open Ended,Hybrid Schemes - Equity Savings Fund,2026-09-01,2.98,1.5,2026-09-03T15:06:40Z
INVM/O/H/ESF/18/12/0031,Invesco India Equity Savings Fund,Open Ended,Hybrid Schemes - Equity Savings Fund,2026-09-02,2.98,1.5,2026-09-03T15:06:40Z
INVM/O/E/THE/21/02/0035,Invesco India ESG Integration Strategy Fund,Open Ended,Equity Schemes - Thematic Fund,2026-09-01,2.58,1.29,2026-09-03T15:06:40Z
INVM/O/E/THE/21/02/0035,Invesco India ESG Integration Strategy Fund,Open Ended,Equity Schemes - Thematic Fund,2026-09-02,2.57,1.29,2026-09-03T15:06:40Z
INVM/O/E/SEC/07/11/0014,Invesco India Financial Services Fund,Open Ended,Equity Schemes - Sectoral Fund,2026-09-01,2.18,0.95,2026-09-03T15:06:40Z
INVM/O/E/SEC/07/11/0014,Invesco India Financial Services Fund,Open Ended,Equity Schemes - Sectoral Fund,2026-09-02,2.18,0.95,2026-09-03T15:06:40Z
INVM/O/E/FCF/21/09/0037,Invesco India Flexi Cap Fund,Open Ended,Equity Schemes - Flexi Cap Fund,2026-09-01,2.07,0.84,2026-09-03T15:06:40Z
INVM/O/E/FCF/21/09/0037,Invesco India Flexi Cap Fund,Open Ended,Equity Schemes - Flexi Cap Fund,2026-09-02,2.07,0.85,2026-09-03T15:06:40Z
INVM/O/E/FOC/20/07/0033,Invesco India Focused Fund,Open Ended,Equity Schemes - Focused Fund,2026-09-01,1.94,0.7,2026-09-03T15:06:40Z
INVM/O/E/FOC/20/07/0033,Invesco India Focused Fund,Open Ended,Equity Schemes - Focused Fund,2026-09-02,1.94,0.7,2026-09-03T15:06:40Z
INVM/O/D/GIL/07/09/0013,Invesco India Gilt Fund,Open Ended,Income/Debt Oriented Schemes - Gilt Fund,2026-09-01,1.25,0.48,2026-09-03T15:06:40Z
INVM/O/D/GIL/07/09/0013,Invesco India Gilt Fund,Open Ended,Income/Debt Oriented Schemes - Gilt Fund,2026-09-02,1.25,0.48,2026-09-03T15:06:40Z
INVM/O/O/FOD/11/06/0021,Invesco India Gold ETF Fund of Fund,Open Ended,Fund of Funds Scheme (Domestic) - Fund of Funds Scheme (Domestic),2026-09-01,0.55,0.11,2026-09-03T15:06:40Z
INVM/O/O/FOD/11/06/0021,Invesco India Gold ETF Fund of Fund,Open Ended,Fund of Funds Scheme (Domestic) - Fund of Funds Scheme (Domestic),2026-09-02,0.55,0.11,2026-09-03T15:06:40Z
INVM/O/O/GET/10/01/0018,Invesco India Gold Exchange Traded Fund,Open Ended,Exchange Traded Funds (ETFs) - Gold ETF,2026-09-01,0.5,0.0,2026-09-03T15:06:40Z
INVM/O/O/GET/10/01/0018,Invesco India Gold Exchange Traded Fund,Open Ended,Exchange Traded Funds (ETFs) - Gold ETF,2026-09-02,0.5,0.0,2026-09-03T15:06:40Z
INVM/O/O/FOD/25/06/0050,Invesco India Income Plus Arbitrage Active Fund of Fund,Open Ended,Fund of Funds Scheme (Domestic) - Fund of Funds Scheme (Domestic),2026-09-01,0.43,0.04,2026-09-03T15:06:40Z
INVM/O/O/FOD/25/06/0050,Invesco India Income Plus Arbitrage Active Fund of Fund,Open Ended,Fund of Funds Scheme (Domestic) - Fund of Funds Scheme (Domestic),2026-09-02,0.43,0.04,2026-09-03T15:06:40Z
INVM/O/E/THE/07/08/0011,Invesco India Infrastructure Fund,Open Ended,Equity Schemes - Thematic Fund,2026-09-01,2.41,1.19,2026-09-03T15:06:40Z
INVM/O/E/THE/07/08/0011,Invesco India Infrastructure Fund,Open Ended,Equity Schemes - Thematic Fund,2026-09-02,2.41,1.2,2026-09-03T15:06:40Z
INVM/O/E/LMF/07/04/0008,Invesco India Large & Mid Cap Fund,Open Ended,Equity Schemes - Large & Mid Cap Fund,2026-09-01,1.87,0.79,2026-09-03T15:06:40Z
INVM/O/E/LMF/07/04/0008,Invesco India Large & Mid Cap Fund,Open Ended,Equity Schemes - Large & Mid Cap Fund,2026-09-02,1.87,0.79,2026-09-03T15:06:40Z
INVM/O/E/LCF/09/06/0015,Invesco India Large cap Fund,Open Ended,Equity Schemes - Large Cap Fund,2026-09-01,2.19,0.92,2026-09-03T15:06:40Z
INVM/O/E/LCF/09/06/0015,Invesco India Large cap Fund,Open Ended,Equity Schemes - Large Cap Fund,2026-09-02,2.19,0.92,2026-09-03T15:06:40Z
INVM/O/D/LIF/06/10/0001,Invesco India Liquid Fund,Open Ended,Income/Debt Oriented Schemes - Liquid Fund,2026-09-01,0.22,0.15,2026-09-03T15:06:40Z
INVM/O/D/LIF/06/10/0001,Invesco India Liquid Fund,Open Ended,Income/Debt Oriented Schemes - Liquid Fund,2026-09-02,0.22,0.15,2026-09-03T15:06:40Z
INVM/O/E/THE/24/06/0045,Invesco India Manufacturing Fund,Open Ended,Equity Schemes - Thematic Fund,2026-09-01,2.56,1.12,2026-09-03T15:06:40Z
INVM/O/E/THE/24/06/0045,Invesco India Manufacturing Fund,Open Ended,Equity Schemes - Thematic Fund,2026-09-02,2.56,1.15,2026-09-03T15:06:40Z
INVM/O/D/MDF/21/05/0036,Invesco India Medium Term Fund,Open Ended,Income/Debt Oriented Schemes - Medium Term Fund,2026-09-01,1.14,0.32,2026-09-03T15:06:40Z
INVM/O/D/MDF/21/05/0036,Invesco India Medium Term Fund,Open Ended,Income/Debt Oriented Schemes - Medium Term Fund,2026-09-02,1.14,0.32,2026-09-03T15:06:40Z
INVM/O/E/MIF/07/01/0006,Invesco India Mid cap Fund,Open Ended,Equity Schemes - Mid Cap Fund,2026-09-01,1.88,0.76,2026-09-03T15:06:40Z
INVM/O/E/MIF/07/01/0006,Invesco India Mid cap Fund,Open Ended,Equity Schemes - Mid Cap Fund,2026-09-02,1.88,0.78,2026-09-03T15:06:40Z
INVM/O/D/MMF/09/06/0016,Invesco India Money Market Fund,Open Ended,Income/Debt Oriented Schemes - Money Market Fund,2026-09-01,0.43,0.16,2026-09-03T15:06:40Z
INVM/O/D/MMF/09/06/0016,Invesco India Money Market Fund,Open Ended,Income/Debt Oriented Schemes - Money Market Fund,2026-09-02,0.43,0.16,2026-09-03T15:06:40Z
INVM/O/H/MAA/24/09/0047,Invesco India Multi Asset Allocation Fund,Open Ended,Hybrid Schemes - Multi Asset Allocation Fund,2026-09-01,1.68,0.52,2026-09-03T15:06:40Z
INVM/O/H/MAA/24/09/0047,Invesco India Multi Asset Allocation Fund,Open Ended,Hybrid Schemes - Multi Asset Allocation Fund,2026-09-02,1.68,0.52,2026-09-03T15:06:40Z
INVM/O/E/MCF/07/09/0012,Invesco India Multi cap Fund,Open Ended,Equity Schemes - Multi Cap Fund,2026-09-01,2.08,0.93,2026-09-03T15:06:40Z
INVM/O/E/MCF/07/09/0012,Invesco India Multi cap Fund,Open Ended,Equity Schemes - Multi Cap Fund,2026-09-02,2.08,0.93,2026-09-03T15:06:40Z
INVM/O/O/OET/11/05/0020,Invesco India Nifty 50 Exchange Traded Fund,Open Ended,Exchange Traded Funds (ETFs) - Equity ETF,2026-09-01,0.11,0.0,2026-09-03T15:06:40Z
INVM/O/O/OET/11/05/0020,Invesco India Nifty 50 Exchange Traded Fund,Open Ended,Exchange Traded Funds (ETFs) - Equity ETF,2026-09-02,0.11,0.0,2026-09-03T15:06:40Z
INVM/O/O/EET/26/06/0056,Invesco India Nifty Bank ETF,Open Ended,Exchange Traded Funds (ETFs) - Equity ETF,2026-09-01,3.28,0.0,2026-09-03T15:06:40Z
INVM/O/O/EET/26/06/0056,Invesco India Nifty Bank ETF,Open Ended,Exchange Traded Funds (ETFs) - Equity ETF,2026-09-02,3.28,0.0,2026-09-03T15:06:40Z
INVM/O/O/EIN/26/04/0053,Invesco India Nifty Bank Index Fund,Open Ended,Index Funds - Equity Funds,2026-09-01,1.28,0.67,2026-09-03T15:06:40Z
INVM/O/O/EIN/26/04/0053,Invesco India Nifty Bank Index Fund,Open Ended,Index Funds - Equity Funds,2026-09-02,1.28,0.68,2026-09-03T15:06:40Z
INVM/O/O/DIN/23/03/0043,Invesco India Nifty G-sec Jul 2027 Index Fund,Open Ended,Index Funds - Debt Funds,2026-09-01,0.28,0.15,2026-09-03T15:06:40Z
INVM/O/O/DIN/23/03/0043,Invesco India Nifty G-sec Jul 2027 Index Fund,Open Ended,Index Funds - Debt Funds,2026-09-02,0.28,0.15,2026-09-03T15:06:40Z
INVM/O/O/DIN/23/03/0044,Invesco India Nifty G-sec Sep 2032 Index Fund,Open Ended,Index Funds - Debt Funds,2026-09-01,0.29,0.15,2026-09-03T15:06:40Z
INVM/O/O/DIN/23/03/0044,Invesco India Nifty G-sec Sep 2032 Index Fund,Open Ended,Index Funds - Debt Funds,2026-09-02,0.29,0.14,2026-09-03T15:06:40Z
INVM/O/D/ONF/19/12/0032,Invesco India Overnight Fund,Open Ended,Income/Debt Oriented Schemes - Overnight Fund,2026-09-01,0.14,0.08,2026-09-03T15:06:40Z
INVM/O/D/ONF/19/12/0032,Invesco India Overnight Fund,Open Ended,Income/Debt Oriented Schemes - Overnight Fund,2026-09-02,0.14,0.08,2026-09-03T15:06:40Z
INVM/O/E/THE/09/09/0017,Invesco India PSU Equity Fund,Open Ended,Equity Schemes - Thematic Fund,2026-09-01,2.43,1.24,2026-09-03T15:06:40Z
INVM/O/E/THE/09/09/0017,Invesco India PSU Equity Fund,Open Ended,Equity Schemes - Thematic Fund,2026-09-02,2.43,1.24,2026-09-03T15:06:40Z
INVM/O/D/SDF/07/03/0007,Invesco India Short Term Fund,Open Ended,Income/Debt Oriented Schemes - Short Term Fund,2026-09-01,1.07,0.39,2026-09-03T15:06:40Z
INVM/O/D/SDF/07/03/0007,Invesco India Short Term Fund,Open Ended,Income/Debt Oriented Schemes - Short Term Fund,2026-09-02,1.07,0.39,2026-09-03T15:06:40Z
INVM/O/E/SCF/18/07/0030,Invesco India Small cap Fund,Open Ended,Equity Schemes - Small Cap Fund,2026-09-01,1.83,0.62,2026-09-03T15:06:40Z
INVM/O/E/SCF/18/07/0030,Invesco India Small cap Fund,Open Ended,Equity Schemes - Small Cap Fund,2026-09-02,1.83,0.63,2026-09-03T15:06:40Z
INVM/O/E/SEC/24/08/0046,Invesco India Technology Fund,Open Ended,Equity Schemes - Sectoral Fund,2026-09-01,2.5,1.02,2026-09-03T15:06:40Z
INVM/O/E/SEC/24/08/0046,Invesco India Technology Fund,Open Ended,Equity Schemes - Sectoral Fund,2026-09-02,2.5,1.02,2026-09-03T15:06:40Z
INVM/O/D/USD/10/11/0019,Invesco India Ultra Short Term Fund,Open Ended,Income/Debt Oriented Schemes - Ultra Short Term Fund,2026-09-01,0.79,0.27,2026-09-03T15:06:40Z
INVM/O/D/USD/10/11/0019,Invesco India Ultra Short Term Fund,Open Ended,Income/Debt Oriented Schemes - Ultra Short Term Fund,2026-09-02,0.79,0.27,2026-09-03T15:06:40Z
INVM/O/D/LOW/06/11/0004,Invesco India Ultra Short to Short Term Fund,Open Ended,Income/Debt Oriented Schemes - Ultra Short to Short Term Fund,2026-09-01,0.66,0.34,2026-09-03T15:06:40Z
INVM/O/D/LOW/06/11/0004,Invesco India Ultra Short to Short Term Fund,Open Ended,Income/Debt Oriented Schemes - Ultra Short to Short Term Fund,2026-09-02,0.66,0.34,2026-09-03T15:06:40Z
ITIM/O/H/ARB/19/02/0004,ITI Arbitrage Fund,Open Ended,Hybrid Scheme - Arbitrage Fund,2026-09-01,1.8,1.11,2026-09-03T15:06:40Z
ITIM/O/H/ARB/19/02/0004,ITI Arbitrage Fund,Open Ended,Hybrid Scheme - Arbitrage Fund,2026-09-02,1.8,1.11,2026-09-03T15:06:40Z
ITIM/O/H/BAF/19/11/0006,ITI Balanced Advantage Fund,Open Ended,Hybrid Scheme - Dynamic Asset Allocation or Balanced Advantage,2026-09-01,3.25,1.6,2026-09-03T15:06:40Z
ITIM/O/H/BAF/19/11/0006,ITI Balanced Advantage Fund,Open Ended,Hybrid Scheme - Dynamic Asset Allocation or Balanced Advantage,2026-09-02,3.25,1.6,2026-09-03T15:06:40Z
TIM/O/D/BPF/20/01/0009,ITI Banking & PSU Debt Fund,Open Ended,Debt Scheme - Banking and PSU Fund,2026-09-01,0.75,0.23,2026-09-03T15:06:40Z
TIM/O/D/BPF/20/01/0009,ITI Banking & PSU Debt Fund,Open Ended,Debt Scheme - Banking and PSU Fund,2026-09-02,0.75,0.23,2026-09-03T15:06:40Z
ITIM/O/E/SEC/21/10/0015,ITI Banking and Financial Services Fund,Open Ended,Equity Scheme - Sectoral/ Thematic,2026-09-01,2.78,1.08,2026-09-03T15:06:40Z
ITIM/O/E/SEC/21/10/0015,ITI Banking and Financial Services Fund,Open Ended,Equity Scheme - Sectoral/ Thematic,2026-09-02,2.78,1.08,2026-09-03T15:06:40Z
ITIM/O/E/THE/24/10/0020,ITI Bharat Consumption Fund,Open Ended,Equity Scheme - Sectoral/ Thematic,2026-09-01,2.57,0.96,2026-09-03T15:06:40Z
ITIM/O/E/THE/24/10/0020,ITI Bharat Consumption Fund,Open Ended,Equity Scheme - Sectoral/ Thematic,2026-09-02,2.57,0.96,2026-09-03T15:06:40Z
ITIM/O/E/THE/25/08/0021,ITI Business Cycle Fund,Open Ended,Equity Scheme - Sectoral/ Thematic,2026-09-01,3.42,1.66,2026-09-03T15:06:40Z
ITIM/O/E/THE/25/08/0021,ITI Business Cycle Fund,Open Ended,Equity Scheme - Sectoral/ Thematic,2026-09-02,3.42,1.66,2026-09-03T15:06:40Z
ITIM/O/D/DBF/21/05/0013,ITI Dynamic Term Fund,Open Ended,Income/Debt Oriented Schemes - Dynamic Term Fund,2026-09-01,1.23,0.29,2026-09-03T15:06:40Z
ITIM/O/D/DBF/21/05/0013,ITI Dynamic Term Fund,Open Ended,Income/Debt Oriented Schemes - Dynamic Term Fund,2026-09-02,1.23,0.29,2026-09-03T15:06:40Z
ITIM/O/E/ELS/19/02/0002,ITI ELSS Tax Saver Fund,Open Ended,Equity Scheme - ELSS,2026-09-01,2.57,0.9,2026-09-03T15:06:40Z
ITIM/O/E/ELS/19/02/0002,ITI ELSS Tax Saver Fund,Open Ended,Equity Scheme - ELSS,2026-09-02,2.57,0.9,2026-09-03T15:06:40Z
ITIM/O/E/FCF/22/12/0017,ITI Flexi Cap Fund,Open Ended,Equity Scheme - Flexi Cap Fund,2026-09-01,2.34,0.91,2026-09-03T15:06:40Z
ITIM/O/E/FCF/22/12/0017,ITI Flexi Cap Fund,Open Ended,Equity Scheme - Flexi Cap Fund,2026-09-02,2.34,0.91,2026-09-03T15:06:40Z
ITIM/O/E/FOC/23/02/0018,ITI Focused Fund,Open Ended,Equity Scheme - Focused Fund,2026-09-01,2.59,0.91,2026-09-03T15:06:40Z
ITIM/O/E/FOC/23/02/0018,ITI Focused Fund,Open Ended,Equity Scheme - Focused Fund,2026-09-02,2.59,0.91,2026-09-03T15:06:40Z
ITIM/O/E/LMF/24/06/0019,ITI Large & Mid Cap Fund,Open Ended,Equity Scheme - Large & Mid Cap Fund,2026-09-01,2.65,1.07,2026-09-03T15:06:40Z
ITIM/O/E/LMF/24/06/0019,ITI Large & Mid Cap Fund,Open Ended,Equity Scheme - Large & Mid Cap Fund,2026-09-02,2.65,1.07,2026-09-03T15:06:40Z
ITIM/O/E/LCF/19/12/0007,ITI Large Cap Fund,Open Ended,Equity Scheme - Large Cap Fund,2026-09-01,2.63,0.95,2026-09-03T15:06:40Z
ITIM/O/E/LCF/19/12/0007,ITI Large Cap Fund,Open Ended,Equity Scheme - Large Cap Fund,2026-09-02,2.63,0.95,2026-09-03T15:06:40Z
ITIM/O/D/LIF/19/02/0003,ITI Liquid Fund,Open Ended,Debt Scheme - Liquid Fund,2026-09-01,0.24,0.16,2026-09-03T15:06:40Z
ITIM/O/D/LIF/19/02/0003,ITI Liquid Fund,Open Ended,Debt Scheme - Liquid Fund,2026-09-02,0.24,0.16,2026-09-03T15:06:40Z
ITIM/O/E/MIF/20/07/0010,ITI Mid Cap Fund,Open Ended,Equity Scheme - Mid Cap Fund,2026-09-01,2.4,0.91,2026-09-03T15:06:40Z
ITIM/O/E/MIF/20/07/0010,ITI Mid Cap Fund,Open Ended,Equity Scheme - Mid Cap Fund,2026-09-02,2.4,0.91,2026-09-03T15:06:40Z
ITIM/O/E/MCF/19/02/0001,ITI Multi Cap Fund,Open Ended,Equity Scheme - Multi Cap Fund,2026-09-01,2.32,0.87,2026-09-03T15:06:40Z
ITIM/O/E/MCF/19/02/0001,ITI Multi Cap Fund,Open Ended,Equity Scheme - Multi Cap Fund,2026-09-02,2.32,0.87,2026-09-03T15:06:40Z
ITIM/O/D/ONF/19/09/0005,ITI Overnight Fund,Open Ended,Debt Scheme - Overnight Fund,2026-09-01,0.24,0.17,2026-09-03T15:06:40Z
ITIM/O/D/ONF/19/09/0005,ITI Overnight Fund,Open Ended,Debt Scheme - Overnight Fund,2026-09-02,0.24,0.17,2026-09-03T15:06:40Z
ITIM/O/E/SEC/21/09/0014,ITI Pharma and Healthcare Fund,Open Ended,Equity Scheme - Sectoral/ Thematic,2026-09-01,2.62,0.92,2026-09-03T15:06:40Z
ITIM/O/E/SEC/21/09/0014,ITI Pharma and Healthcare Fund,Open Ended,Equity Scheme - Sectoral/ Thematic,2026-09-02,2.62,0.92,2026-09-03T15:06:40Z
ITIM/O/E/SCF/19/12/0008,ITI Small Cap Fund,Open Ended,Equity Scheme - Small Cap Fund,2026-09-01,2.22,0.86,2026-09-03T15:06:40Z
ITIM/O/E/SCF/19/12/0008,ITI Small Cap Fund,Open Ended,Equity Scheme - Small Cap Fund,2026-09-02,2.23,0.86,2026-09-03T15:06:40Z
TIM/O/D/USD/21/02/0011,ITI Ultra Short Term Fund,Open Ended,Income/Debt Oriented Schemes - Ultra Short Term Fund,2026-09-01,0.91,0.21,2026-09-03T15:06:40Z
TIM/O/D/USD/21/02/0011,ITI Ultra Short Term Fund,Open Ended,Income/Debt Oriented Schemes - Ultra Short Term Fund,2026-09-02,0.91,0.21,2026-09-03T15:06:40Z
ITIM/O/E/VAF/21/02/0012,ITI Value Fund,Open Ended,Equity Scheme - Value Fund,2026-09-01,3.11,1.42,2026-09-03T15:06:40Z
ITIM/O/E/VAF/21/02/0012,ITI Value Fund,Open Ended,Equity Scheme - Value Fund,2026-09-02,3.11,1.42,2026-09-03T15:06:40Z
JBMF/O/H/ARB/25/11/0011,JioBlackRock Arbitrage Fund,Open Ended,Hybrid Schemes - Arbitrage Fund,2026-09-01,3.53,1.93,2026-09-03T15:06:40Z
JBMF/O/H/ARB/25/11/0011,JioBlackRock Arbitrage Fund,Open Ended,Hybrid Schemes - Arbitrage Fund,2026-09-02,3.53,1.93,2026-09-03T15:06:40Z
JBMF/O/E/FCF/25/08/0009,JioBlackRock Flexi Cap Fund,Open Ended,Equity Schemes - Flexi Cap Fund,2026-09-01,2.12,1.1,2026-09-03T15:06:40Z
JBMF/O/E/FCF/25/08/0009,JioBlackRock Flexi Cap Fund,Open Ended,Equity Schemes - Flexi Cap Fund,2026-09-02,2.12,1.1,2026-09-03T15:06:40Z
JBMF/O/E/LCF/26/02/0014,JioBlackRock Large Cap Fund,Open Ended,Equity Schemes - Large Cap Fund,2026-09-01,1.93,1.38,2026-09-03T15:06:40Z
JBMF/O/E/LCF/26/02/0014,JioBlackRock Large Cap Fund,Open Ended,Equity Schemes - Large Cap Fund,2026-09-02,1.93,1.38,2026-09-03T15:06:40Z
JBMF/O/D /LIF/25/06/0001,JioBlackRock Liquid Fund,Open Ended,Income/Debt Oriented Schemes - Liquid Fund,2026-09-01,0.24,0.1,2026-09-03T15:06:40Z
JBMF/O/D /LIF/25/06/0001,JioBlackRock Liquid Fund,Open Ended,Income/Debt Oriented Schemes - Liquid Fund,2026-09-02,0.24,0.1,2026-09-03T15:06:40Z
JBMF/O/D /MMF/25/06/0002,JioBlackRock Money Market Fund,Open Ended,Income/Debt Oriented Schemes - Money Market Fund,2026-09-01,0.35,0.16,2026-09-03T15:06:40Z
JBMF/O/D /MMF/25/06/0002,JioBlackRock Money Market Fund,Open Ended,Income/Debt Oriented Schemes - Money Market Fund,2026-09-02,0.35,0.16,2026-09-03T15:06:40Z
JBMF/O/O/EET/26/07/0015,JioBlackRock Nifty 50 ETF,Open Ended,Exchange Traded Funds (ETFs) - Equity ETF,2026-09-01,0.0,2.68,2026-09-03T15:06:40Z
JBMF/O/O/EET/26/07/0015,JioBlackRock Nifty 50 ETF,Open Ended,Exchange Traded Funds (ETFs) - Equity ETF,2026-09-02,0.0,2.68,2026-09-03T15:06:40Z
JBMF/O/O/EIN/25/07/0004,JioBlackRock Nifty 50 Index Fund,Open Ended,Index Funds - Equity Funds,2026-09-01,0.51,0.21,2026-09-03T15:06:40Z
JBMF/O/O/EIN/25/07/0004,JioBlackRock Nifty 50 Index Fund,Open Ended,Index Funds - Equity Funds,2026-09-02,0.51,0.21,2026-09-03T15:06:40Z
JBMF/O/O/DIN/25/07/0006,JioBlackRock Nifty 8-13 yr G-Sec Index Fund,Open Ended,Index Funds - Debt Funds,2026-09-01,0.27,0.12,2026-09-03T15:06:40Z
JBMF/O/O/DIN/25/07/0006,JioBlackRock Nifty 8-13 yr G-Sec Index Fund,Open Ended,Index Funds - Debt Funds,2026-09-02,0.27,0.12,2026-09-03T15:06:40Z
JBMF/O/O/EIN/25/07/0008,JioBlackRock Nifty Midcap 150 Index Fund,Open Ended,Index Funds - Equity Funds,2026-09-01,0.93,0.34,2026-09-03T15:06:40Z
JBMF/O/O/EIN/25/07/0008,JioBlackRock Nifty Midcap 150 Index Fund,Open Ended,Index Funds - Equity Funds,2026-09-02,0.93,0.34,2026-09-03T15:06:40Z
JBMF/O/O/EIN/25/07/0007,JioBlackRock Nifty Next 50 Index Fund,Open Ended,Index Funds - Equity Funds,2026-09-01,0.89,0.37,2026-09-03T15:06:40Z
JBMF/O/O/EIN/25/07/0007,JioBlackRock Nifty Next 50 Index Fund,Open Ended,Index Funds - Equity Funds,2026-09-02,0.89,0.37,2026-09-03T15:06:40Z
JBMF/O/O/EIN/25/07/0005,JioBlackRock Nifty Smallcap 250 Index Fund,Open Ended,Index Funds - Equity Funds,2026-09-01,0.9,0.34,2026-09-03T15:06:40Z
JBMF/O/O/EIN/25/07/0005,JioBlackRock Nifty Smallcap 250 Index Fund,Open Ended,Index Funds - Equity Funds,2026-09-02,0.9,0.34,2026-09-03T15:06:40Z
JBMF/O/D /ONF/25/06/0003,JioBlackRock Overnight Fund,Open Ended,Income/Debt Oriented Schemes - Overnight Fund,2026-09-01,0.2,0.12,2026-09-03T15:06:40Z
JBMF/O/D /ONF/25/06/0003,JioBlackRock Overnight Fund,Open Ended,Income/Debt Oriented Schemes - Overnight Fund,2026-09-02,0.2,0.12,2026-09-03T15:06:40Z
JBMF/O/E/THE/25/11/0013,JioBlackRock Sector Rotation Fund,Open Ended,Equity Schemes - Thematic Fund,2026-09-01,1.98,0.84,2026-09-03T15:06:40Z
JBMF/O/E/THE/25/11/0013,JioBlackRock Sector Rotation Fund,Open Ended,Equity Schemes - Thematic Fund,2026-09-02,1.98,0.84,2026-09-03T15:06:40Z
JBMF/O/D/SDF/25/11/0010,JioBlackRock Short Term Fund,Open Ended,Income/Debt Oriented Schemes - Short Term Fund,2026-09-01,1.01,0.36,2026-09-03T15:06:40Z
JBMF/O/D/SDF/25/11/0010,JioBlackRock Short Term Fund,Open Ended,Income/Debt Oriented Schemes - Short Term Fund,2026-09-02,1.01,0.36,2026-09-03T15:06:40Z
JBMF/O/D/LOW/25/11/0012,JioBlackRock Ultra Short to Short Term Fund,Open Ended,Income/Debt Oriented Schemes - Ultra Short to Short Term Fund,2026-09-01,0.0,0.33,2026-09-03T15:06:40Z
JBMF/O/D/LOW/25/11/0012,JioBlackRock Ultra Short to Short Term Fund,Open Ended,Income/Debt Oriented Schemes - Ultra Short to Short Term Fund,2026-09-02,0.75,0.33,2026-09-03T15:06:40Z
JMFI/O/H/BHF/94/11/0003,JM Aggressive Hybrid Fund,Open Ended,Hybrid Schemes - Aggressive Hybrid Fund,2026-09-01,2.67,1.15,2026-09-03T15:06:40Z
JMFI/O/H/BHF/94/11/0003,JM Aggressive Hybrid Fund,Open Ended,Hybrid Schemes - Aggressive Hybrid Fund,2026-09-02,2.67,1.15,2026-09-03T15:06:40Z
JMFI/O/H/ARB/06/04/0007,JM Arbitrage Fund,Open Ended,Hybrid Schemes - Arbitrage Fund,2026-09-01,2.1,1.45,2026-09-03T15:06:40Z
JMFI/O/H/ARB/06/04/0007,JM Arbitrage Fund,Open Ended,Hybrid Schemes - Arbitrage Fund,2026-09-02,2.1,1.45,2026-09-03T15:06:40Z
JMFI/O/D/DBF/03/04/0006,JM Dynamic Term Fund,Open Ended,Income/Debt Oriented Schemes - Dynamic Term Fund,2026-09-01,0.93,0.42,2026-09-03T15:06:40Z
JMFI/O/D/DBF/03/04/0006,JM Dynamic Term Fund,Open Ended,Income/Debt Oriented Schemes - Dynamic Term Fund,2026-09-02,0.93,0.42,2026-09-03T15:06:40Z
JMFI/O/E/ELS/07/11/0009,JM ELSS - Tax Saver Fund,Open Ended,Equity Schemes - ELSS- Tax Saver Fund,2026-09-01,2.69,1.35,2026-09-03T15:06:40Z
JMFI/O/E/ELS/07/11/0009,JM ELSS - Tax Saver Fund,Open Ended,Equity Schemes - ELSS- Tax Saver Fund,2026-09-02,2.69,1.35,2026-09-03T15:06:40Z
JMFI/O/E/FCF/08/02/0011,JM Flexi Cap Fund,Open Ended,Equity Schemes - Flexi Cap Fund,2026-09-01,2.28,1.05,2026-09-03T15:06:40Z
JMFI/O/E/FCF/08/02/0011,JM Flexi Cap Fund,Open Ended,Equity Schemes - Flexi Cap Fund,2026-09-02,2.28,1.06,2026-09-03T15:06:40Z
JMFI/O/E/FOC/07/12/0010,JM Focused Fund,Open Ended,Equity Schemes - Focused Fund,2026-09-01,2.85,1.25,2026-09-03T15:06:40Z
JMFI/O/E/FOC/07/12/0010,JM Focused Fund,Open Ended,Equity Schemes - Focused Fund,2026-09-02,2.85,1.25,2026-09-03T15:06:40Z
JMFI/O/E/LMF/25/04/0017,JM Large & Mid Cap Fund,Open Ended,Equity Schemes - Large & Mid Cap Fund,2026-09-01,2.69,1.05,2026-09-03T15:06:40Z
JMFI/O/E/LMF/25/04/0017,JM Large & Mid Cap Fund,Open Ended,Equity Schemes - Large & Mid Cap Fund,2026-09-02,2.69,1.05,2026-09-03T15:06:40Z
JMFI/O/E/LCF/94/02/0001,JM Large Cap Fund,Open Ended,Equity Schemes - Large Cap Fund,2026-09-01,2.67,1.18,2026-09-03T15:06:40Z
JMFI/O/E/LCF/94/02/0001,JM Large Cap Fund,Open Ended,Equity Schemes - Large Cap Fund,2026-09-02,2.67,1.18,2026-09-03T15:06:40Z
JMFI/O/D/LIF/97/02/0004,JM Liquid Fund,Open Ended,Income/Debt Oriented Schemes - Liquid Fund,2026-09-01,0.26,0.16,2026-09-03T15:06:40Z
JMFI/O/D/LIF/97/02/0004,JM Liquid Fund,Open Ended,Income/Debt Oriented Schemes - Liquid Fund,2026-09-02,0.26,0.16,2026-09-03T15:06:40Z
JMFI/O/D/MLD/94/11/0002,JM Medium to Long Term Fund,Open Ended,Income/Debt Oriented Schemes - Medium to Long Term Fund,2026-09-01,1.04,0.59,2026-09-03T15:06:40Z
JMFI/O/D/MLD/94/11/0002,JM Medium to Long Term Fund,Open Ended,Income/Debt Oriented Schemes - Medium to Long Term Fund,2026-09-02,1.04,0.59,2026-09-03T15:06:40Z
JMFI/O/E/MIF/21/09/0014,JM Mid Cap Fund,Open Ended,Equity Schemes - Mid Cap Fund,2026-09-01,2.46,0.95,2026-09-03T15:06:40Z
JMFI/O/E/MIF/21/09/0014,JM Mid Cap Fund,Open Ended,Equity Schemes - Mid Cap Fund,2026-09-02,2.46,0.95,2026-09-03T15:06:40Z
JMFI/O/H/MAA/26/01/0018,JM Multi Asset Allocation Fund,Open Ended,Hybrid Schemes - Multi Asset Allocation Fund,2026-09-01,3.02,1.3,2026-09-03T15:06:40Z
JMFI/O/H/MAA/26/01/0018,JM Multi Asset Allocation Fund,Open Ended,Hybrid Schemes - Multi Asset Allocation Fund,2026-09-02,3.02,1.3,2026-09-03T15:06:40Z
JMFI/O/D/ONF/19/11/0012,JM Overnight Fund,Open Ended,Income/Debt Oriented Schemes - Overnight Fund,2026-09-01,0.19,0.12,2026-09-03T15:06:40Z
JMFI/O/D/ONF/19/11/0012,JM Overnight Fund,Open Ended,Income/Debt Oriented Schemes - Overnight Fund,2026-09-02,0.19,0.12,2026-09-03T15:06:40Z
JMFI/O/D/SDF/21/11/0013,JM Short Term Fund,Open Ended,Income/Debt Oriented Schemes - Short Term Fund,2026-09-01,1.09,0.39,2026-09-03T15:06:40Z
JMFI/O/D/SDF/21/11/0013,JM Short Term Fund,Open Ended,Income/Debt Oriented Schemes - Short Term Fund,2026-09-02,1.09,0.39,2026-09-03T15:06:40Z
JMFI/O/E/SCF/23/11/0016,JM Small Cap Fund,Open Ended,Equity Schemes - Small Cap Fund,2026-09-01,2.55,0.97,2026-09-03T15:06:40Z
JMFI/O/E/SCF/23/11/0016,JM Small Cap Fund,Open Ended,Equity Schemes - Small Cap Fund,2026-09-02,2.55,0.98,2026-09-03T15:06:40Z
JMFI/O/D/LOW/06/08/0008,JM Ultra Short to Short Term Fund,Open Ended,Income/Debt Oriented Schemes - Ultra Short to Short Term Fund,2026-09-01,0.83,0.4,2026-09-03T15:06:40Z
JMFI/O/D/LOW/06/08/0008,JM Ultra Short to Short Term Fund,Open Ended,Income/Debt Oriented Schemes - Ultra Short to Short Term Fund,2026-09-02,0.83,0.4,2026-09-03T15:06:40Z
JMFI/O/E/VAF/97/03/0005,JM Value Fund,Open Ended,Equity Schemes - Value Fund,2026-09-01,2.74,1.58,2026-09-03T15:06:40Z
JMFI/O/E/VAF/97/03/0005,JM Value Fund,Open Ended,Equity Schemes - Value Fund,2026-09-02,2.74,1.58,2026-09-03T15:06:40Z
LICM/O/H/AHF/91/01/0001,LIC MF Aggressive Hybrid Fund,Open Ended,Hybrid Scheme - Aggressive Hybrid Fund,2026-09-01,2.8,1.74,2026-09-03T15:06:40Z
LICM/O/H/AHF/91/01/0001,LIC MF Aggressive Hybrid Fund,Open Ended,Hybrid Scheme - Aggressive Hybrid Fund,2026-09-02,2.8,1.74,2026-09-03T15:06:40Z
LICM/O/H/ARB/18/08/0022,LIC MF Arbitrage Fund,Open Ended,Hybrid Scheme - Arbitrage Fund,2026-09-01,1.67,1.09,2026-09-03T15:06:40Z
LICM/O/H/ARB/18/08/0022,LIC MF Arbitrage Fund,Open Ended,Hybrid Scheme - Arbitrage Fund,2026-09-02,1.67,1.09,2026-09-03T15:06:40Z
LICM/O/H/BAF/21/10/0025,LIC MF Balanced Advantage Fund,Open Ended,Hybrid Scheme - Dynamic Asset Allocation or Balanced Advantage,2026-09-01,2.93,1.51,2026-09-03T15:06:40Z
LICM/O/H/BAF/21/10/0025,LIC MF Balanced Advantage Fund,Open Ended,Hybrid Scheme - Dynamic Asset Allocation or Balanced Advantage,2026-09-02,2.93,1.51,2026-09-03T15:06:40Z
LICM/O/D/BPF/07/05/0013,LIC MF Banking & PSU Debt Fund,Open Ended,Income/Debt Oriented Schemes - Banking and PSU Debt Fund,2026-09-01,0.65,0.28,2026-09-03T15:06:40Z
LICM/O/D/BPF/07/05/0013,LIC MF Banking & PSU Debt Fund,Open Ended,Income/Debt Oriented Schemes - Banking and PSU Debt Fund,2026-09-02,0.65,0.28,2026-09-03T15:06:40Z
LICM/O/E/SEC/15/01/0017,LIC MF Banking and Financial Services Fund,Open Ended,Equity Scheme - Sectoral/ Thematic,2026-09-01,2.86,1.65,2026-09-03T15:06:40Z
LICM/O/E/SEC/15/01/0017,LIC MF Banking and Financial Services Fund,Open Ended,Equity Scheme - Sectoral/ Thematic,2026-09-02,2.86,1.65,2026-09-03T15:06:40Z
LICM/O/O/EET/15/10/0019,LIC MF BSE Sensex ETF,Open Ended,Other Scheme - Other  ETFs,2026-09-01,0.12,0.0,2026-09-03T15:06:40Z
LICM/O/O/EET/15/10/0019,LIC MF BSE Sensex ETF,Open Ended,Other Scheme - Other  ETFs,2026-09-02,0.12,0.0,2026-09-03T15:06:40Z
LICM/O/O/EIN/02/10/0011,LIC MF BSE Sensex Index Fund,Open Ended,Other Scheme - Index Funds,2026-09-01,1.06,0.66,2026-09-03T15:06:40Z
LICM/O/O/EIN/02/10/0011,LIC MF BSE Sensex Index Fund,Open Ended,Other Scheme - Index Funds,2026-09-02,1.06,0.66,2026-09-03T15:06:40Z
LICM/O/S/CHI/01/09/0008,LIC MF Children's Fund,Open Ended,Solution Oriented Scheme - Children’s Fund,2026-09-01,2.9,2.16,2026-09-03T15:06:40Z
LICM/O/S/CHI/01/09/0008,LIC MF Children's Fund,Open Ended,Solution Oriented Scheme - Children’s Fund,2026-09-02,2.9,2.16,2026-09-03T15:06:40Z
LICM/O/H/CHF/98/04/0005,LIC MF Conservative Hybrid Fund,Open Ended,Hybrid Scheme - Conservative Hybrid Fund,2026-09-01,2.25,1.69,2026-09-03T15:06:40Z
LICM/O/H/CHF/98/04/0005,LIC MF Conservative Hybrid Fund,Open Ended,Hybrid Scheme - Conservative Hybrid Fund,2026-09-02,2.25,1.69,2026-09-03T15:06:40Z
LICM/O/E/THE/25/09/0031,LIC MF Consumption Fund,Open Ended,Equity Scheme - Sectoral/ Thematic,2026-09-01,2.72,1.21,2026-09-03T15:06:40Z
LICM/O/E/THE/25/09/0031,LIC MF Consumption Fund,Open Ended,Equity Scheme - Sectoral/ Thematic,2026-09-02,2.72,1.21,2026-09-03T15:06:40Z
LICM/O/E/DYF/18/09/0021,LIC MF Dividend Yield Fund,Open Ended,Equity Scheme - Dividend Yield Fund,2026-09-01,2.43,0.95,2026-09-03T15:06:40Z
LICM/O/E/DYF/18/09/0021,LIC MF Dividend Yield Fund,Open Ended,Equity Scheme - Dividend Yield Fund,2026-09-02,2.43,0.95,2026-09-03T15:06:40Z
LICM/O/E/ELS/97/01/0004,LIC MF ELSS Tax Saver Fund,Open Ended,Equity Schemes - ELSS- Tax Saver Fund,2026-09-01,2.43,1.28,2026-09-03T15:06:40Z
LICM/O/E/ELS/97/01/0004,LIC MF ELSS Tax Saver Fund,Open Ended,Equity Schemes - ELSS- Tax Saver Fund,2026-09-02,2.43,1.28,2026-09-03T15:06:40Z
LICM/O/H/ESF/10/11/0005,LIC MF Equity Savings Fund,Open Ended,Hybrid Scheme - Equity Savings,2026-09-01,2.85,1.88,2026-09-03T15:06:40Z
LICM/O/H/ESF/10/11/0005,LIC MF Equity Savings Fund,Open Ended,Hybrid Scheme - Equity Savings,2026-09-02,2.85,1.88,2026-09-03T15:06:40Z
LICM/O/E/FCF/93/01/0002,LIC MF FLEXI CAP FUND,Open Ended,Equity Scheme - Flexi Cap Fund,2026-09-01,2.92,1.82,2026-09-03T15:06:40Z
LICM/O/E/FCF/93/01/0002,LIC MF FLEXI CAP FUND,Open Ended,Equity Scheme - Flexi Cap Fund,2026-09-02,2.92,1.82,2026-09-03T15:06:40Z
LICM/O/E/FOC/17/09/0018,LIC MF Focused Fund,Open Ended,Equity Scheme - Focused Fund,2026-09-01,3.65,2.51,2026-09-03T15:06:40Z
LICM/O/E/FOC/17/09/0018,LIC MF Focused Fund,Open Ended,Equity Scheme - Focused Fund,2026-09-02,3.65,2.51,2026-09-03T15:06:40Z
LICM/O/D/GIL/99/09/0007,LIC MF Gilt Fund,Open Ended,Income/Debt Oriented Schemes - Gilt Fund,2026-09-01,1.1,0.7,2026-09-03T15:06:40Z
LICM/O/D/GIL/99/09/0007,LIC MF Gilt Fund,Open Ended,Income/Debt Oriented Schemes - Gilt Fund,2026-09-02,1.1,0.7,2026-09-03T15:06:40Z
LICM/O/O/FOD/12/02/0010,LIC MF Gold ETF Fund of Fund,Open Ended,Other Scheme - FoF Domestic,2026-09-01,0.61,0.35,2026-09-03T15:06:40Z
LICM/O/O/FOD/12/02/0010,LIC MF Gold ETF Fund of Fund,Open Ended,Other Scheme - FoF Domestic,2026-09-02,0.61,0.35,2026-09-03T15:06:40Z
LICM/O/O/GET/11/09/0007,LIC MF Gold Exchange Traded Fund,Open Ended,Other Scheme - Gold ETF,2026-09-01,0.45,0.0,2026-09-03T15:06:40Z
LICM/O/O/GET/11/09/0007,LIC MF Gold Exchange Traded Fund,Open Ended,Other Scheme - Gold ETF,2026-09-02,0.45,0.0,2026-09-03T15:06:40Z
LICM/O/O/GET/11/09/0007,LIC MF Gold Exchange Traded Fund,Open Ended,Other Scheme - Gold ETF,2026-09-03,0.45,0.0,2026-09-03T15:06:40Z
LICM/O/E/SEC/18/09/0022,LIC MF Healthcare Fund,Open Ended,Equity Scheme - Sectoral/ Thematic,2026-09-01,2.67,1.37,2026-09-03T15:06:40Z
LICM/O/E/SEC/18/09/0022,LIC MF Healthcare Fund,Open Ended,Equity Scheme - Sectoral/ Thematic,2026-09-02,2.67,1.37,2026-09-03T15:06:40Z
LICM/O/E/THE/07/11/0014,LIC MF Infrastructure Fund,Open Ended,Equity Scheme - Sectoral/ Thematic,2026-09-01,2.67,1.33,2026-09-03T15:06:40Z
LICM/O/E/THE/07/11/0014,LIC MF Infrastructure Fund,Open Ended,Equity Scheme - Sectoral/ Thematic,2026-09-02,2.67,1.33,2026-09-03T15:06:40Z
LICM/O/E/LMF/14/12/0016,LIC MF Large & Mid Cap Fund,Open Ended,Equity Scheme - Large & Mid Cap Fund,2026-09-01,2.76,1.53,2026-09-03T15:06:40Z
LICM/O/E/LMF/14/12/0016,LIC MF Large & Mid Cap Fund,Open Ended,Equity Scheme - Large & Mid Cap Fund,2026-09-02,2.77,1.54,2026-09-03T15:06:40Z
LICM/O/E/LCF/94/07/0003,LIC MF Large Cap Fund,Open Ended,Equity Scheme - Large Cap Fund,2026-09-01,2.49,1.38,2026-09-03T15:06:40Z
LICM/O/E/LCF/94/07/0003,LIC MF Large Cap Fund,Open Ended,Equity Scheme - Large Cap Fund,2026-09-02,2.49,1.38,2026-09-03T15:06:40Z
LICM/O/D/LIF/02/02/0009,LIC MF Liquid Fund,Open Ended,Debt Scheme - Liquid Fund,2026-09-01,0.2,0.13,2026-09-03T15:06:40Z
LICM/O/D/LIF/02/02/0009,LIC MF Liquid Fund,Open Ended,Debt Scheme - Liquid Fund,2026-09-02,0.2,0.13,2026-09-03T15:06:40Z
LICM/O/E/THE/24/09/0029,LIC MF Manufacturing Fund,Open Ended,Equity Scheme - Sectoral/ Thematic,2026-09-01,2.87,1.49,2026-09-03T15:06:40Z
LICM/O/E/THE/24/09/0029,LIC MF Manufacturing Fund,Open Ended,Equity Scheme - Sectoral/ Thematic,2026-09-02,2.87,1.49,2026-09-03T15:06:40Z
LICM/O/D/MLD/99/02/0006,LIC MF Medium to Long Term Fund,Open Ended,Income/Debt Oriented Schemes - Medium to Long Term Fund,2026-09-01,0.62,0.22,2026-09-03T15:06:40Z
LICM/O/D/MLD/99/02/0006,LIC MF Medium to Long Term Fund,Open Ended,Income/Debt Oriented Schemes - Medium to Long Term Fund,2026-09-02,0.62,0.22,2026-09-03T15:06:40Z
LICM/O/E/MIF/16/12/0016,LIC MF Mid Cap Fund,Open Ended,Equity Scheme - Mid Cap Fund,2026-09-01,2.86,1.77,2026-09-03T15:06:40Z
LICM/O/E/MIF/16/12/0016,LIC MF Mid Cap Fund,Open Ended,Equity Scheme - Mid Cap Fund,2026-09-02,2.86,1.77,2026-09-03T15:06:40Z
LICM/O/D/MMF/22/06/0026,LIC MF Money Market Fund,Open Ended,Debt Scheme - Money Market Fund,2026-09-01,0.38,0.16,2026-09-03T15:06:40Z
LICM/O/D/MMF/22/06/0026,LIC MF Money Market Fund,Open Ended,Debt Scheme - Money Market Fund,2026-09-02,0.38,0.16,2026-09-03T15:06:40Z
LICM/O/H/MAA/24/12/0030,LIC MF Multi Asset Allocation Fund,Open Ended,Hybrid Scheme - Multi Asset Allocation,2026-09-01,2.38,1.07,2026-09-03T15:06:40Z
LICM/O/H/MAA/24/12/0030,LIC MF Multi Asset Allocation Fund,Open Ended,Hybrid Scheme - Multi Asset Allocation,2026-09-02,2.38,1.07,2026-09-03T15:06:40Z
LICM/O/E/MCF/22/07/0027,LIC MF Multi Cap Fund,Open Ended,Equity Scheme - Multi Cap Fund,2026-09-01,2.13,0.77,2026-09-03T15:06:40Z
LICM/O/E/MCF/22/07/0027,LIC MF Multi Cap Fund,Open Ended,Equity Scheme - Multi Cap Fund,2026-09-02,2.14,0.78,2026-09-03T15:06:40Z
LICM/O/O/EET/15/12/0020,LIC MF Nifty 100 ETF,Open Ended,Other Scheme - Other  ETFs,2026-09-01,0.29,0.0,2026-09-03T15:06:40Z
LICM/O/O/EET/15/12/0020,LIC MF Nifty 100 ETF,Open Ended,Other Scheme - Other  ETFs,2026-09-02,0.29,0.0,2026-09-03T15:06:40Z
LICM/O/O/EET/15/10/0018,LIC MF Nifty 50 ETF,Open Ended,Other Scheme - Other  ETFs,2026-09-01,0.09,0.0,2026-09-03T15:06:40Z
LICM/O/O/EET/15/10/0018,LIC MF Nifty 50 ETF,Open Ended,Other Scheme - Other  ETFs,2026-09-02,0.09,0.0,2026-09-03T15:06:40Z
LICM/O/O/EIN/02/10/0010,LIC MF Nifty 50 Index Fund,Open Ended,Other Scheme - Index Funds,2026-09-01,1.06,0.56,2026-09-03T15:06:40Z
LICM/O/O/EIN/02/10/0010,LIC MF Nifty 50 Index Fund,Open Ended,Other Scheme - Index Funds,2026-09-02,1.06,0.56,2026-09-03T15:06:40Z
LICM/O/O/DET/14/11/0015,LIC MF Nifty 8-13 yr G-Sec ETF,Open Ended,Other Scheme - Other  ETFs,2026-09-01,0.17,0.0,2026-09-03T15:06:40Z
LICM/O/O/DET/14/11/0015,LIC MF Nifty 8-13 yr G-Sec ETF,Open Ended,Other Scheme - Other  ETFs,2026-09-02,0.17,0.0,2026-09-03T15:06:40Z
LICM/O/O/EET/24/01/0028,LIC MF NIFTY MIDCAP 100 ETF,Open Ended,Other Scheme - Other  ETFs,2026-09-01,0.16,0.0,2026-09-03T15:06:40Z
LICM/O/O/EET/24/01/0028,LIC MF NIFTY MIDCAP 100 ETF,Open Ended,Other Scheme - Other  ETFs,2026-09-02,0.16,0.0,2026-09-03T15:06:40Z
LICM/O/E/EIN/10/07/0003,LIC MF Nifty Next 50 Index Fund,Open Ended,Other Scheme - Index Funds,2026-09-01,0.87,0.32,2026-09-03T15:06:40Z
LICM/O/E/EIN/10/07/0003,LIC MF Nifty Next 50 Index Fund,Open Ended,Other Scheme - Index Funds,2026-09-02,0.87,0.32,2026-09-03T15:06:40Z
LICM/O/D/ONF/19/06/0023,LIC MF Overnight Fund,Open Ended,Debt Scheme - Overnight Fund,2026-09-01,0.14,0.1,2026-09-03T15:06:40Z
LICM/O/D/ONF/19/06/0023,LIC MF Overnight Fund,Open Ended,Debt Scheme - Overnight Fund,2026-09-02,0.14,0.1,2026-09-03T15:06:40Z
LICM/O/D/SDF/18/07/0021,LIC MF Short Term Fund,Open Ended,Income/Debt Oriented Schemes - Short Term Fund,2026-09-01,1.14,0.36,2026-09-03T15:06:40Z
LICM/O/D/SDF/18/07/0021,LIC MF Short Term Fund,Open Ended,Income/Debt Oriented Schemes - Short Term Fund,2026-09-02,1.14,0.36,2026-09-03T15:06:40Z
LICM/O/E/SCF/17/05/0017,LIC MF Small Cap Fund,Open Ended,Equity Scheme - Small Cap Fund,2026-09-01,2.65,1.32,2026-09-03T15:06:40Z
LICM/O/E/SCF/17/05/0017,LIC MF Small Cap Fund,Open Ended,Equity Scheme - Small Cap Fund,2026-09-02,2.65,1.32,2026-09-03T15:06:40Z
LICM/O/E/THE/26/01/0032,LIC MF Technology Fund,Open Ended,Equity Scheme - Sectoral/ Thematic,2026-09-01,2.83,1.09,2026-09-03T15:06:40Z
LICM/O/E/THE/26/01/0032,LIC MF Technology Fund,Open Ended,Equity Scheme - Sectoral/ Thematic,2026-09-02,2.83,1.09,2026-09-03T15:06:40Z
LICM/O/D/USD/19/11/0024,LIC MF Ultra Short Term Fund,Open Ended,Income/Debt Oriented Schemes - Ultra Short Term Fund,2026-09-01,1.38,0.25,2026-09-03T15:06:40Z
LICM/O/D/USD/19/11/0024,LIC MF Ultra Short Term Fund,Open Ended,Income/Debt Oriented Schemes - Ultra Short Term Fund,2026-09-02,1.38,0.25,2026-09-03T15:06:40Z
LICM/O/D/LOW/03/02/0012,LIC MF Ultra Short to Short Term Fund,Open Ended,Income/Debt Oriented Schemes - Ultra Short to Short Term Fund,2026-09-01,0.43,0.24,2026-09-03T15:06:40Z
LICM/O/D/LOW/03/02/0012,LIC MF Ultra Short to Short Term Fund,Open Ended,Income/Debt Oriented Schemes - Ultra Short to Short Term Fund,2026-09-02,0.43,0.24,2026-09-03T15:06:40Z
ULIS Scheme code not Alloted,LIC MF Unit Linked Insurance Scheme (ULIS),Open Ended,Equity Scheme - ELSS,2026-09-01,2.81,1.82,2026-09-03T15:06:40Z
ULIS Scheme code not Alloted,LIC MF Unit Linked Insurance Scheme (ULIS),Open Ended,Equity Scheme - ELSS,2026-09-02,2.81,1.82,2026-09-03T15:06:40Z
LICM/O/E/VAF/18/06/0020,LIC MF Value Fund,Open Ended,Equity Scheme - Value Fund,2026-09-01,3.3,1.86,2026-09-03T15:06:40Z
LICM/O/E/VAF/18/06/0020,LIC MF Value Fund,Open Ended,Equity Scheme - Value Fund,2026-09-02,3.3,1.86,2026-09-03T15:06:40Z
MAHM/O/H /AHF/19/01/0010,Mahindra Manulife Aggressive Hybrid Fund,Open Ended,Hybrid Schemes - Aggressive Hybrid Fund,2026-09-01,2.22,0.88,2026-09-03T15:06:40Z
MAHM/O/H /AHF/19/01/0010,Mahindra Manulife Aggressive Hybrid Fund,Open Ended,Hybrid Schemes - Aggressive Hybrid Fund,2026-09-02,2.22,0.88,2026-09-03T15:06:40Z
MAHM/O/H /ARB/20/07/0015,Mahindra Manulife Arbitrage Fund,Open Ended,Hybrid Schemes - Arbitrage Fund,2026-09-01,1.94,1.18,2026-09-03T15:06:40Z
MAHM/O/H /ARB/20/07/0015,Mahindra Manulife Arbitrage Fund,Open Ended,Hybrid Schemes - Arbitrage Fund,2026-09-02,1.94,1.18,2026-09-03T15:06:40Z
MAHM/O/O /FOO/21/03/0017,Mahindra Manulife Asia Pacific REITs FOF,Open Ended,Other Scheme - FoF Overseas,2026-09-01,1.37,0.52,2026-09-03T15:06:40Z
MAHM/O/O /FOO/21/03/0017,Mahindra Manulife Asia Pacific REITs FOF,Open Ended,Other Scheme - FoF Overseas,2026-09-02,1.37,0.52,2026-09-03T15:06:40Z
MAHM/O/H /BAF/21/11/0019,Mahindra Manulife Balanced Advantage Fund,Open Ended,Hybrid Schemes - Balanced Advantage Fund/ Dynamic Asset Allocation,2026-09-01,2.41,0.83,2026-09-03T15:06:40Z
MAHM/O/H /BAF/21/11/0019,Mahindra Manulife Balanced Advantage Fund,Open Ended,Hybrid Schemes - Balanced Advantage Fund/ Dynamic Asset Allocation,2026-09-02,2.41,0.83,2026-09-03T15:06:40Z
MAHM/O/E /THE/23/06/0021,Mahindra Manulife Business Cycle Fund,Open Ended,Equity Schemes - Thematic Fund,2026-09-01,2.41,0.91,2026-09-03T15:06:40Z
MAHM/O/E /THE/23/06/0021,Mahindra Manulife Business Cycle Fund,Open Ended,Equity Schemes - Thematic Fund,2026-09-02,2.41,0.91,2026-09-03T15:06:40Z
MAHM/O/E /THE/18/08/0008,Mahindra Manulife Consumption Fund,Open Ended,Equity Schemes - Thematic Fund,2026-09-01,2.64,1.09,2026-09-03T15:06:40Z
MAHM/O/E /THE/18/08/0008,Mahindra Manulife Consumption Fund,Open Ended,Equity Schemes - Thematic Fund,2026-09-02,2.64,1.09,2026-09-03T15:06:40Z
MAHM/O/D /DBF/18/05/0007,Mahindra Manulife Dynamic Term Fund,Open Ended,Income/Debt Oriented Schemes - Dynamic Term Fund,2026-09-01,1.54,0.39,2026-09-03T15:06:40Z
MAHM/O/D /DBF/18/05/0007,Mahindra Manulife Dynamic Term Fund,Open Ended,Income/Debt Oriented Schemes - Dynamic Term Fund,2026-09-02,1.54,0.39,2026-09-03T15:06:40Z
MAHM/O/E /ELS/16/07/0002,Mahindra Manulife ELSS Tax Saver Fund,Open Ended,Equity Schemes - ELSS- Tax Saver Fund,2026-09-01,2.49,1.04,2026-09-03T15:06:40Z
MAHM/O/E /ELS/16/07/0002,Mahindra Manulife ELSS Tax Saver Fund,Open Ended,Equity Schemes - ELSS- Tax Saver Fund,2026-09-02,2.5,1.05,2026-09-03T15:06:40Z
MAHM/O/H /ESF/16/10/0003,Mahindra Manulife Equity Savings Fund,Open Ended,Hybrid Schemes - Equity Savings Fund,2026-09-01,2.79,1.24,2026-09-03T15:06:40Z
MAHM/O/H /ESF/16/10/0003,Mahindra Manulife Equity Savings Fund,Open Ended,Hybrid Schemes - Equity Savings Fund,2026-09-02,2.79,1.24,2026-09-03T15:06:40Z
MAHM/O/E /FCF/21/06/0018,Mahindra Manulife Flexi Cap Fund,Open Ended,Equity Schemes - Flexi Cap Fund,2026-09-01,2.44,0.94,2026-09-03T15:06:40Z
MAHM/O/E /FCF/21/06/0018,Mahindra Manulife Flexi Cap Fund,Open Ended,Equity Schemes - Flexi Cap Fund,2026-09-02,2.45,0.95,2026-09-03T15:06:40Z
MAHM/O/E /FOC/20/05/0014,Mahindra Manulife Focused Fund,Open Ended,Equity Schemes - Focused Fund,2026-09-01,2.27,0.85,2026-09-03T15:06:40Z
MAHM/O/E /FOC/20/05/0014,Mahindra Manulife Focused Fund,Open Ended,Equity Schemes - Focused Fund,2026-09-02,2.27,0.85,2026-09-03T15:06:40Z
MAHM/O/O/FOD/25/06/0026,Mahindra Manulife Income Plus Arbitrage Active FOF,Open Ended,Fund of Funds Scheme (Domestic) - Fund of Funds Scheme (Domestic),2026-09-01,0.68,0.22,2026-09-03T15:06:40Z
MAHM/O/O/FOD/25/06/0026,Mahindra Manulife Income Plus Arbitrage Active FOF,Open Ended,Fund of Funds Scheme (Domestic) - Fund of Funds Scheme (Domestic),2026-09-02,0.68,0.22,2026-09-03T15:06:40Z
MAHM/O/E/THE/25/08/0027,Mahindra Manulife Innovation Opportunities Fund,Open Ended,Equity Schemes - Thematic Fund,2026-09-01,2.55,0.97,2026-09-03T15:06:40Z
MAHM/O/E/THE/25/08/0027,Mahindra Manulife Innovation Opportunities Fund,Open Ended,Equity Schemes - Thematic Fund,2026-09-02,2.55,0.97,2026-09-03T15:06:40Z
MAHM/O/E /LMF/19/07/0013,Mahindra Manulife Large & Mid Cap Fund,Open Ended,Equity Schemes - Large & Mid Cap Fund,2026-09-01,2.19,0.83,2026-09-03T15:06:40Z
MAHM/O/E /LMF/19/07/0013,Mahindra Manulife Large & Mid Cap Fund,Open Ended,Equity Schemes - Large & Mid Cap Fund,2026-09-02,2.19,0.83,2026-09-03T15:06:40Z
MAHM/O/E /LCF/18/09/0009,Mahindra Manulife Large Cap Fund,Open Ended,Equity Schemes - Large Cap Fund,2026-09-01,2.59,1.07,2026-09-03T15:06:40Z
MAHM/O/E /LCF/18/09/0009,Mahindra Manulife Large Cap Fund,Open Ended,Equity Schemes - Large Cap Fund,2026-09-02,2.59,1.07,2026-09-03T15:06:40Z
MAHM/O/D /LIF/16/06/0001,Mahindra Manulife Liquid Fund,Open Ended,Income/Debt Oriented Schemes - Liquid Fund,2026-09-01,0.26,0.15,2026-09-03T15:06:40Z
MAHM/O/D /LIF/16/06/0001,Mahindra Manulife Liquid Fund,Open Ended,Income/Debt Oriented Schemes - Liquid Fund,2026-09-02,0.26,0.15,2026-09-03T15:06:40Z
MAHM/O/E/THE/24/04/0023,Mahindra Manulife Manufacturing Fund,Open Ended,Equity Schemes - Thematic Fund,2026-09-01,2.62,1.2,2026-09-03T15:06:40Z
MAHM/O/E/THE/24/04/0023,Mahindra Manulife Manufacturing Fund,Open Ended,Equity Schemes - Thematic Fund,2026-09-02,2.62,1.2,2026-09-03T15:06:40Z
MAHM/O/E /MIF/17/11/0006,Mahindra Manulife Mid Cap Fund,Open Ended,Equity Schemes - Mid Cap Fund,2026-09-01,2.01,0.74,2026-09-03T15:06:40Z
MAHM/O/E /MIF/17/11/0006,Mahindra Manulife Mid Cap Fund,Open Ended,Equity Schemes - Mid Cap Fund,2026-09-02,2.01,0.74,2026-09-03T15:06:40Z
MAHM/O/H/MAA/23/11/0022,Mahindra Manulife Multi Asset Allocation Fund,Open Ended,Hybrid Schemes - Multi Asset Allocation Fund,2026-09-01,1.9,0.6,2026-09-03T15:06:40Z
MAHM/O/H/MAA/23/11/0022,Mahindra Manulife Multi Asset Allocation Fund,Open Ended,Hybrid Schemes - Multi Asset Allocation Fund,2026-09-02,1.91,0.6,2026-09-03T15:06:40Z
MAHM/O/E /MCF/17/01/0005,Mahindra Manulife Multi Cap Fund,Open Ended,Equity Schemes - Multi Cap Fund,2026-09-01,2.16,0.92,2026-09-03T15:06:40Z
MAHM/O/E /MCF/17/01/0005,Mahindra Manulife Multi Cap Fund,Open Ended,Equity Schemes - Multi Cap Fund,2026-09-02,2.16,0.92,2026-09-03T15:06:40Z
MAHM/O/D /ONF/19/02/0011,Mahindra Manulife Overnight Fund,Open Ended,Debt Scheme - Overnight Fund,2026-09-01,0.19,0.1,2026-09-03T15:06:40Z
MAHM/O/D /ONF/19/02/0011,Mahindra Manulife Overnight Fund,Open Ended,Debt Scheme - Overnight Fund,2026-09-02,0.19,0.1,2026-09-03T15:06:40Z
MAHM/O/D /SDF/20/11/0016,Mahindra Manulife Short Term Fund,Open Ended,Income/Debt Oriented Schemes - Short Term Fund,2026-09-01,1.23,0.32,2026-09-03T15:06:40Z
MAHM/O/D /SDF/20/11/0016,Mahindra Manulife Short Term Fund,Open Ended,Income/Debt Oriented Schemes - Short Term Fund,2026-09-02,1.23,0.32,2026-09-03T15:06:40Z
MAHM/O/E/SCF/22/07/0020,Mahindra Manulife Small Cap Fund,Open Ended,Equity Schemes - Small Cap Fund,2026-09-01,2.2,0.92,2026-09-03T15:06:40Z
MAHM/O/E/SCF/22/07/0020,Mahindra Manulife Small Cap Fund,Open Ended,Equity Schemes - Small Cap Fund,2026-09-02,2.2,0.92,2026-09-03T15:06:40Z
MAHM/O/D /USD/19/06/0012,Mahindra Manulife Ultra Short Term Fund,Open Ended,Income/Debt Oriented Schemes - Ultra Short Term Fund,2026-09-01,0.73,0.31,2026-09-03T15:06:40Z
MAHM/O/D /USD/19/06/0012,Mahindra Manulife Ultra Short Term Fund,Open Ended,Income/Debt Oriented Schemes - Ultra Short Term Fund,2026-09-02,0.73,0.31,2026-09-03T15:06:40Z
MAHM/O/D /LOW/16/12/0004,Mahindra Manulife Ultra Short To Short Term Fund,Open Ended,Income/Debt Oriented Schemes - Ultra Short to Short Term Fund,2026-09-01,1.08,0.35,2026-09-03T15:06:40Z
MAHM/O/D /LOW/16/12/0004,Mahindra Manulife Ultra Short To Short Term Fund,Open Ended,Income/Debt Oriented Schemes - Ultra Short to Short Term Fund,2026-09-02,1.08,0.35,2026-09-03T15:06:40Z
MAHM/O/E/VAF/24/12/0024,Mahindra Manulife Value Fund,Open Ended,Equity Schemes - Value Fund,2026-09-01,2.57,1.06,2026-09-03T15:06:40Z
MAHM/O/E/VAF/24/12/0024,Mahindra Manulife Value Fund,Open Ended,Equity Schemes - Value Fund,2026-09-02,2.57,1.06,2026-09-03T15:06:40Z
MAHM/O/E/SEC/25/05/0025,MahindraManulife Banking & Financial Services Fund,Open Ended,Equity Schemes - Sectoral Fund,2026-09-01,2.79,1.16,2026-09-03T15:06:40Z
MAHM/O/E/SEC/25/05/0025,MahindraManulife Banking & Financial Services Fund,Open Ended,Equity Schemes - Sectoral Fund,2026-09-02,2.79,1.16,2026-09-03T15:06:40Z
MIRA/O/H/AHF/15/05/0006,Mirae Asset Aggressive Hybrid Fund,Open Ended,Hybrid Schemes - Aggressive Hybrid Fund,2026-09-01,1.93,0.62,2026-09-03T15:06:40Z
MIRA/O/H/AHF/15/05/0006,Mirae Asset Aggressive Hybrid Fund,Open Ended,Hybrid Schemes - Aggressive Hybrid Fund,2026-09-02,1.93,0.62,2026-09-03T15:06:40Z
MIRA/O/H/ARB/20/04/0019,Mirae Asset Arbitrage Fund,Open Ended,Hybrid Schemes - Arbitrage Fund,2026-09-01,3.35,2.57,2026-09-03T15:06:40Z
MIRA/O/H/ARB/20/04/0019,Mirae Asset Arbitrage Fund,Open Ended,Hybrid Schemes - Arbitrage Fund,2026-09-02,3.35,2.57,2026-09-03T15:06:40Z
MIRA/O/H/BAF/22/05/0038,Mirae Asset Balanced Advantage Fund,Open Ended,Hybrid Schemes - Balanced Advantage Fund/ Dynamic Asset Allocation,2026-09-01,2.28,0.95,2026-09-03T15:06:40Z
MIRA/O/H/BAF/22/05/0038,Mirae Asset Balanced Advantage Fund,Open Ended,Hybrid Schemes - Balanced Advantage Fund/ Dynamic Asset Allocation,2026-09-02,2.28,0.95,2026-09-03T15:06:40Z
MIRA/O/E/SEC/20/09/0024,Mirae Asset Banking and Financial Services Fund,Open Ended,Equity Schemes - Thematic Fund,2026-09-01,2.13,0.74,2026-09-03T15:06:40Z
MIRA/O/E/SEC/20/09/0024,Mirae Asset Banking and Financial Services Fund,Open Ended,Equity Schemes - Thematic Fund,2026-09-02,2.13,0.74,2026-09-03T15:06:40Z
MIRA/O/D/BPF/20/03/0018,Mirae Asset Banking and PSU Debt Fund,Open Ended,Income/Debt Oriented Schemes - Banking and PSU Debt Fund,2026-09-01,0.82,0.37,2026-09-03T15:06:40Z
MIRA/O/D/BPF/20/03/0018,Mirae Asset Banking and PSU Debt Fund,Open Ended,Income/Debt Oriented Schemes - Banking and PSU Debt Fund,2026-09-02,0.82,0.37,2026-09-03T15:06:40Z
MIRA/O/O/EET/24/12/0078,Mirae Asset BSE 200 Equal Weight ETF,Open Ended,Exchange Traded Funds (ETFs) - Equity ETF,2026-09-01,0.45,0.0,2026-09-03T15:06:40Z
MIRA/O/O/EET/24/12/0078,Mirae Asset BSE 200 Equal Weight ETF,Open Ended,Exchange Traded Funds (ETFs) - Equity ETF,2026-09-02,0.45,0.0,2026-09-03T15:06:40Z
MIRA/O/O/FOD/24/12/0079,Mirae Asset BSE 200 Equal Weight ETF Fund of Fund,Open Ended,Fund of Funds Scheme (Domestic) - Fund of Funds Scheme (Domestic),2026-09-01,0.62,0.1,2026-09-03T15:06:40Z
MIRA/O/O/FOD/24/12/0079,Mirae Asset BSE 200 Equal Weight ETF Fund of Fund,Open Ended,Fund of Funds Scheme (Domestic) - Fund of Funds Scheme (Domestic),2026-09-02,0.62,0.1,2026-09-03T15:06:40Z
MIRA/O/O/OET/25/07/0092,Mirae Asset BSE 500 Dividend Leaders 50 ETF,Open Ended,Exchange Traded Funds (ETFs) - Equity ETF,2026-09-01,0.48,0.0,2026-09-03T15:06:40Z
MIRA/O/O/OET/25/07/0092,Mirae Asset BSE 500 Dividend Leaders 50 ETF,Open Ended,Exchange Traded Funds (ETFs) - Equity ETF,2026-09-02,0.48,0.0,2026-09-03T15:06:40Z
MIRA/O/O/OET/25/09/0097,Mirae Asset BSE India Defence ETF,Open Ended,Exchange Traded Funds (ETFs) - Equity ETF,2026-09-01,0.67,0.0,2026-09-03T15:06:40Z
MIRA/O/O/OET/25/09/0097,Mirae Asset BSE India Defence ETF,Open Ended,Exchange Traded Funds (ETFs) - Equity ETF,2026-09-02,0.67,0.0,2026-09-03T15:06:40Z
MIRA/O/O/FOD/25/10/0095,Mirae Asset BSE India Defence ETF FOF,Open Ended,Fund of Funds Scheme (Domestic) - Fund of Funds Scheme (Domestic),2026-09-01,0.75,0.19,2026-09-03T15:06:40Z
MIRA/O/O/FOD/25/10/0095,Mirae Asset BSE India Defence ETF FOF,Open Ended,Fund of Funds Scheme (Domestic) - Fund of Funds Scheme (Domestic),2026-09-02,0.75,0.19,2026-09-03T15:06:40Z
MIRA/O/O/EET/26/07/0105,Mirae Asset BSE LargeMid (60:40) Stable Dividend 50 ETF,Open Ended,Exchange Traded Funds (ETFs) - Equity ETF,2026-09-01,3.63,0.0,2026-09-03T15:06:40Z
MIRA/O/O/EET/26/07/0105,Mirae Asset BSE LargeMid (60:40) Stable Dividend 50 ETF,Open Ended,Exchange Traded Funds (ETFs) - Equity ETF,2026-09-02,3.63,0.0,2026-09-03T15:06:40Z
MIRA/O/O/OET/26/06/0102,Mirae Asset BSE Midcap 150 Momentum 30 ETF,Open Ended,Exchange Traded Funds (ETFs) - Equity ETF,2026-09-01,1.89,0.0,2026-09-03T15:06:40Z
MIRA/O/O/OET/26/06/0102,Mirae Asset BSE Midcap 150 Momentum 30 ETF,Open Ended,Exchange Traded Funds (ETFs) - Equity ETF,2026-09-02,1.89,0.0,2026-09-03T15:06:40Z
MIRA/O/O/FOD/26/06/0101,MIRAE ASSET BSE MIDCAP 150 MOMENTUM 30 ETF FOF,Open Ended,Fund of Funds Scheme (Domestic) - Fund of Funds Scheme (Domestic),2026-09-01,0.79,0.36,2026-09-03T15:06:40Z
MIRA/O/O/FOD/26/06/0101,MIRAE ASSET BSE MIDCAP 150 MOMENTUM 30 ETF FOF,Open Ended,Fund of Funds Scheme (Domestic) - Fund of Funds Scheme (Domestic),2026-09-02,0.79,0.36,2026-09-03T15:06:40Z
MIRA/O/O/EET/24/12/0080,Mirae Asset BSE Select IPO ETF,Open Ended,Exchange Traded Funds (ETFs) - Equity ETF,2026-09-01,0.48,0.0,2026-09-03T15:06:40Z
MIRA/O/O/EET/24/12/0080,Mirae Asset BSE Select IPO ETF,Open Ended,Exchange Traded Funds (ETFs) - Equity ETF,2026-09-02,0.48,0.0,2026-09-03T15:06:40Z
MIRA/O/O/FOD/24/12/0081,Mirae Asset BSE Select IPO ETF Fund of Fund,Open Ended,Fund of Funds Scheme (Domestic) - Fund of Funds Scheme (Domestic),2026-09-01,0.64,0.12,2026-09-03T15:06:40Z
MIRA/O/O/FOD/24/12/0081,Mirae Asset BSE Select IPO ETF Fund of Fund,Open Ended,Fund of Funds Scheme (Domestic) - Fund of Funds Scheme (Domestic),2026-09-02,0.64,0.12,2026-09-03T15:06:40Z
MIRA/O/O/EET/23/08/0056,Mirae Asset BSE Sensex ETF,Open Ended,Exchange Traded Funds (ETFs) - Equity ETF,2026-09-01,0.09,0.0,2026-09-03T15:06:40Z
MIRA/O/O/EET/23/08/0056,Mirae Asset BSE Sensex ETF,Open Ended,Exchange Traded Funds (ETFs) - Equity ETF,2026-09-02,0.09,0.0,2026-09-03T15:06:40Z
MIRA/O/D/CBF/21/01/0025,Mirae Asset Corporate Bond Fund,Open Ended,Income/Debt Oriented Schemes - Corporate Bond Fund,2026-09-01,0.68,0.28,2026-09-03T15:06:40Z
MIRA/O/D/CBF/21/01/0025,Mirae Asset Corporate Bond Fund,Open Ended,Income/Debt Oriented Schemes - Corporate Bond Fund,2026-09-02,0.68,0.28,2026-09-03T15:06:40Z
MIRA/O/O/DIN/22/09/0042,Mirae Asset CRISIL IBX Gilt Index - April 2033 Index Fund,Open Ended,Index Funds - Debt Funds,2026-09-01,0.45,0.18,2026-09-03T15:06:40Z
MIRA/O/O/DIN/22/09/0042,Mirae Asset CRISIL IBX Gilt Index - April 2033 Index Fund,Open Ended,Index Funds - Debt Funds,2026-09-02,0.45,0.18,2026-09-03T15:06:40Z
MIRA/O/O/DIN/25/05/0083,Mirae Asset CRISIL-IBX Financial Services 9-12 Months Debt Index Fund,Open Ended,Index Funds - Debt Funds,2026-09-01,0.29,0.1,2026-09-03T15:06:40Z
MIRA/O/O/DIN/25/05/0083,Mirae Asset CRISIL-IBX Financial Services 9-12 Months Debt Index Fund,Open Ended,Index Funds - Debt Funds,2026-09-02,0.29,0.1,2026-09-03T15:06:40Z
MIRA/O/O/FOD/20/08/0021,Mirae Asset Diversified Equity Allocator Passive FOF,Open Ended,Fund of Funds Scheme (Domestic) - Fund of Funds Scheme (Domestic),2026-09-01,0.1,0.05,2026-09-03T15:06:40Z
MIRA/O/O/FOD/20/08/0021,Mirae Asset Diversified Equity Allocator Passive FOF,Open Ended,Fund of Funds Scheme (Domestic) - Fund of Funds Scheme (Domestic),2026-09-02,0.1,0.05,2026-09-03T15:06:40Z
MIRA/O/D/DBF/17/01/0008,Mirae Asset Dynamic Term Fund,Open Ended,Income/Debt Oriented Schemes - Dynamic Term Fund,2026-09-01,1.0,0.17,2026-09-03T15:06:40Z
MIRA/O/D/DBF/17/01/0008,Mirae Asset Dynamic Term Fund,Open Ended,Income/Debt Oriented Schemes - Dynamic Term Fund,2026-09-02,1.0,0.17,2026-09-03T15:06:40Z
MIRA/O/E/ELS/15/10/0007,Mirae Asset ELSS Tax Saver Fund,Open Ended,Equity Schemes - ELSS- Tax Saver Fund,2026-09-01,1.95,0.99,2026-09-03T15:06:40Z
MIRA/O/E/ELS/15/10/0007,Mirae Asset ELSS Tax Saver Fund,Open Ended,Equity Schemes - ELSS- Tax Saver Fund,2026-09-02,1.95,0.99,2026-09-03T15:06:40Z
MIRA/O/H/ESF/18/05/0011,Mirae Asset Equity Savings Fund,Open Ended,Hybrid Schemes - Equity Savings Fund,2026-09-01,1.73,0.73,2026-09-03T15:06:40Z
MIRA/O/H/ESF/18/05/0011,Mirae Asset Equity Savings Fund,Open Ended,Hybrid Schemes - Equity Savings Fund,2026-09-02,1.73,0.73,2026-09-03T15:06:40Z
MIRA/O/E/FCF/23/01/0044,Mirae Asset Flexi Cap Fund,Open Ended,Equity Schemes - Flexi Cap Fund,2026-09-01,2.13,0.72,2026-09-03T15:06:40Z
MIRA/O/E/FCF/23/01/0044,Mirae Asset Flexi Cap Fund,Open Ended,Equity Schemes - Flexi Cap Fund,2026-09-02,2.13,0.72,2026-09-03T15:06:40Z
MIRA/O/E/FOC/19/03/0014,Mirae Asset Focused Fund,Open Ended,Equity Schemes - Focused Fund,2026-09-01,2.15,0.98,2026-09-03T15:06:40Z
MIRA/O/E/FOC/19/03/0014,Mirae Asset Focused Fund,Open Ended,Equity Schemes - Focused Fund,2026-09-02,2.15,0.98,2026-09-03T15:06:40Z
MIRA/O/O/FOO/22/05/0039,Mirae Asset Global Electric & Autonomous Vehicles Equity Passive FOF,Open Ended,Overseas Fund of Funds - Fund of Funds investing overseas,2026-09-01,0.43,0.1,2026-09-03T15:06:40Z
MIRA/O/O/FOO/22/05/0039,Mirae Asset Global Electric & Autonomous Vehicles Equity Passive FOF,Open Ended,Overseas Fund of Funds - Fund of Funds investing overseas,2026-09-02,0.43,0.1,2026-09-03T15:06:40Z
MIRA/O/O/FOO/22/07/0040,Mirae Asset Global X Artificial Intelligence & Technology ETF Fund of Fund,Open Ended,Overseas Fund of Funds - Fund of Funds investing overseas,2026-09-01,0.26,0.11,2026-09-03T15:06:40Z
MIRA/O/O/FOO/22/07/0040,Mirae Asset Global X Artificial Intelligence & Technology ETF Fund of Fund,Open Ended,Overseas Fund of Funds - Fund of Funds investing overseas,2026-09-02,0.26,0.11,2026-09-03T15:06:40Z
MIRA/O/O/GET/23/01/0045,Mirae Asset Gold ETF,Open Ended,Exchange Traded Funds (ETFs) - Gold ETF,2026-09-01,0.35,0.0,2026-09-03T15:06:40Z
MIRA/O/O/GET/23/01/0045,Mirae Asset Gold ETF,Open Ended,Exchange Traded Funds (ETFs) - Gold ETF,2026-09-02,0.35,0.0,2026-09-03T15:06:40Z
MIRA/O/O/FOD/24/09/0072,Mirae Asset Gold ETF Fund of Fund,Open Ended,Fund of Funds Scheme (Domestic) - Fund of Funds Scheme (Domestic),2026-09-01,0.69,0.1,2026-09-03T15:06:40Z
MIRA/O/O/FOD/24/09/0072,Mirae Asset Gold ETF Fund of Fund,Open Ended,Fund of Funds Scheme (Domestic) - Fund of Funds Scheme (Domestic),2026-09-02,0.69,0.1,2026-09-03T15:06:40Z
MIRA/O/O/FOD/25/07/0087,Mirae Asset Gold Silver Passive FoF,Open Ended,Fund of Funds Scheme (Domestic) - Fund of Funds Scheme (Domestic),2026-09-01,0.69,0.12,2026-09-03T15:06:40Z
MIRA/O/O/FOD/25/07/0087,Mirae Asset Gold Silver Passive FoF,Open Ended,Fund of Funds Scheme (Domestic) - Fund of Funds Scheme (Domestic),2026-09-02,0.69,0.12,2026-09-03T15:06:40Z
MIRA/O/E/SEC/09/08/0004,Mirae Asset Great Consumer Fund,Open Ended,Equity Schemes - Thematic Fund,2026-09-01,2.05,0.66,2026-09-03T15:06:40Z
MIRA/O/E/SEC/09/08/0004,Mirae Asset Great Consumer Fund,Open Ended,Equity Schemes - Thematic Fund,2026-09-02,2.05,0.66,2026-09-03T15:06:40Z
MIRA/O/O/EET/21/10/0033,Mirae Asset Hang Seng TECH ETF,Open Ended,Exchange Traded Funds (ETFs) - ETFs investing overseas,2026-09-01,0.64,0.0,2026-09-03T15:06:40Z
MIRA/O/O/EET/21/10/0033,Mirae Asset Hang Seng TECH ETF,Open Ended,Exchange Traded Funds (ETFs) - ETFs investing overseas,2026-09-02,0.64,0.0,2026-09-03T15:06:40Z
MIRA/O/O/FOD/21/10/0032,Mirae Asset Hang Seng TECH ETF Fund of Fund,Open Ended,Fund of Funds Scheme (Domestic) - Fund of Funds Scheme (Domestic),2026-09-01,0.47,0.02,2026-09-03T15:06:40Z
MIRA/O/O/FOD/21/10/0032,Mirae Asset Hang Seng TECH ETF Fund of Fund,Open Ended,Fund of Funds Scheme (Domestic) - Fund of Funds Scheme (Domestic),2026-09-02,0.47,0.02,2026-09-03T15:06:40Z
MIRA/O/E/SEC/18/05/0010,Mirae Asset Healthcare Fund,Open Ended,Equity Schemes - Thematic Fund,2026-09-01,2.04,0.61,2026-09-03T15:06:40Z
MIRA/O/E/SEC/18/05/0010,Mirae Asset Healthcare Fund,Open Ended,Equity Schemes - Thematic Fund,2026-09-02,2.04,0.61,2026-09-03T15:06:40Z
MIRA/O/H/FOD/25/05/0084,Mirae Asset Income plus Arbitrage Active FOF,Open Ended,Fund of Funds Scheme (Domestic) - Fund of Funds Scheme (Domestic),2026-09-01,0.35,0.13,2026-09-03T15:06:40Z
MIRA/O/H/FOD/25/05/0084,Mirae Asset Income plus Arbitrage Active FOF,Open Ended,Fund of Funds Scheme (Domestic) - Fund of Funds Scheme (Domestic),2026-09-02,0.35,0.13,2026-09-03T15:06:40Z
MIRA/O/E/THE/25/09/0088,Mirae Asset Infrastructure Fund,Open Ended,Equity Schemes - Thematic Fund,2026-09-01,2.66,0.84,2026-09-03T15:06:40Z
MIRA/O/E/THE/25/09/0088,Mirae Asset Infrastructure Fund,Open Ended,Equity Schemes - Thematic Fund,2026-09-02,2.66,0.84,2026-09-03T15:06:40Z
MIRA/O/E/LMF/09/11/0005,Mirae Asset Large & Midcap Fund,Open Ended,Equity Schemes - Large & Mid Cap Fund,2026-09-01,1.75,0.84,2026-09-03T15:06:40Z
MIRA/O/E/LMF/09/11/0005,Mirae Asset Large & Midcap Fund,Open Ended,Equity Schemes - Large & Mid Cap Fund,2026-09-02,1.76,0.84,2026-09-03T15:06:40Z
MIRA/O/E/LCF/08/02/0001,Mirae Asset Large Cap Fund,Open Ended,Equity Schemes - Large Cap Fund,2026-09-01,1.69,0.75,2026-09-03T15:06:40Z
MIRA/O/E/LCF/08/02/0001,Mirae Asset Large Cap Fund,Open Ended,Equity Schemes - Large Cap Fund,2026-09-02,1.7,0.75,2026-09-03T15:06:40Z
MIRA/O/D/LIF/08/09/0003,Mirae Asset Liquid Fund,Open Ended,Income/Debt Oriented Schemes - Liquid Fund,2026-09-01,0.2,0.09,2026-09-03T15:06:40Z
MIRA/O/D/LIF/08/09/0003,Mirae Asset Liquid Fund,Open Ended,Income/Debt Oriented Schemes - Liquid Fund,2026-09-02,0.2,0.09,2026-09-03T15:06:40Z
MIRA/O/D/LON/24/10/0074,Mirae Asset Long Term Fund,Open Ended,Income/Debt Oriented Schemes - Long Term Fund,2026-09-01,0.73,0.2,2026-09-03T15:06:40Z
MIRA/O/D/LON/24/10/0074,Mirae Asset Long Term Fund,Open Ended,Income/Debt Oriented Schemes - Long Term Fund,2026-09-02,0.73,0.2,2026-09-03T15:06:40Z
MIRA/O/E/MIF/19/05/0015,Mirae Asset Midcap Fund,Open Ended,Equity Schemes - Mid Cap Fund,2026-09-01,2.02,0.94,2026-09-03T15:06:40Z
MIRA/O/E/MIF/19/05/0015,Mirae Asset Midcap Fund,Open Ended,Equity Schemes - Mid Cap Fund,2026-09-02,2.02,0.94,2026-09-03T15:06:40Z
MIRA/O/D/MMF/21/06/0029,Mirae Asset Money Market Fund,Open Ended,Income/Debt Oriented Schemes - Money Market Fund,2026-09-01,0.42,0.11,2026-09-03T15:06:40Z
MIRA/O/D/MMF/21/06/0029,Mirae Asset Money Market Fund,Open Ended,Income/Debt Oriented Schemes - Money Market Fund,2026-09-02,0.42,0.11,2026-09-03T15:06:40Z
MIRA/O/H/MAA/23/12/0059,Mirae Asset Multi Asset Allocation Fund,Open Ended,Hybrid Schemes - Multi Asset Allocation Fund,2026-09-01,2.14,0.63,2026-09-03T15:06:40Z
MIRA/O/H/MAA/23/12/0059,Mirae Asset Multi Asset Allocation Fund,Open Ended,Hybrid Schemes - Multi Asset Allocation Fund,2026-09-02,2.14,0.63,2026-09-03T15:06:40Z
MIRA/O/O/FOD/25/06/0086,Mirae Asset Multi Factor Passive FOF,Open Ended,Fund of Funds Scheme (Domestic) - Fund of Funds Scheme (Domestic),2026-09-01,0.65,0.08,2026-09-03T15:06:40Z
MIRA/O/O/FOD/25/06/0086,Mirae Asset Multi Factor Passive FOF,Open Ended,Fund of Funds Scheme (Domestic) - Fund of Funds Scheme (Domestic),2026-09-02,0.65,0.08,2026-09-03T15:06:40Z
MIRA/O/E/MCF/23/01/0052,Mirae Asset Multicap Fund,Open Ended,Equity Schemes - Multi Cap Fund,2026-09-01,2.25,0.84,2026-09-03T15:06:40Z
MIRA/O/E/MCF/23/01/0052,Mirae Asset Multicap Fund,Open Ended,Equity Schemes - Multi Cap Fund,2026-09-02,2.25,0.84,2026-09-03T15:06:40Z
MIRA/O/O/EET/20/08/0022,Mirae Asset Nifty 100 ESG Sector Leaders ETF,Open Ended,Exchange Traded Funds (ETFs) - Equity ETF,2026-09-01,0.46,0.0,2026-09-03T15:06:40Z
MIRA/O/O/EET/20/08/0022,Mirae Asset Nifty 100 ESG Sector Leaders ETF,Open Ended,Exchange Traded Funds (ETFs) - Equity ETF,2026-09-02,0.46,0.0,2026-09-03T15:06:40Z
MIRA/O/O/FOD/20/09/0023,Mirae Asset Nifty 100 ESG Sector Leaders Fund of Fund,Open Ended,Fund of Funds Scheme (Domestic) - Fund of Funds Scheme (Domestic),2026-09-01,0.47,0.09,2026-09-03T15:06:40Z
MIRA/O/O/FOD/20/09/0023,Mirae Asset Nifty 100 ESG Sector Leaders Fund of Fund,Open Ended,Fund of Funds Scheme (Domestic) - Fund of Funds Scheme (Domestic),2026-09-02,0.47,0.09,2026-09-03T15:06:40Z
MIRA/O/O/EET/22/11/0047,Mirae Asset Nifty 100 Low Volatility 30 ETF,Open Ended,Exchange Traded Funds (ETFs) - Equity ETF,2026-09-01,0.43,0.0,2026-09-03T15:06:40Z
MIRA/O/O/EET/22/11/0047,Mirae Asset Nifty 100 Low Volatility 30 ETF,Open Ended,Exchange Traded Funds (ETFs) - Equity ETF,2026-09-02,0.43,0.0,2026-09-03T15:06:40Z
MIRA/O/O/OET/24/10/0073,Mirae Asset Nifty 1D Rate Liquid ETF - Growth,Open Ended,Exchange Traded Funds (ETFs) - Debt ETF,2026-09-01,0.21,0.0,2026-09-03T15:06:40Z
MIRA/O/O/OET/24/10/0073,Mirae Asset Nifty 1D Rate Liquid ETF - Growth,Open Ended,Exchange Traded Funds (ETFs) - Debt ETF,2026-09-02,0.21,0.0,2026-09-03T15:06:40Z
MIRA/O/O/DET/23/02/0055,Mirae Asset Nifty 1D Rate Liquid ETF-IDCW,Open Ended,Exchange Traded Funds (ETFs) - Debt ETF,2026-09-01,0.36,0.0,2026-09-03T15:06:40Z
MIRA/O/O/DET/23/02/0055,Mirae Asset Nifty 1D Rate Liquid ETF-IDCW,Open Ended,Exchange Traded Funds (ETFs) - Debt ETF,2026-09-02,0.36,0.0,2026-09-03T15:06:40Z
MIRA/O/O/EET/23/09/0057,Mirae Asset Nifty 200 Alpha 30 ETF,Open Ended,Exchange Traded Funds (ETFs) - Equity ETF,2026-09-01,0.72,0.0,2026-09-03T15:06:40Z
MIRA/O/O/EET/23/09/0057,Mirae Asset Nifty 200 Alpha 30 ETF,Open Ended,Exchange Traded Funds (ETFs) - Equity ETF,2026-09-02,0.72,0.0,2026-09-03T15:06:40Z
MIRA/O/O/EET/18/09/0012,Mirae Asset Nifty 50 ETF,Open Ended,Exchange Traded Funds (ETFs) - Equity ETF,2026-09-01,0.08,0.0,2026-09-03T15:06:40Z
MIRA/O/O/EET/18/09/0012,Mirae Asset Nifty 50 ETF,Open Ended,Exchange Traded Funds (ETFs) - Equity ETF,2026-09-02,0.08,0.0,2026-09-03T15:06:40Z
MIRA/O/O/OIN/24/05/0069,Mirae Asset Nifty 50 Index Fund,Open Ended,Index Funds - Equity Funds,2026-09-01,0.85,0.24,2026-09-03T15:06:40Z
MIRA/O/O/OIN/24/05/0069,Mirae Asset Nifty 50 Index Fund,Open Ended,Index Funds - Equity Funds,2026-09-02,0.85,0.24,2026-09-03T15:06:40Z
MIRA/O/O/OET/25/12/0094,Mirae Asset Nifty 500 Healthcare ETF,Open Ended,Exchange Traded Funds (ETFs) - Equity ETF,2026-09-01,0.33,0.0,2026-09-03T15:06:40Z
MIRA/O/O/OET/25/12/0094,Mirae Asset Nifty 500 Healthcare ETF,Open Ended,Exchange Traded Funds (ETFs) - Equity ETF,2026-09-02,0.33,0.0,2026-09-03T15:06:40Z
MIRA/O/O/EET/25/10/0100,Mirae Asset Nifty 500 Value 50 ETF,Open Ended,Exchange Traded Funds (ETFs) - Equity ETF,2026-09-01,1.09,0.0,2026-09-03T15:06:40Z
MIRA/O/O/EET/25/10/0100,Mirae Asset Nifty 500 Value 50 ETF,Open Ended,Exchange Traded Funds (ETFs) - Equity ETF,2026-09-02,1.09,0.0,2026-09-03T15:06:40Z
MIRA/O/O/DET/23/03/0050,Mirae Asset Nifty 8-13 yr G-Sec ETF,Open Ended,Exchange Traded Funds (ETFs) - Debt ETF,2026-09-01,0.11,0.0,2026-09-03T15:06:40Z
MIRA/O/O/DET/23/03/0050,Mirae Asset Nifty 8-13 yr G-Sec ETF,Open Ended,Exchange Traded Funds (ETFs) - Debt ETF,2026-09-02,0.11,0.0,2026-09-03T15:06:40Z
MIRA/O/O/EET/23/06/0054,Mirae Asset Nifty Bank ETF,Open Ended,Exchange Traded Funds (ETFs) - Equity ETF,2026-09-01,0.16,0.0,2026-09-03T15:06:40Z
MIRA/O/O/EET/23/06/0054,Mirae Asset Nifty Bank ETF,Open Ended,Exchange Traded Funds (ETFs) - Equity ETF,2026-09-02,0.16,0.0,2026-09-03T15:06:40Z
MIRA/O/O/OET/25/08/0089,Mirae Asset Nifty Energy ETF,Open Ended,Exchange Traded Funds (ETFs) - Equity ETF,2026-09-01,0.48,0.0,2026-09-03T15:06:40Z
MIRA/O/O/OET/25/08/0089,Mirae Asset Nifty Energy ETF,Open Ended,Exchange Traded Funds (ETFs) - Equity ETF,2026-09-02,0.48,0.0,2026-09-03T15:06:40Z
MIRA/O/O/OET/24/06/0065,Mirae Asset Nifty EV and New Age Automotive ETF,Open Ended,Exchange Traded Funds (ETFs) - Equity ETF,2026-09-01,0.48,0.0,2026-09-03T15:06:40Z
MIRA/O/O/OET/24/06/0065,Mirae Asset Nifty EV and New Age Automotive ETF,Open Ended,Exchange Traded Funds (ETFs) - Equity ETF,2026-09-02,0.48,0.0,2026-09-03T15:06:40Z
MIRA/O/O/EET/21/06/0028,Mirae Asset Nifty Financial Services ETF,Open Ended,Exchange Traded Funds (ETFs) - Equity ETF,2026-09-01,0.2,0.0,2026-09-03T15:06:40Z
MIRA/O/O/EET/21/06/0028,Mirae Asset Nifty Financial Services ETF,Open Ended,Exchange Traded Funds (ETFs) - Equity ETF,2026-09-02,0.2,0.0,2026-09-03T15:06:40Z
MIRA/O/O/OET/25/08/0096,Mirae Asset Nifty India Infrastructure & Logistics ETF,Open Ended,Exchange Traded Funds (ETFs) - Equity ETF,2026-09-01,0.33,0.0,2026-09-03T15:06:40Z
MIRA/O/O/OET/25/08/0096,Mirae Asset Nifty India Infrastructure & Logistics ETF,Open Ended,Exchange Traded Funds (ETFs) - Equity ETF,2026-09-02,0.33,0.0,2026-09-03T15:06:40Z
MIRA/O/O/OET/25/05/0085,Mirae Asset Nifty India Internet ETF,Open Ended,Exchange Traded Funds (ETFs) - Equity ETF,2026-09-01,0.42,0.0,2026-09-03T15:06:40Z
MIRA/O/O/OET/25/05/0085,Mirae Asset Nifty India Internet ETF,Open Ended,Exchange Traded Funds (ETFs) - Equity ETF,2026-09-02,0.42,0.0,2026-09-03T15:06:40Z
MIRA/O/O/EET/21/10/0034,Mirae Asset Nifty India Manufacturing ETF,Open Ended,Exchange Traded Funds (ETFs) - Equity ETF,2026-09-01,0.51,0.0,2026-09-03T15:06:40Z
MIRA/O/O/EET/21/10/0034,Mirae Asset Nifty India Manufacturing ETF,Open Ended,Exchange Traded Funds (ETFs) - Equity ETF,2026-09-02,0.51,0.0,2026-09-03T15:06:40Z
MIRA/O/O/FOD/21/11/0035,Mirae Asset Nifty India Manufacturing ETF Fund of Fund,Open Ended,Fund of Funds Scheme (Domestic) - Fund of Funds Scheme (Domestic),2026-09-01,0.44,0.07,2026-09-03T15:06:40Z
MIRA/O/O/FOD/21/11/0035,Mirae Asset Nifty India Manufacturing ETF Fund of Fund,Open Ended,Fund of Funds Scheme (Domestic) - Fund of Funds Scheme (Domestic),2026-09-02,0.44,0.07,2026-09-03T15:06:40Z
MIRA/O/O/EET/24/11/0076,Mirae Asset Nifty India New Age Consumption ETF,Open Ended,Exchange Traded Funds (ETFs) - Equity ETF,2026-09-01,0.45,0.0,2026-09-03T15:06:40Z
MIRA/O/O/EET/24/11/0076,Mirae Asset Nifty India New Age Consumption ETF,Open Ended,Exchange Traded Funds (ETFs) - Equity ETF,2026-09-02,0.45,0.0,2026-09-03T15:06:40Z
MIRA/O/O/FOD/24/11/0077,Mirae Asset Nifty India New Age Consumption ETF Fund of Fund,Open Ended,Fund of Funds Scheme (Domestic) - Fund of Funds Scheme (Domestic),2026-09-01,0.57,0.12,2026-09-03T15:06:40Z
MIRA/O/O/FOD/24/11/0077,Mirae Asset Nifty India New Age Consumption ETF Fund of Fund,Open Ended,Fund of Funds Scheme (Domestic) - Fund of Funds Scheme (Domestic),2026-09-02,0.57,0.12,2026-09-03T15:06:40Z
MIRA/O/O/EET/23/09/0058,Mirae Asset Nifty IT ETF,Open Ended,Exchange Traded Funds (ETFs) - Equity ETF,2026-09-01,0.4,0.0,2026-09-03T15:06:40Z
MIRA/O/O/EET/23/09/0058,Mirae Asset Nifty IT ETF,Open Ended,Exchange Traded Funds (ETFs) - Equity ETF,2026-09-02,0.4,0.0,2026-09-03T15:06:40Z
MIRA/O/O/OIN/24/06/0070,Mirae Asset Nifty LargeMidcap 250 Index Fund,Open Ended,Index Funds - Equity Funds,2026-09-01,1.02,0.39,2026-09-03T15:06:40Z
MIRA/O/O/OIN/24/06/0070,Mirae Asset Nifty LargeMidcap 250 Index Fund,Open Ended,Index Funds - Equity Funds,2026-09-02,1.02,0.39,2026-09-03T15:06:40Z
MIRA/O/O/OET/24/08/0068,Mirae Asset Nifty Metal ETF,Open Ended,Exchange Traded Funds (ETFs) - Equity ETF,2026-09-01,0.5,0.0,2026-09-03T15:06:40Z
MIRA/O/O/OET/24/08/0068,Mirae Asset Nifty Metal ETF,Open Ended,Exchange Traded Funds (ETFs) - Equity ETF,2026-09-02,0.5,0.0,2026-09-03T15:06:40Z
MIRA/O/O/FOD/26/01/0098,Mirae Asset Nifty Metal ETF FOF,Open Ended,Fund of Funds Scheme (Domestic) - Fund of Funds Scheme (Domestic),2026-09-01,0.73,0.19,2026-09-03T15:06:40Z
MIRA/O/O/FOD/26/01/0098,Mirae Asset Nifty Metal ETF FOF,Open Ended,Fund of Funds Scheme (Domestic) - Fund of Funds Scheme (Domestic),2026-09-02,0.73,0.19,2026-09-03T15:06:40Z
MIRA/O/O/EET/22/01/0036,Mirae Asset Nifty Midcap 150 ETF,Open Ended,Exchange Traded Funds (ETFs) - Equity ETF,2026-09-01,0.12,0.0,2026-09-03T15:06:40Z
MIRA/O/O/EET/22/01/0036,Mirae Asset Nifty Midcap 150 ETF,Open Ended,Exchange Traded Funds (ETFs) - Equity ETF,2026-09-02,0.12,0.0,2026-09-03T15:06:40Z
MIRA/O/O/EET/24/03/0063,Mirae Asset Nifty Midsmallcap400 Momentum Quality 100 ETF,Open Ended,Exchange Traded Funds (ETFs) - Equity ETF,2026-09-01,0.69,0.0,2026-09-03T15:06:40Z
MIRA/O/O/EET/24/03/0063,Mirae Asset Nifty Midsmallcap400 Momentum Quality 100 ETF,Open Ended,Exchange Traded Funds (ETFs) - Equity ETF,2026-09-02,0.69,0.0,2026-09-03T15:06:40Z
MIRA/O/O/FOD/24/03/0062,Mirae Asset Nifty MidSmallcap400 Momentum Quality 100 ETF Fund of Fund,Open Ended,Fund of Funds Scheme (Domestic) - Fund of Funds Scheme (Domestic),2026-09-01,0.62,0.04,2026-09-03T15:06:40Z
MIRA/O/O/FOD/24/03/0062,Mirae Asset Nifty MidSmallcap400 Momentum Quality 100 ETF Fund of Fund,Open Ended,Fund of Funds Scheme (Domestic) - Fund of Funds Scheme (Domestic),2026-09-02,0.62,0.04,2026-09-03T15:06:40Z
MIRA/O/O/EET/19/11/0017,Mirae Asset Nifty Next 50 ETF,Open Ended,Exchange Traded Funds (ETFs) - Equity ETF,2026-09-01,0.14,0.0,2026-09-03T15:06:40Z
MIRA/O/O/EET/19/11/0017,Mirae Asset Nifty Next 50 ETF,Open Ended,Exchange Traded Funds (ETFs) - Equity ETF,2026-09-02,0.14,0.0,2026-09-03T15:06:40Z
MIRA/O/O/OET/24/08/0067,Mirae Asset Nifty PSU Bank ETF,Open Ended,Exchange Traded Funds (ETFs) - Equity ETF,2026-09-01,0.31,0.0,2026-09-03T15:06:40Z
MIRA/O/O/OET/24/08/0067,Mirae Asset Nifty PSU Bank ETF,Open Ended,Exchange Traded Funds (ETFs) - Equity ETF,2026-09-02,0.31,0.0,2026-09-03T15:06:40Z
MIRA/O/O/DIN/22/03/0037,Mirae Asset Nifty SDL Jun 2027 Index Fund,Open Ended,Index Funds - Debt Funds,2026-09-01,0.38,0.23,2026-09-03T15:06:40Z
MIRA/O/O/DIN/22/03/0037,Mirae Asset Nifty SDL Jun 2027 Index Fund,Open Ended,Index Funds - Debt Funds,2026-09-02,0.38,0.23,2026-09-03T15:06:40Z
MIRA/O/O/DIN/23/03/0048,Mirae Asset Nifty SDL June 2028 Index Fund,Open Ended,Index Funds - Debt Funds,2026-09-01,0.55,0.19,2026-09-03T15:06:40Z
MIRA/O/O/DIN/23/03/0048,Mirae Asset Nifty SDL June 2028 Index Fund,Open Ended,Index Funds - Debt Funds,2026-09-02,0.55,0.19,2026-09-03T15:06:40Z
MIRA/O/O/OET/25/09/0090,Mirae Asset Nifty Smallcap 250 ETF,Open Ended,Exchange Traded Funds (ETFs) - Equity ETF,2026-09-01,0.29,0.0,2026-09-03T15:06:40Z
MIRA/O/O/OET/25/09/0090,Mirae Asset Nifty Smallcap 250 ETF,Open Ended,Exchange Traded Funds (ETFs) - Equity ETF,2026-09-02,0.29,0.0,2026-09-03T15:06:40Z
MIRA/O/O/OET/24/01/0060,Mirae Asset Nifty Smallcap 250 Momentum Quality 100 ETF,Open Ended,Exchange Traded Funds (ETFs) - Equity ETF,2026-09-01,0.76,0.0,2026-09-03T15:06:40Z
MIRA/O/O/OET/24/01/0060,Mirae Asset Nifty Smallcap 250 Momentum Quality 100 ETF,Open Ended,Exchange Traded Funds (ETFs) - Equity ETF,2026-09-02,0.76,0.0,2026-09-03T15:06:40Z
MIRA/O/O/FOD/24/01/0061,Mirae Asset Nifty Smallcap 250 Momentum Quality 100 ETF Fund of Fund,Open Ended,Fund of Funds Scheme (Domestic) - Fund of Funds Scheme (Domestic),2026-09-01,0.59,0.06,2026-09-03T15:06:40Z
MIRA/O/O/FOD/24/01/0061,Mirae Asset Nifty Smallcap 250 Momentum Quality 100 ETF Fund of Fund,Open Ended,Fund of Funds Scheme (Domestic) - Fund of Funds Scheme (Domestic),2026-09-02,0.59,0.06,2026-09-03T15:06:40Z
MIRA/O/O/OET/25/06/0093,Mirae Asset Nifty Top 20 Equal Weight ETF,Open Ended,Exchange Traded Funds (ETFs) - Equity ETF,2026-09-01,0.24,0.0,2026-09-03T15:06:40Z
MIRA/O/O/OET/25/06/0093,Mirae Asset Nifty Top 20 Equal Weight ETF,Open Ended,Exchange Traded Funds (ETFs) - Equity ETF,2026-09-02,0.24,0.0,2026-09-03T15:06:40Z
MIRA/O/O/OIN/24/05/0071,Mirae Asset Nifty Total Market Index Fund,Open Ended,Index Funds - Equity Funds,2026-09-01,0.99,0.33,2026-09-03T15:06:40Z
MIRA/O/O/OIN/24/05/0071,Mirae Asset Nifty Total Market Index Fund,Open Ended,Index Funds - Equity Funds,2026-09-02,0.99,0.33,2026-09-03T15:06:40Z
MIRA/O/O/FOD/24/02/0064,Mirae Asset Nifty200 Alpha 30 ETF Fund of Fund,Open Ended,Fund of Funds Scheme (Domestic) - Fund of Funds Scheme (Domestic),2026-09-01,0.61,0.06,2026-09-03T15:06:40Z
MIRA/O/O/FOD/24/02/0064,Mirae Asset Nifty200 Alpha 30 ETF Fund of Fund,Open Ended,Fund of Funds Scheme (Domestic) - Fund of Funds Scheme (Domestic),2026-09-02,0.61,0.06,2026-09-03T15:06:40Z
MIRA/O/E/OET/26/06/0104,Mirae Asset Nifty200 Momentum 30 Plus 8-13 yr G-Sec 50:50 ETF,Open Ended,Exchange Traded Funds (ETFs) - Hybrid ETF,2026-09-01,0.82,0.0,2026-09-03T15:06:40Z
MIRA/O/E/OET/26/06/0104,Mirae Asset Nifty200 Momentum 30 Plus 8-13 yr G-Sec 50:50 ETF,Open Ended,Exchange Traded Funds (ETFs) - Hybrid ETF,2026-09-02,0.82,0.0,2026-09-03T15:06:40Z
MIRA/O/E/OIN/26/06/0103,Mirae Asset Nifty200 Momentum 30 Plus 8-13yr G-Sec 75:25 Index Fund,Open Ended,Index Funds - Hybrid Fund,2026-09-01,1.84,1.13,2026-09-03T15:06:40Z
MIRA/O/E/OIN/26/06/0103,Mirae Asset Nifty200 Momentum 30 Plus 8-13yr G-Sec 75:25 Index Fund,Open Ended,Index Funds - Hybrid Fund,2026-09-02,1.84,1.13,2026-09-03T15:06:40Z
MIRA/O/O/EET/25/04/0082,Mirae Asset Nifty50 Equal Weight ETF,Open Ended,Exchange Traded Funds (ETFs) - Equity ETF,2026-09-01,0.38,0.0,2026-09-03T15:06:40Z
MIRA/O/O/EET/25/04/0082,Mirae Asset Nifty50 Equal Weight ETF,Open Ended,Exchange Traded Funds (ETFs) - Equity ETF,2026-09-02,0.38,0.0,2026-09-03T15:06:40Z
MIRA/O/O/OET/24/02/0066,Mirae Asset Nifty500 Multicap 50:25:25 ETF,Open Ended,Exchange Traded Funds (ETFs) - Equity ETF,2026-09-01,0.26,0.0,2026-09-03T15:06:40Z
MIRA/O/O/OET/24/02/0066,Mirae Asset Nifty500 Multicap 50:25:25 ETF,Open Ended,Exchange Traded Funds (ETFs) - Equity ETF,2026-09-02,0.26,0.0,2026-09-03T15:06:40Z
MIRA/O/O/FOD/21/03/0027,Mirae Asset NYSE FANG + ETF Fund of Fund,Open Ended,Fund of Funds Scheme (Domestic) - Fund of Funds Scheme (Domestic),2026-09-01,0.41,0.04,2026-09-03T15:06:40Z
MIRA/O/O/FOD/21/03/0027,Mirae Asset NYSE FANG + ETF Fund of Fund,Open Ended,Fund of Funds Scheme (Domestic) - Fund of Funds Scheme (Domestic),2026-09-02,0.41,0.04,2026-09-03T15:06:40Z
MIRA/O/O/EET/21/02/0026,Mirae Asset NYSE FANG+ ETF,Open Ended,Exchange Traded Funds (ETFs) - ETFs investing overseas,2026-09-01,0.66,0.0,2026-09-03T15:06:40Z
MIRA/O/O/EET/21/02/0026,Mirae Asset NYSE FANG+ ETF,Open Ended,Exchange Traded Funds (ETFs) - ETFs investing overseas,2026-09-02,0.66,0.0,2026-09-03T15:06:40Z
MIRA/O/D/ONF/19/09/0016,Mirae Asset Overnight Fund,Open Ended,Income/Debt Oriented Schemes - Overnight Fund,2026-09-01,0.18,0.09,2026-09-03T15:06:40Z
MIRA/O/D/ONF/19/09/0016,Mirae Asset Overnight Fund,Open Ended,Income/Debt Oriented Schemes - Overnight Fund,2026-09-02,0.18,0.09,2026-09-03T15:06:40Z
MIRA/O/O/EET/21/07/0030,Mirae Asset S&P 500 Top 50 ETF,Open Ended,Exchange Traded Funds (ETFs) - Equity ETF,2026-09-01,0.65,0.0,2026-09-03T15:06:40Z
MIRA/O/O/EET/21/07/0030,Mirae Asset S&P 500 Top 50 ETF,Open Ended,Exchange Traded Funds (ETFs) - Equity ETF,2026-09-02,0.65,0.0,2026-09-03T15:06:40Z
MIRA/O/O/FOD/21/08/0031,Mirae Asset S&P 500 Top 50 ETF Fund of Fund,Open Ended,Fund of Funds Scheme (Domestic) - Fund of Funds Scheme (Domestic),2026-09-01,0.42,0.02,2026-09-03T15:06:40Z
MIRA/O/O/FOD/21/08/0031,Mirae Asset S&P 500 Top 50 ETF Fund of Fund,Open Ended,Fund of Funds Scheme (Domestic) - Fund of Funds Scheme (Domestic),2026-09-02,0.42,0.02,2026-09-03T15:06:40Z
MIRA/O/D/SDF/17/12/0009,Mirae Asset Short Term Fund,Open Ended,Income/Debt Oriented Schemes - Short Term Fund,2026-09-01,1.07,0.28,2026-09-03T15:06:40Z
MIRA/O/D/SDF/17/12/0009,Mirae Asset Short Term Fund,Open Ended,Income/Debt Oriented Schemes - Short Term Fund,2026-09-02,1.07,0.28,2026-09-03T15:06:40Z
MIRA/O/O/OET/22/11/0051,Mirae Asset Silver ETF,Open Ended,Exchange Traded Funds (ETFs) - Silver ETF,2026-09-01,0.36,0.0,2026-09-03T15:06:40Z
MIRA/O/O/OET/22/11/0051,Mirae Asset Silver ETF,Open Ended,Exchange Traded Funds (ETFs) - Silver ETF,2026-09-02,0.36,0.0,2026-09-03T15:06:40Z
MIRA/O/O/FOD/26/01/0099,Mirae Asset Silver ETF FOF,Open Ended,Fund of Funds Scheme (Domestic) - Fund of Funds Scheme (Domestic),2026-09-01,0.77,0.2,2026-09-03T15:06:40Z
MIRA/O/O/FOD/26/01/0099,Mirae Asset Silver ETF FOF,Open Ended,Fund of Funds Scheme (Domestic) - Fund of Funds Scheme (Domestic),2026-09-02,0.77,0.2,2026-09-03T15:06:40Z
MIRA/O/E/SCF/24/10/0075,Mirae Asset Small Cap Fund,Open Ended,Equity Schemes - Small Cap Fund,2026-09-01,2.13,0.65,2026-09-03T15:06:40Z
MIRA/O/E/SCF/24/10/0075,Mirae Asset Small Cap Fund,Open Ended,Equity Schemes - Small Cap Fund,2026-09-02,2.13,0.65,2026-09-03T15:06:40Z
MIRA/O/D/LOW/08/02/0002,Mirae Asset Ultra Short to Short Term Fund,Open Ended,Income/Debt Oriented Schemes - Ultra Short to Short Term Fund,2026-09-01,0.87,0.22,2026-09-03T15:06:40Z
MIRA/O/D/LOW/08/02/0002,Mirae Asset Ultra Short to Short Term Fund,Open Ended,Income/Debt Oriented Schemes - Ultra Short to Short Term Fund,2026-09-02,0.87,0.22,2026-09-03T15:06:40Z
MIRA/O/D/USD/20/07/0020,Mirae Asset Ultra Short-Term Fund,Open Ended,Income/Debt Oriented Schemes - Ultra Short Term Fund,2026-09-01,0.46,0.23,2026-09-03T15:06:40Z
MIRA/O/D/USD/20/07/0020,Mirae Asset Ultra Short-Term Fund,Open Ended,Income/Debt Oriented Schemes - Ultra Short Term Fund,2026-09-02,0.46,0.23,2026-09-03T15:06:40Z
MOTO/O/O/FOD/21/08/0026,Motilal Oswal 5 Year G-Sec Fund of Fund,Open Ended,Other Scheme - FoF Domestic,2026-09-01,0.25,0.17,2026-09-03T15:06:40Z
MOTO/O/O/FOD/21/08/0026,Motilal Oswal 5 Year G-Sec Fund of Fund,Open Ended,Other Scheme - FoF Domestic,2026-09-02,0.25,0.17,2026-09-03T15:06:40Z
MOTO/O/E/THE/24/12/0066,Motilal Oswal Active Momentum Fund,Open Ended,Equity Scheme - Sectoral/ Thematic,2026-09-01,3.36,3.25,2026-09-03T15:06:40Z
MOTO/O/E/THE/24/12/0066,Motilal Oswal Active Momentum Fund,Open Ended,Equity Scheme - Sectoral/ Thematic,2026-09-02,3.36,3.25,2026-09-03T15:06:40Z
MOTO/O/H/ARB/24/07/0064,Motilal Oswal Arbitrage Fund,Open Ended,Hybrid Scheme - Arbitrage Fund,2026-09-01,2.05,1.0,2026-09-03T15:06:40Z
MOTO/O/H/ARB/24/07/0064,Motilal Oswal Arbitrage Fund,Open Ended,Hybrid Scheme - Arbitrage Fund,2026-09-02,2.05,1.0,2026-09-03T15:06:40Z
MOTO/O/O/FOD/20/09/0024,Motilal Oswal Asset Allocation Fund of Fund- Conservative,Open Ended,Other Scheme - FoF Domestic,2026-09-01,0.58,0.07,2026-09-03T15:06:40Z
MOTO/O/O/FOD/20/09/0024,Motilal Oswal Asset Allocation Fund of Fund- Conservative,Open Ended,Other Scheme - FoF Domestic,2026-09-02,0.58,0.07,2026-09-03T15:06:40Z
MOTO/O/H/DAA/16/08/0009,Motilal Oswal Balanced Advantage Fund,Open Ended,Hybrid Scheme - Dynamic Asset Allocation or Balanced Advantage,2026-09-01,2.88,1.63,2026-09-03T15:06:40Z
MOTO/O/H/DAA/16/08/0009,Motilal Oswal Balanced Advantage Fund,Open Ended,Hybrid Scheme - Dynamic Asset Allocation or Balanced Advantage,2026-09-02,2.88,1.63,2026-09-03T15:06:40Z
MOTO/O/O/OIN/25/04/0073,Motilal Oswal BSE 1000 Index Fund,Open Ended,Other Scheme - Index Funds,2026-09-01,1.11,0.46,2026-09-03T15:06:40Z
MOTO/O/O/OIN/25/04/0073,Motilal Oswal BSE 1000 Index Fund,Open Ended,Other Scheme - Index Funds,2026-09-02,1.11,0.46,2026-09-03T15:06:40Z
MOTO/O/O/OIN/26/04/0093,Motilal Oswal BSE Clean Environment Index Fund,Open Ended,Other Scheme - Index Funds,2026-09-01,1.92,1.27,2026-09-03T15:06:40Z
MOTO/O/O/OIN/26/04/0093,Motilal Oswal BSE Clean Environment Index Fund,Open Ended,Other Scheme - Index Funds,2026-09-02,1.92,1.27,2026-09-03T15:06:40Z
MOTO/O/O/EET/22/03/0035,Motilal Oswal BSE Enhanced Value ETF,Open Ended,Other Scheme - Other  ETFs,2026-09-01,0.43,0.0,2026-09-03T15:06:40Z
MOTO/O/O/EET/22/03/0035,Motilal Oswal BSE Enhanced Value ETF,Open Ended,Other Scheme - Other  ETFs,2026-09-02,0.43,0.0,2026-09-03T15:06:40Z
MOTO/O/O/OIN/22/03/0036,Motilal Oswal BSE Enhanced Value Index Fund,Open Ended,Other Scheme - Index Funds,2026-09-01,1.15,0.52,2026-09-03T15:06:40Z
MOTO/O/O/OIN/22/03/0036,Motilal Oswal BSE Enhanced Value Index Fund,Open Ended,Other Scheme - Index Funds,2026-09-02,1.15,0.52,2026-09-03T15:06:40Z
MOTO/O/O/OIN/22/03/0033,Motilal Oswal BSE Financials ex Bank 30 Index Fund,Open Ended,Other Scheme - Index Funds,2026-09-01,1.14,0.52,2026-09-03T15:06:40Z
MOTO/O/O/OIN/22/03/0033,Motilal Oswal BSE Financials ex Bank 30 Index Fund,Open Ended,Other Scheme - Index Funds,2026-09-02,1.14,0.52,2026-09-03T15:06:40Z
MOTO/O/O/EET/22/03/0032,Motilal Oswal BSE Healthcare ETF,Open Ended,Other Scheme - Other  ETFs,2026-09-01,0.36,0.0,2026-09-03T15:06:40Z
MOTO/O/O/EET/22/03/0032,Motilal Oswal BSE Healthcare ETF,Open Ended,Other Scheme - Other  ETFs,2026-09-02,0.36,0.0,2026-09-03T15:06:40Z
MOTO/O/O/OET/25/04/0072,Motilal Oswal BSE India Infrastructure ETF,Open Ended,Other Scheme - Other  ETFs,2026-09-01,0.64,0.0,2026-09-03T15:06:40Z
MOTO/O/O/OET/25/04/0072,Motilal Oswal BSE India Infrastructure ETF,Open Ended,Other Scheme - Other  ETFs,2026-09-02,0.64,0.0,2026-09-03T15:06:40Z
MOTO/O/O/EET/22/02/0031,MOTILAL OSWAL BSE LOW VOLATILITY ETF,Open Ended,Other Scheme - Other  ETFs,2026-09-01,0.56,0.0,2026-09-03T15:06:40Z
MOTO/O/O/EET/22/02/0031,MOTILAL OSWAL BSE LOW VOLATILITY ETF,Open Ended,Other Scheme - Other  ETFs,2026-09-02,0.56,0.0,2026-09-03T15:06:40Z
MOTO/O/O/EIN/21/12/0029,Motilal Oswal BSE Low Volatility Index Fund,Open Ended,Other Scheme - Index Funds,2026-09-01,1.19,0.5,2026-09-03T15:06:40Z
MOTO/O/O/EIN/21/12/0029,Motilal Oswal BSE Low Volatility Index Fund,Open Ended,Other Scheme - Index Funds,2026-09-02,1.19,0.5,2026-09-03T15:06:40Z
MOTO/O/O/OIN/26/04/0094,Motilal Oswal BSE Midcap 150 Momentum 30 Index Fund,Open Ended,Other Scheme - Index Funds,2026-09-01,3.02,2.43,2026-09-03T15:06:40Z
MOTO/O/O/OIN/26/04/0094,Motilal Oswal BSE Midcap 150 Momentum 30 Index Fund,Open Ended,Other Scheme - Index Funds,2026-09-02,3.02,2.43,2026-09-03T15:06:40Z
MOTO/O/O/EET/21/10/0034,Motilal Oswal BSE Quality ETF,Open Ended,Other Scheme - Other  ETFs,2026-09-01,0.62,0.0,2026-09-03T15:06:40Z
MOTO/O/O/EET/21/10/0034,Motilal Oswal BSE Quality ETF,Open Ended,Other Scheme - Other  ETFs,2026-09-02,0.62,0.0,2026-09-03T15:06:40Z
MOTO/O/O/OIN/22/03/0037,Motilal Oswal BSE Quality Index Fund,Open Ended,Other Scheme - Index Funds,2026-09-01,1.1,0.45,2026-09-03T15:06:40Z
MOTO/O/O/OIN/22/03/0037,Motilal Oswal BSE Quality Index Fund,Open Ended,Other Scheme - Index Funds,2026-09-02,1.1,0.45,2026-09-03T15:06:40Z
MOTO/O/O/EET/25/10/0086,Motilal Oswal BSE Select IPO ETF,Open Ended,Other Scheme - Other  ETFs,2026-09-01,0.64,0.0,2026-09-03T15:06:40Z
MOTO/O/O/EET/25/10/0086,Motilal Oswal BSE Select IPO ETF,Open Ended,Other Scheme - Other  ETFs,2026-09-02,0.64,0.0,2026-09-03T15:06:40Z
MOTO/O/O/EET/26/03/0091,Motilal Oswal BSE Top 10 Banks ETF,Open Ended,Other Scheme - Other  ETFs,2026-09-01,0.46,0.0,2026-09-03T15:06:40Z
MOTO/O/O/EET/26/03/0091,Motilal Oswal BSE Top 10 Banks ETF,Open Ended,Other Scheme - Other  ETFs,2026-09-02,0.46,0.0,2026-09-03T15:06:40Z
MOTO/O/E/THE/24/06/0053,Motilal Oswal Business Cycle Fund,Open Ended,Equity Scheme - Sectoral/ Thematic,2026-09-01,2.52,1.38,2026-09-03T15:06:40Z
MOTO/O/E/THE/24/06/0053,Motilal Oswal Business Cycle Fund,Open Ended,Equity Scheme - Sectoral/ Thematic,2026-09-02,2.52,1.38,2026-09-03T15:06:40Z
MOTO/O/E/THE/25/04/0082,Motilal Oswal Consumption Fund,Open Ended,Equity Scheme - Sectoral/ Thematic,2026-09-01,2.47,0.85,2026-09-03T15:06:40Z
MOTO/O/E/THE/25/04/0082,Motilal Oswal Consumption Fund,Open Ended,Equity Scheme - Sectoral/ Thematic,2026-09-02,2.47,0.85,2026-09-03T15:06:40Z
MOTO/O/E/COF/26/02/0092,Motilal Oswal Contra Fund,Open Ended,Equity Scheme - Contra Fund,2026-09-01,4.03,2.27,2026-09-03T15:06:40Z
MOTO/O/E/COF/26/02/0092,Motilal Oswal Contra Fund,Open Ended,Equity Scheme - Contra Fund,2026-09-02,4.03,2.27,2026-09-03T15:06:40Z
MOTO/O/O/FOO/23/07/0042,Motilal Oswal Developed Market Ex US ETFs Overseas Equity Passive FOF,Open Ended,Other Scheme - FoF Overseas,2026-09-01,0.57,0.05,2026-09-03T15:06:40Z
MOTO/O/O/FOO/23/07/0042,Motilal Oswal Developed Market Ex US ETFs Overseas Equity Passive FOF,Open Ended,Other Scheme - FoF Overseas,2026-09-02,0.57,0.05,2026-09-03T15:06:40Z
MOTO/O/E/THE/24/07/0057,Motilal Oswal Digital India Fund,Open Ended,Equity Scheme - Sectoral/ Thematic,2026-09-01,2.46,1.08,2026-09-03T15:06:40Z
MOTO/O/E/THE/24/07/0057,Motilal Oswal Digital India Fund,Open Ended,Equity Scheme - Sectoral/ Thematic,2026-09-02,2.46,1.08,2026-09-03T15:06:40Z
MOTO/O/O/FOD/25/09/0088,Motilal Oswal Diversified Equity Flexicap Passive Fund of Funds,Open Ended,Other Scheme - FoF Domestic,2026-09-01,0.7,0.11,2026-09-03T15:06:40Z
MOTO/O/O/FOD/25/09/0088,Motilal Oswal Diversified Equity Flexicap Passive Fund of Funds,Open Ended,Other Scheme - FoF Domestic,2026-09-02,0.7,0.11,2026-09-03T15:06:40Z
MOTO/O/E/ELS/14/12/0008,Motilal Oswal ELSS Tax Saver Fund,Open Ended,Equity Scheme - ELSS,2026-09-01,2.12,0.98,2026-09-03T15:06:40Z
MOTO/O/E/ELS/14/12/0008,Motilal Oswal ELSS Tax Saver Fund,Open Ended,Equity Scheme - ELSS,2026-09-02,2.12,0.98,2026-09-03T15:06:40Z
MOTO/O/E/SEC/25/12/0089,Motilal Oswal Financial Services Fund,Open Ended,Equity Scheme - Sectoral/ Thematic,2026-09-01,2.79,1.29,2026-09-03T15:06:40Z
MOTO/O/E/SEC/25/12/0089,Motilal Oswal Financial Services Fund,Open Ended,Equity Scheme - Sectoral/ Thematic,2026-09-02,2.79,1.29,2026-09-03T15:06:40Z
MOTO/O/E/FCF/14/02/0007,Motilal Oswal Flexi Cap Fund,Open Ended,Equity Scheme - Flexi Cap Fund,2026-09-01,2.08,1.25,2026-09-03T15:06:40Z
MOTO/O/E/FCF/14/02/0007,Motilal Oswal Flexi Cap Fund,Open Ended,Equity Scheme - Flexi Cap Fund,2026-09-02,2.08,1.25,2026-09-03T15:06:40Z
MOTO/O/E/FOC/13/03/0004,Motilal Oswal Focused Fund,Open Ended,Equity Scheme - Focused Fund,2026-09-01,2.77,1.67,2026-09-03T15:06:40Z
MOTO/O/E/FOC/13/03/0004,Motilal Oswal Focused Fund,Open Ended,Equity Scheme - Focused Fund,2026-09-02,2.77,1.67,2026-09-03T15:06:40Z
MOTO/O/O/FOD/22/08/0038,Motilal Oswal Gold and Silver Passive Fund of Funds,Open Ended,Other Scheme - FoF Domestic,2026-09-01,0.47,0.18,2026-09-03T15:06:40Z
MOTO/O/O/FOD/22/08/0038,Motilal Oswal Gold and Silver Passive Fund of Funds,Open Ended,Other Scheme - FoF Domestic,2026-09-02,0.47,0.18,2026-09-03T15:06:40Z
MOTO/O/O/GET/25/06/0080,Motilal Oswal Gold ETF,Open Ended,Other Scheme - Gold ETF,2026-09-01,0.59,0.0,2026-09-03T15:06:40Z
MOTO/O/O/GET/25/06/0080,Motilal Oswal Gold ETF,Open Ended,Other Scheme - Gold ETF,2026-09-02,0.59,0.0,2026-09-03T15:06:40Z
MOTO/O/E/THE/24/12/0068,Motilal Oswal Infrastructure Fund,Open Ended,Equity Scheme - Sectoral/ Thematic,2026-09-01,3.14,1.67,2026-09-03T15:06:40Z
MOTO/O/E/THE/24/12/0068,Motilal Oswal Infrastructure Fund,Open Ended,Equity Scheme - Sectoral/ Thematic,2026-09-02,3.14,1.67,2026-09-03T15:06:40Z
MOTO/O/E/THE/24/11/0065,Motilal Oswal Innovation Opportunities Fund,Open Ended,Equity Scheme - Sectoral/ Thematic,2026-09-01,2.71,1.28,2026-09-03T15:06:40Z
MOTO/O/E/THE/24/11/0065,Motilal Oswal Innovation Opportunities Fund,Open Ended,Equity Scheme - Sectoral/ Thematic,2026-09-02,2.71,1.28,2026-09-03T15:06:40Z
MOTO/O/E/LMF/19/03/0013,Motilal Oswal Large and Midcap Fund,Open Ended,Equity Scheme - Large & Mid Cap Fund,2026-09-01,1.86,0.91,2026-09-03T15:06:40Z
MOTO/O/E/LMF/19/03/0013,Motilal Oswal Large and Midcap Fund,Open Ended,Equity Scheme - Large & Mid Cap Fund,2026-09-02,1.86,0.91,2026-09-03T15:06:40Z
MOTO/O/E/LCF/23/12/0045,Motilal Oswal Large Cap Fund,Open Ended,Equity Scheme - Large Cap Fund,2026-09-01,2.16,1.02,2026-09-03T15:06:40Z
MOTO/O/E/LCF/23/12/0045,Motilal Oswal Large Cap Fund,Open Ended,Equity Scheme - Large Cap Fund,2026-09-02,2.16,1.02,2026-09-03T15:06:40Z
MOTO/O/D/LIF/18/11/0012,Motilal Oswal Liquid Fund,Open Ended,Debt Scheme - Liquid Fund,2026-09-01,0.41,0.2,2026-09-03T15:06:40Z
MOTO/O/D/LIF/18/11/0012,Motilal Oswal Liquid Fund,Open Ended,Debt Scheme - Liquid Fund,2026-09-02,0.41,0.2,2026-09-03T15:06:40Z
MOTO/O/E/THE/24/06/0052,Motilal Oswal Manufacturing Fund,Open Ended,Equity Scheme - Sectoral/ Thematic,2026-09-01,3.37,2.02,2026-09-03T15:06:40Z
MOTO/O/E/THE/24/06/0052,Motilal Oswal Manufacturing Fund,Open Ended,Equity Scheme - Sectoral/ Thematic,2026-09-02,3.37,2.02,2026-09-03T15:06:40Z
MOTO/O/E/MIF/14/01/0006,Motilal Oswal Midcap Fund,Open Ended,Equity Scheme - Mid Cap Fund,2026-09-01,1.67,0.92,2026-09-03T15:06:40Z
MOTO/O/E/MIF/14/01/0006,Motilal Oswal Midcap Fund,Open Ended,Equity Scheme - Mid Cap Fund,2026-09-02,1.67,0.92,2026-09-03T15:06:40Z
MOTO/O/O/FOD/20/09/0023,Motilal Oswal Multi Asset Passive Fund of Fund,Open Ended,Other Scheme - FoF Domestic,2026-09-01,0.77,0.28,2026-09-03T15:06:40Z
MOTO/O/O/FOD/20/09/0023,Motilal Oswal Multi Asset Passive Fund of Fund,Open Ended,Other Scheme - FoF Domestic,2026-09-02,0.77,0.28,2026-09-03T15:06:40Z
MOTO/O/E/MCF/23/12/0048,Motilal Oswal Multi Cap Fund,Open Ended,Equity Scheme - Multi Cap Fund,2026-09-01,2.38,1.21,2026-09-03T15:06:40Z
MOTO/O/E/MCF/23/12/0048,Motilal Oswal Multi Cap Fund,Open Ended,Equity Scheme - Multi Cap Fund,2026-09-02,2.38,1.21,2026-09-03T15:06:40Z
MOTO/O/O /FOD/26/01/0090,Motilal Oswal Multi Factor Passive Fund of Funds,Open Ended,Other Scheme - FoF Domestic,2026-09-01,0.73,0.11,2026-09-03T15:06:40Z
MOTO/O/O /FOD/26/01/0090,Motilal Oswal Multi Factor Passive Fund of Funds,Open Ended,Other Scheme - FoF Domestic,2026-09-02,0.73,0.11,2026-09-03T15:06:40Z
MOTO/O/O/EET/11/03/0003,Motilal Oswal Nasdaq 100 ETF,Open Ended,Other Scheme - Other  ETFs,2026-09-01,0.6,0.0,2026-09-03T15:06:40Z
MOTO/O/O/EET/11/03/0003,Motilal Oswal Nasdaq 100 ETF,Open Ended,Other Scheme - Other  ETFs,2026-09-02,0.6,0.0,2026-09-03T15:06:40Z
MOTO/O/O/FOD/18/10/0011,Motilal Oswal Nasdaq 100 Fund of Fund,Open Ended,Other Scheme - FoF Domestic,2026-09-01,0.47,0.19,2026-09-03T15:06:40Z
MOTO/O/O/FOD/18/10/0011,Motilal Oswal Nasdaq 100 Fund of Fund,Open Ended,Other Scheme - FoF Domestic,2026-09-02,0.47,0.19,2026-09-03T15:06:40Z
MOTO/O/O/EET/21/10/0027,Motilal Oswal Nasdaq Q50 ETF,Open Ended,Other Scheme - Other  ETFs,2026-09-01,0.56,0.0,2026-09-03T15:06:40Z
MOTO/O/O/EET/21/10/0027,Motilal Oswal Nasdaq Q50 ETF,Open Ended,Other Scheme - Other  ETFs,2026-09-02,0.56,0.0,2026-09-03T15:06:40Z
MOTO/O/O/OET/25/09/0083,Motilal Oswal Nifty 100 ETF,Open Ended,Other Scheme - Other  ETFs,2026-09-01,0.66,0.0,2026-09-03T15:06:40Z
MOTO/O/O/OET/25/09/0083,Motilal Oswal Nifty 100 ETF,Open Ended,Other Scheme - Other  ETFs,2026-09-02,0.66,0.0,2026-09-03T15:06:40Z
MOTO/O/O/EET/21/10/0028,Motilal Oswal Nifty 200 Momentum 30 ETF,Open Ended,Other Scheme - Other  ETFs,2026-09-01,0.93,0.0,2026-09-03T15:06:40Z
MOTO/O/O/EET/21/10/0028,Motilal Oswal Nifty 200 Momentum 30 ETF,Open Ended,Other Scheme - Other  ETFs,2026-09-02,0.93,0.0,2026-09-03T15:06:40Z
MOTO/O/O/EIN/21/12/0030,Motilal Oswal Nifty 200 Momentum 30 Index Fund,Open Ended,Other Scheme - Index Funds,2026-09-01,1.55,0.83,2026-09-03T15:06:40Z
MOTO/O/O/EIN/21/12/0030,Motilal Oswal Nifty 200 Momentum 30 Index Fund,Open Ended,Other Scheme - Index Funds,2026-09-02,1.55,0.83,2026-09-03T15:06:40Z
MOTO/O/O/EET/20/07/0022,Motilal Oswal Nifty 5 year Benchmark G-Sec ETF,Open Ended,Other Scheme - Other  ETFs,2026-09-01,0.3,0.0,2026-09-03T15:06:40Z
MOTO/O/O/EET/20/07/0022,Motilal Oswal Nifty 5 year Benchmark G-Sec ETF,Open Ended,Other Scheme - Other  ETFs,2026-09-02,0.3,0.0,2026-09-03T15:06:40Z
MOTO/O/O/OET/25/04/0071,Motilal Oswal Nifty 50 Equal Weight ETF,Open Ended,Other Scheme - Other  ETFs,2026-09-01,0.21,0.0,2026-09-03T15:06:40Z
MOTO/O/O/OET/25/04/0071,Motilal Oswal Nifty 50 Equal Weight ETF,Open Ended,Other Scheme - Other  ETFs,2026-09-02,0.21,0.0,2026-09-03T15:06:40Z
MOTO/O/O/EET/10/06/0001,Motilal Oswal Nifty 50 ETF,Open Ended,Other Scheme - Other  ETFs,2026-09-01,0.28,0.0,2026-09-03T15:06:40Z
MOTO/O/O/EET/10/06/0001,Motilal Oswal Nifty 50 ETF,Open Ended,Other Scheme - Other  ETFs,2026-09-02,0.28,0.0,2026-09-03T15:06:40Z
MOTO/O/O/EIN/19/09/0018,Motilal Oswal Nifty 50 Index Fund,Open Ended,Other Scheme - Index Funds,2026-09-01,0.62,0.19,2026-09-03T15:06:40Z
MOTO/O/O/EIN/19/09/0018,Motilal Oswal Nifty 50 Index Fund,Open Ended,Other Scheme - Index Funds,2026-09-02,0.62,0.19,2026-09-03T15:06:40Z
MOTO/O/O/EET/23/09/0043,Motilal Oswal Nifty 500 ETF,Open Ended,Other Scheme - Other  ETFs,2026-09-01,0.39,0.0,2026-09-03T15:06:40Z
MOTO/O/O/EET/23/09/0043,Motilal Oswal Nifty 500 ETF,Open Ended,Other Scheme - Other  ETFs,2026-09-02,0.39,0.0,2026-09-03T15:06:40Z
MOTO/O/O/EIN/19/06/0014,Motilal Oswal Nifty 500 Index Fund,Open Ended,Other Scheme - Index Funds,2026-09-01,1.0,0.23,2026-09-03T15:06:40Z
MOTO/O/O/EIN/19/06/0014,Motilal Oswal Nifty 500 Index Fund,Open Ended,Other Scheme - Index Funds,2026-09-02,1.0,0.23,2026-09-03T15:06:40Z
MOTO/O/O/EET/24/07/0055,Motilal Oswal Nifty 500 Momentum 50 ETF,Open Ended,Other Scheme - Other  ETFs,2026-09-01,0.94,0.0,2026-09-03T15:06:40Z
MOTO/O/O/EET/24/07/0055,Motilal Oswal Nifty 500 Momentum 50 ETF,Open Ended,Other Scheme - Other  ETFs,2026-09-02,0.94,0.0,2026-09-03T15:06:40Z
MOTO/O/O/OIN/24/07/0056,Motilal Oswal Nifty 500 Momentum 50 Index Fund,Open Ended,Other Scheme - Index Funds,2026-09-01,1.49,0.85,2026-09-03T15:06:40Z
MOTO/O/O/OIN/24/07/0056,Motilal Oswal Nifty 500 Momentum 50 Index Fund,Open Ended,Other Scheme - Index Funds,2026-09-02,1.49,0.85,2026-09-03T15:06:40Z
MOTO/O/O/EET/25/04/0078,Motilal Oswal Nifty Alpha 50 ETF,Open Ended,Other Scheme - Other  ETFs,2026-09-01,0.96,0.0,2026-09-03T15:06:40Z
MOTO/O/O/EET/25/04/0078,Motilal Oswal Nifty Alpha 50 ETF,Open Ended,Other Scheme - Other  ETFs,2026-09-02,0.96,0.0,2026-09-03T15:06:40Z
MOTO/O/O/EIN/19/06/0015,Motilal Oswal Nifty Bank Index Fund,Open Ended,Other Scheme - Index Funds,2026-09-01,1.1,0.31,2026-09-03T15:06:40Z
MOTO/O/O/EIN/19/06/0015,Motilal Oswal Nifty Bank Index Fund,Open Ended,Other Scheme - Index Funds,2026-09-02,1.1,0.31,2026-09-03T15:06:40Z
MOTO/O/O/EET/25/01/0067,Motilal Oswal Nifty Capital Market ETF,Open Ended,Other Scheme - Other  ETFs,2026-09-01,0.95,0.0,2026-09-03T15:06:40Z
MOTO/O/O/EET/25/01/0067,Motilal Oswal Nifty Capital Market ETF,Open Ended,Other Scheme - Other  ETFs,2026-09-02,0.95,0.0,2026-09-03T15:06:40Z
MOTO/O/O/OIN/24/10/0062,Motilal Oswal Nifty Capital Market Index Fund,Open Ended,Other Scheme - Index Funds,2026-09-01,1.22,0.63,2026-09-03T15:06:40Z
MOTO/O/O/OIN/24/10/0062,Motilal Oswal Nifty Capital Market Index Fund,Open Ended,Other Scheme - Index Funds,2026-09-02,1.22,0.63,2026-09-03T15:06:40Z
MOTO/O/O/OET/25/09/0084,Motilal Oswal Nifty Energy ETF,Open Ended,Other Scheme - Other  ETFs,2026-09-01,0.79,0.0,2026-09-03T15:06:40Z
MOTO/O/O/OET/25/09/0084,Motilal Oswal Nifty Energy ETF,Open Ended,Other Scheme - Other  ETFs,2026-09-02,0.79,0.0,2026-09-03T15:06:40Z
MOTO/O/O/EET/24/08/0054,Motilal Oswal Nifty India Defence ETF,Open Ended,Other Scheme - Other  ETFs,2026-09-01,0.59,0.0,2026-09-03T15:06:40Z
MOTO/O/O/EET/24/08/0054,Motilal Oswal Nifty India Defence ETF,Open Ended,Other Scheme - Other  ETFs,2026-09-02,0.59,0.0,2026-09-03T15:06:40Z
MOTO/O/O/OIN/24/05/0050,Motilal Oswal Nifty India Defence Index Fund,Open Ended,Other Scheme - Index Funds,2026-09-01,1.14,0.55,2026-09-03T15:06:40Z
MOTO/O/O/OIN/24/05/0050,Motilal Oswal Nifty India Defence Index Fund,Open Ended,Other Scheme - Index Funds,2026-09-02,1.14,0.55,2026-09-03T15:06:40Z
MOTO/O/O/OET/25/04/0070,Motilal Oswal Nifty India Manufacturing ETF,Open Ended,Other Scheme - Other  ETFs,2026-09-01,0.65,0.0,2026-09-03T15:06:40Z
MOTO/O/O/OET/25/04/0070,Motilal Oswal Nifty India Manufacturing ETF,Open Ended,Other Scheme - Other  ETFs,2026-09-02,0.65,0.0,2026-09-03T15:06:40Z
MOTO/O/O/EET/25/04/0076,Motilal Oswal Nifty India Tourism ETF,Open Ended,Other Scheme - Other  ETFs,2026-09-01,1.06,0.0,2026-09-03T15:06:40Z
MOTO/O/O/EET/25/04/0076,Motilal Oswal Nifty India Tourism ETF,Open Ended,Other Scheme - Other  ETFs,2026-09-02,1.06,0.0,2026-09-03T15:06:40Z
MOTO/O/O/EET/26/07/0095,Motilal Oswal Nifty Metal ETF,Open Ended,Exchange Traded Funds (ETFs) - Equity ETF,2026-09-01,7.92,0.0,2026-09-03T15:06:40Z
MOTO/O/O/EET/26/07/0095,Motilal Oswal Nifty Metal ETF,Open Ended,Exchange Traded Funds (ETFs) - Equity ETF,2026-09-02,7.92,0.0,2026-09-03T15:06:40Z
MOTO/O/O/OIN/23/03/0041,Motilal Oswal Nifty Microcap 250 Index Fund,Open Ended,Other Scheme - Index Funds,2026-09-01,1.12,0.58,2026-09-03T15:06:40Z
MOTO/O/O/OIN/23/03/0041,Motilal Oswal Nifty Microcap 250 Index Fund,Open Ended,Other Scheme - Index Funds,2026-09-02,1.12,0.58,2026-09-03T15:06:40Z
MOTO/O/O/EET/10/12/0002,Motilal Oswal Nifty Midcap 100 ETF,Open Ended,Other Scheme - Other  ETFs,2026-09-01,0.28,0.0,2026-09-03T15:06:40Z
MOTO/O/O/EET/10/12/0002,Motilal Oswal Nifty Midcap 100 ETF,Open Ended,Other Scheme - Other  ETFs,2026-09-02,0.28,0.0,2026-09-03T15:06:40Z
MOTO/O/O/EIN/19/06/0016,Motilal Oswal Nifty Midcap 150 Index Fund,Open Ended,Other Scheme - Index Funds,2026-09-01,1.13,0.34,2026-09-03T15:06:40Z
MOTO/O/O/EIN/19/06/0016,Motilal Oswal Nifty Midcap 150 Index Fund,Open Ended,Other Scheme - Index Funds,2026-09-02,1.13,0.34,2026-09-03T15:06:40Z
MOTO/O/O/EET/25/04/0077,Motilal Oswal Nifty Midcap 150 Momentum 50 ETF,Open Ended,Other Scheme - Other  ETFs,2026-09-01,1.06,0.0,2026-09-03T15:06:40Z
MOTO/O/O/EET/25/04/0077,Motilal Oswal Nifty Midcap 150 Momentum 50 ETF,Open Ended,Other Scheme - Other  ETFs,2026-09-02,1.06,0.0,2026-09-03T15:06:40Z
MOTO/O/O /OIN/24/06/0058,Motilal Oswal Nifty MidSmall Financial Services Index Fund,Open Ended,Other Scheme - Index Funds,2026-09-01,1.23,0.82,2026-09-03T15:06:40Z
MOTO/O/O /OIN/24/06/0058,Motilal Oswal Nifty MidSmall Financial Services Index Fund,Open Ended,Other Scheme - Index Funds,2026-09-02,1.23,0.82,2026-09-03T15:06:40Z
MOTO/O/O /OIN/24/06/0059,Motilal Oswal Nifty MidSmall Healthcare Index Fund,Open Ended,Other Scheme - Index Funds,2026-09-01,1.21,0.79,2026-09-03T15:06:40Z
MOTO/O/O /OIN/24/06/0059,Motilal Oswal Nifty MidSmall Healthcare Index Fund,Open Ended,Other Scheme - Index Funds,2026-09-02,1.21,0.79,2026-09-03T15:06:40Z
MOTO/O/O /OIN/24/06/0060,Motilal Oswal Nifty MidSmall India Consumption Index Fund,Open Ended,Other Scheme - Index Funds,2026-09-01,1.13,0.72,2026-09-03T15:06:40Z
MOTO/O/O /OIN/24/06/0060,Motilal Oswal Nifty MidSmall India Consumption Index Fund,Open Ended,Other Scheme - Index Funds,2026-09-02,1.13,0.72,2026-09-03T15:06:40Z
MOTO/O/O /OIN/24/06/0061,Motilal Oswal Nifty MidSmall IT and Telecom Index Fund,Open Ended,Other Scheme - Index Funds,2026-09-01,1.33,0.92,2026-09-03T15:06:40Z
MOTO/O/O /OIN/24/06/0061,Motilal Oswal Nifty MidSmall IT and Telecom Index Fund,Open Ended,Other Scheme - Index Funds,2026-09-02,1.33,0.92,2026-09-03T15:06:40Z
MOTO/O/O/EET/25/09/0085,Motilal Oswal Nifty MNC ETF,Open Ended,Other Scheme - Other  ETFs,2026-09-01,0.59,0.0,2026-09-03T15:06:40Z
MOTO/O/O/EET/25/09/0085,Motilal Oswal Nifty MNC ETF,Open Ended,Other Scheme - Other  ETFs,2026-09-02,0.59,0.0,2026-09-03T15:06:40Z
MOTO/O/O/OET/25/04/0069,Motilal Oswal Nifty Next 50 ETF,Open Ended,Other Scheme - Other  ETFs,2026-09-01,0.94,0.0,2026-09-03T15:06:40Z
MOTO/O/O/OET/25/04/0069,Motilal Oswal Nifty Next 50 ETF,Open Ended,Other Scheme - Other  ETFs,2026-09-02,0.94,0.0,2026-09-03T15:06:40Z
MOTO/O/O/EIN/19/09/0019,Motilal Oswal Nifty Next 50 Index Fund,Open Ended,Other Scheme - Index Funds,2026-09-01,1.14,0.4,2026-09-03T15:06:40Z
MOTO/O/O/EIN/19/09/0019,Motilal Oswal Nifty Next 50 Index Fund,Open Ended,Other Scheme - Index Funds,2026-09-02,1.14,0.4,2026-09-03T15:06:40Z
MOTO/O/O/EET/26/07/0096,Motilal Oswal Nifty Oil & Gas ETF,Open Ended,Exchange Traded Funds (ETFs) - Equity ETF,2026-09-01,8.83,0.0,2026-09-03T15:06:40Z
MOTO/O/O/EET/26/07/0096,Motilal Oswal Nifty Oil & Gas ETF,Open Ended,Exchange Traded Funds (ETFs) - Equity ETF,2026-09-02,8.83,0.0,2026-09-03T15:06:40Z
MOTO/O/O/EET/25/04/0075,Motilal Oswal Nifty PSE ETF,Open Ended,Other Scheme - Other  ETFs,2026-09-01,0.69,0.0,2026-09-03T15:06:40Z
MOTO/O/O/EET/25/04/0075,Motilal Oswal Nifty PSE ETF,Open Ended,Other Scheme - Other  ETFs,2026-09-02,0.69,0.0,2026-09-03T15:06:40Z
MOTO/O/O/EET/24/01/0046,Motilal Oswal Nifty Realty ETF,Open Ended,Other Scheme - Other  ETFs,2026-09-01,0.88,0.0,2026-09-03T15:06:40Z
MOTO/O/O/EET/24/01/0046,Motilal Oswal Nifty Realty ETF,Open Ended,Other Scheme - Other  ETFs,2026-09-02,0.88,0.0,2026-09-03T15:06:40Z
MOTO/O/O/EET/25/09/0087,Motilal Oswal Nifty Services Sector ETF,Open Ended,Other Scheme - Other  ETFs,2026-09-01,0.61,0.0,2026-09-03T15:06:40Z
MOTO/O/O/EET/25/09/0087,Motilal Oswal Nifty Services Sector ETF,Open Ended,Other Scheme - Other  ETFs,2026-09-02,0.61,0.0,2026-09-03T15:06:40Z
MOTO/O/O/EET/24/02/0047,Motilal Oswal Nifty Smallcap 250 ETF,Open Ended,Other Scheme - Other  ETFs,2026-09-01,0.5,0.0,2026-09-03T15:06:40Z
MOTO/O/O/EET/24/02/0047,Motilal Oswal Nifty Smallcap 250 ETF,Open Ended,Other Scheme - Other  ETFs,2026-09-02,0.5,0.0,2026-09-03T15:06:40Z
MOTO/O/O/EIN/19/09/0017,Motilal Oswal Nifty Smallcap 250 Index Fund,Open Ended,Other Scheme - Index Funds,2026-09-01,1.11,0.39,2026-09-03T15:06:40Z
MOTO/O/O/EIN/19/09/0017,Motilal Oswal Nifty Smallcap 250 Index Fund,Open Ended,Other Scheme - Index Funds,2026-09-02,1.11,0.39,2026-09-03T15:06:40Z
MOTO/O/E/THE/24/05/0049,Motilal Oswal Quant Fund,Open Ended,Equity Scheme - Sectoral/ Thematic,2026-09-01,1.93,1.83,2026-09-03T15:06:40Z
MOTO/O/E/THE/24/05/0049,Motilal Oswal Quant Fund,Open Ended,Equity Scheme - Sectoral/ Thematic,2026-09-02,1.93,1.83,2026-09-03T15:06:40Z
MOTO/O/O/EIN/20/03/0020,Motilal Oswal S&P 500 Index Fund,Open Ended,Other Scheme - Index Funds,2026-09-01,1.06,0.62,2026-09-03T15:06:40Z
MOTO/O/O/EIN/20/03/0020,Motilal Oswal S&P 500 Index Fund,Open Ended,Other Scheme - Index Funds,2026-09-02,1.06,0.62,2026-09-03T15:06:40Z
MOTO/O/E/SEC/25/04/0074,Motilal Oswal Services Fund,Open Ended,Equity Scheme - Sectoral/ Thematic,2026-09-01,2.76,1.34,2026-09-03T15:06:40Z
MOTO/O/E/SEC/25/04/0074,Motilal Oswal Services Fund,Open Ended,Equity Scheme - Sectoral/ Thematic,2026-09-02,2.76,1.34,2026-09-03T15:06:40Z
MOTO/O/O/OET/25/07/0081,Motilal Oswal Silver ETF,Open Ended,Other Scheme - Other  ETFs,2026-09-01,0.59,0.0,2026-09-03T15:06:40Z
MOTO/O/O/OET/25/07/0081,Motilal Oswal Silver ETF,Open Ended,Other Scheme - Other  ETFs,2026-09-02,0.59,0.0,2026-09-03T15:06:40Z
MOTO/O/E/SCF/23/10/0044,Motilal Oswal Small Cap Fund,Open Ended,Equity Scheme - Small Cap Fund,2026-09-01,1.99,0.86,2026-09-03T15:06:40Z
MOTO/O/E/SCF/23/10/0044,Motilal Oswal Small Cap Fund,Open Ended,Equity Scheme - Small Cap Fund,2026-09-02,1.99,0.86,2026-09-03T15:06:40Z
MOTO/O/E/THE/24/02/0079,Motilal Oswal Special Opportunities Fund,Open Ended,Equity Scheme - Sectoral/ Thematic,2026-09-01,3.05,2.93,2026-09-03T15:06:40Z
MOTO/O/E/THE/24/02/0079,Motilal Oswal Special Opportunities Fund,Open Ended,Equity Scheme - Sectoral/ Thematic,2026-09-02,3.05,2.93,2026-09-03T15:06:40Z
MOTO/O/D/USD/13/08/0005,Motilal Oswal Ultra Short Term Fund,Open Ended,Debt Scheme - Ultra Short Duration Fund,2026-09-01,1.17,0.25,2026-09-03T15:06:40Z
MOTO/O/D/USD/13/08/0005,Motilal Oswal Ultra Short Term Fund,Open Ended,Debt Scheme - Ultra Short Duration Fund,2026-09-02,1.17,0.25,2026-09-03T15:06:40Z
NAVI/O/H /BHF/18/03/0008,Navi Aggressive Hybrid Fund,Open Ended,Hybrid Scheme - Aggressive Hybrid Fund,2026-09-01,2.6,0.71,2026-09-03T15:06:40Z
NAVI/O/H /BHF/18/03/0008,Navi Aggressive Hybrid Fund,Open Ended,Hybrid Scheme - Aggressive Hybrid Fund,2026-09-02,2.6,0.71,2026-09-03T15:06:40Z
NAVI/O/E/EIN/23/07/0023,Navi BSE Sensex Index Fund,Open Ended,Other Scheme - Index Funds,2026-09-01,1.1,0.5,2026-09-03T15:06:40Z
NAVI/O/E/EIN/23/07/0023,Navi BSE Sensex Index Fund,Open Ended,Other Scheme - Index Funds,2026-09-02,1.1,0.5,2026-09-03T15:06:40Z
NAVI/O/E/ELS/23/02/0020,Navi ELSS Tax Saver Nifty 50 Index Fund,Open Ended,Equity Scheme - ELSS,2026-09-01,1.07,0.24,2026-09-03T15:06:40Z
NAVI/O/E/ELS/23/02/0020,Navi ELSS Tax Saver Nifty 50 Index Fund,Open Ended,Equity Scheme - ELSS,2026-09-02,1.07,0.24,2026-09-03T15:06:40Z
NAVI/O/E /FCF/18/05/0009,Navi Flexi Cap Fund,Open Ended,Equity Scheme - Flexi Cap Fund,2026-09-01,2.59,0.72,2026-09-03T15:06:40Z
NAVI/O/E /FCF/18/05/0009,Navi Flexi Cap Fund,Open Ended,Equity Scheme - Flexi Cap Fund,2026-09-02,2.59,0.72,2026-09-03T15:06:40Z
NAVI/O/E /LMF/15/07/0006,Navi Large & Midcap Fund,Open Ended,Equity Scheme - Large & Mid Cap Fund,2026-09-01,2.55,0.67,2026-09-03T15:06:40Z
NAVI/O/E /LMF/15/07/0006,Navi Large & Midcap Fund,Open Ended,Equity Scheme - Large & Mid Cap Fund,2026-09-02,2.55,0.67,2026-09-03T15:06:40Z
NAVI/O/D /LIF/10/02/0001,Navi Liquid Fund,Open Ended,Debt Scheme - Liquid Fund,2026-09-01,0.32,0.26,2026-09-03T15:06:40Z
NAVI/O/D /LIF/10/02/0001,Navi Liquid Fund,Open Ended,Debt Scheme - Liquid Fund,2026-09-02,0.32,0.26,2026-09-03T15:06:40Z
NAVI/O/O /FOO/21/12/0014,Navi Nasdaq100 US Specific Equity Passive FOF,Open Ended,Other Scheme - FoF Overseas,2026-09-01,0.35,0.26,2026-09-03T15:06:40Z
NAVI/O/O /FOO/21/12/0014,Navi Nasdaq100 US Specific Equity Passive FOF,Open Ended,Other Scheme - FoF Overseas,2026-09-02,0.35,0.26,2026-09-03T15:06:40Z
NAVI/O/O /EIN/21/06/0010,Navi Nifty 50 Index Fund,Open Ended,Other Scheme - Index Funds,2026-09-01,0.34,0.1,2026-09-03T15:06:40Z
NAVI/O/O /EIN/21/06/0010,Navi Nifty 50 Index Fund,Open Ended,Other Scheme - Index Funds,2026-09-02,0.34,0.1,2026-09-03T15:06:40Z
NAVI/O/O/EIN/24/06/0025,Navi Nifty 500 Multicap 50:25:25 Index Fund,Open Ended,Other Scheme - Index Funds,2026-09-01,1.11,0.46,2026-09-03T15:06:40Z
NAVI/O/O/EIN/24/06/0025,Navi Nifty 500 Multicap 50:25:25 Index Fund,Open Ended,Other Scheme - Index Funds,2026-09-02,1.11,0.46,2026-09-03T15:06:40Z
NAVI/O/O /EIN/21/12/0015,Navi Nifty Bank Index Fund,Open Ended,Other Scheme - Index Funds,2026-09-01,1.11,0.23,2026-09-03T15:06:40Z
NAVI/O/O /EIN/21/12/0015,Navi Nifty Bank Index Fund,Open Ended,Other Scheme - Index Funds,2026-09-02,1.11,0.23,2026-09-03T15:06:40Z
NAVI/O/O/EIN/22/03/0016,Navi Nifty India Manufacturing Index Fund,Open Ended,Other Scheme - Index Funds,2026-09-01,1.15,0.56,2026-09-03T15:06:40Z
NAVI/O/O/EIN/22/03/0016,Navi Nifty India Manufacturing Index Fund,Open Ended,Other Scheme - Index Funds,2026-09-02,1.15,0.56,2026-09-03T15:06:40Z
NAVI/O/O/EIN/23/10/0024,Navi Nifty IT Index Fund,Open Ended,Other Scheme - Index Funds,2026-09-01,1.22,0.57,2026-09-03T15:06:40Z
NAVI/O/O/EIN/23/10/0024,Navi Nifty IT Index Fund,Open Ended,Other Scheme - Index Funds,2026-09-02,1.22,0.57,2026-09-03T15:06:40Z
NAVI/O/O /EIN/21/12/0012,Navi Nifty Midcap 150 Index fund,Open Ended,Other Scheme - Index Funds,2026-09-01,1.1,0.33,2026-09-03T15:06:40Z
NAVI/O/O /EIN/21/12/0012,Navi Nifty Midcap 150 Index fund,Open Ended,Other Scheme - Index Funds,2026-09-02,1.1,0.33,2026-09-03T15:06:40Z
NAVI/O/O/EIN/25/10/0027,Navi Nifty Midsmallcap 400 Index Fund,Open Ended,Other Scheme - Index Funds,2026-09-01,1.37,0.49,2026-09-03T15:06:40Z
NAVI/O/O/EIN/25/10/0027,Navi Nifty Midsmallcap 400 Index Fund,Open Ended,Other Scheme - Index Funds,2026-09-02,1.37,0.49,2026-09-03T15:06:40Z
NAVI/O/O /EIN/21/12/0011,Navi Nifty Next 50 Index Fund,Open Ended,Other Scheme - Index Funds,2026-09-01,1.13,0.25,2026-09-03T15:06:40Z
NAVI/O/O /EIN/21/12/0011,Navi Nifty Next 50 Index Fund,Open Ended,Other Scheme - Index Funds,2026-09-02,1.13,0.25,2026-09-03T15:06:40Z
NAVI/O/O/EIN/24/10/0026,Navi Nifty Smallcap250 Momentum Quality 100 Index Fund,Open Ended,Other Scheme - Index Funds,2026-09-01,1.5,0.85,2026-09-03T15:06:40Z
NAVI/O/O/EIN/24/10/0026,Navi Nifty Smallcap250 Momentum Quality 100 Index Fund,Open Ended,Other Scheme - Index Funds,2026-09-02,1.5,0.85,2026-09-03T15:06:40Z
NAVI/O/O /FOO/21/12/0013,Navi Total Stock Market US Specific Equity Passive FoF,Open Ended,Other Scheme - FoF Overseas,2026-09-01,0.07,0.07,2026-09-03T15:06:40Z
NAVI/O/O /FOO/21/12/0013,Navi Total Stock Market US Specific Equity Passive FoF,Open Ended,Other Scheme - FoF Overseas,2026-09-02,0.07,0.07,2026-09-03T15:06:40Z
NIMF/O/H/MAA/20/01/0106,Nippon India Multi Asset Allocation Fund,Open Ended,Hybrid Scheme - Multi Asset Allocation,2026-09-01,1.32,0.35,2026-09-03T15:06:40Z
NIMF/O/E/THE/15/01/0056,Nippon India US Equity Opportunities Fund,Open Ended,Equity Schemes - Thematic Fund,2026-09-01,2.35,1.27,2026-09-03T15:06:40Z
NJMF/O/H/ARB/22/02/0003,NJ Arbitrage Fund,Open Ended,Hybrid Schemes - Arbitrage Fund,2026-09-01,1.66,1.07,2026-09-03T15:06:40Z
NJMF/O/H/ARB/22/02/0003,NJ Arbitrage Fund,Open Ended,Hybrid Schemes - Arbitrage Fund,2026-09-02,1.66,1.07,2026-09-03T15:06:40Z
NJMF/O/H/BAF/21/08/0001,NJ Balanced Advantage Fund,Open Ended,Hybrid Schemes - Balanced Advantage Fund/ Dynamic Asset Allocation,2026-09-01,2.41,1.13,2026-09-03T15:06:40Z
NJMF/O/H/BAF/21/08/0001,NJ Balanced Advantage Fund,Open Ended,Hybrid Schemes - Balanced Advantage Fund/ Dynamic Asset Allocation,2026-09-02,2.41,1.13,2026-09-03T15:06:40Z
NJMF/O/E/ELS/22/09/0004,NJ ELSS Tax Saver Fund,Open Ended,Equity Schemes - ELSS- Tax Saver Fund,2026-09-01,2.55,0.79,2026-09-03T15:06:40Z
NJMF/O/E/ELS/22/09/0004,NJ ELSS Tax Saver Fund,Open Ended,Equity Schemes - ELSS- Tax Saver Fund,2026-09-02,2.55,0.79,2026-09-03T15:06:40Z
NJMF/O/E/FCF/23/02/0005,NJ Flexi Cap Fund,Open Ended,Equity Schemes - Flexi Cap Fund,2026-09-01,2.25,0.86,2026-09-03T15:06:40Z
NJMF/O/E/FCF/23/02/0005,NJ Flexi Cap Fund,Open Ended,Equity Schemes - Flexi Cap Fund,2026-09-02,2.26,0.87,2026-09-03T15:06:40Z
NJMF/O/E/THE/26/05/0006,NJ Momentum Fund,Open Ended,Equity Schemes - Thematic Fund,2026-09-01,4.36,2.57,2026-09-03T15:06:40Z
NJMF/O/E/THE/26/05/0006,NJ Momentum Fund,Open Ended,Equity Schemes - Thematic Fund,2026-09-02,4.36,2.57,2026-09-03T15:06:40Z
NJMF/O/D/ONF/22/01/0002,NJ Overnight Fund,Open Ended,Income/Debt Oriented Schemes - Overnight Fund,2026-09-01,0.17,0.08,2026-09-03T15:06:40Z
NJMF/O/D/ONF/22/01/0002,NJ Overnight Fund,Open Ended,Income/Debt Oriented Schemes - Overnight Fund,2026-09-02,0.17,0.08,2026-09-03T15:06:40Z
NJMF/O/E/VAF/26/05/0007,NJ Value Fund,Open Ended,Equity Schemes - Value Fund,2026-09-01,4.18,2.39,2026-09-03T15:06:40Z
NJMF/O/E/VAF/26/05/0007,NJ Value Fund,Open Ended,Equity Schemes - Value Fund,2026-09-02,4.18,2.39,2026-09-03T15:06:40Z
OLDB/O/H/ARB/25/10/0002,Old Bridge Arbitrage Fund,Open Ended,Hybrid Scheme - Arbitrage Fund,2026-09-01,2.04,1.19,2026-09-03T15:06:40Z
OLDB/O/H/ARB/25/10/0002,Old Bridge Arbitrage Fund,Open Ended,Hybrid Scheme - Arbitrage Fund,2026-09-02,2.04,1.19,2026-09-03T15:06:40Z
OLDB/O/E/FCF/25/11/0003,Old Bridge Flexi Cap Fund,Open Ended,Equity Scheme - Flexi Cap Fund,2026-09-01,3.12,1.63,2026-09-03T15:06:40Z
OLDB/O/E/FCF/25/11/0003,Old Bridge Flexi Cap Fund,Open Ended,Equity Scheme - Flexi Cap Fund,2026-09-02,3.12,1.63,2026-09-03T15:06:40Z
OLDB/O/E/MCF/23/11/0001,Old Bridge Focused Fund,Open Ended,Equity Scheme - Focused Fund,2026-09-01,2.11,1.06,2026-09-03T15:06:40Z
OLDB/O/E/MCF/23/11/0001,Old Bridge Focused Fund,Open Ended,Equity Scheme - Focused Fund,2026-09-02,2.11,1.06,2026-09-03T15:06:40Z
PPFA/O/H/ARB/23/09/0005,Parag Parikh Arbitrage Fund,Open Ended,Hybrid Scheme - Arbitrage Fund,2026-09-01,1.39,0.99,2026-09-03T15:06:40Z
PPFA/O/H/ARB/23/09/0005,Parag Parikh Arbitrage Fund,Open Ended,Hybrid Scheme - Arbitrage Fund,2026-09-02,1.39,0.99,2026-09-03T15:06:40Z
PPFA/O/H/CHF/21/04/0004,Parag Parikh Conservative Hybrid Fund,Open Ended,Hybrid Scheme - Conservative Hybrid Fund,2026-09-01,0.67,0.32,2026-09-03T15:06:40Z
PPFA/O/H/CHF/21/04/0004,Parag Parikh Conservative Hybrid Fund,Open Ended,Hybrid Scheme - Conservative Hybrid Fund,2026-09-02,0.67,0.32,2026-09-03T15:06:40Z
PPFA/O/H/DAA/24/01/0006,Parag Parikh Dynamic Asset Allocation Fund,Open Ended,Hybrid Scheme - Dynamic Asset Allocation or Balanced Advantage,2026-09-01,0.76,0.41,2026-09-03T15:06:40Z
PPFA/O/H/DAA/24/01/0006,Parag Parikh Dynamic Asset Allocation Fund,Open Ended,Hybrid Scheme - Dynamic Asset Allocation or Balanced Advantage,2026-09-02,0.76,0.41,2026-09-03T15:06:40Z
PPFA/O/E/ELS/19/02/0003,Parag Parikh ELSS Tax Saver Fund,Open Ended,Equity Scheme - ELSS,2026-09-01,1.83,0.65,2026-09-03T15:06:40Z
PPFA/O/E/ELS/19/02/0003,Parag Parikh ELSS Tax Saver Fund,Open Ended,Equity Scheme - ELSS,2026-09-02,1.83,0.65,2026-09-03T15:06:40Z
PPFA/O/E/FCF/13/04/0001,Parag Parikh Flexi Cap Fund,Open Ended,Equity Scheme - Flexi Cap Fund,2026-09-01,1.3,0.69,2026-09-03T15:06:40Z
PPFA/O/E/FCF/13/04/0001,Parag Parikh Flexi Cap Fund,Open Ended,Equity Scheme - Flexi Cap Fund,2026-09-02,1.3,0.69,2026-09-03T15:06:40Z
PPFA/O/E/LCF/25/11/0007,Parag Parikh Large Cap Fund,Open Ended,Equity Scheme - Large Cap Fund,2026-09-01,0.73,0.33,2026-09-03T15:06:40Z
PPFA/O/E/LCF/25/11/0007,Parag Parikh Large Cap Fund,Open Ended,Equity Scheme - Large Cap Fund,2026-09-02,0.73,0.33,2026-09-03T15:06:40Z
PPFA/O/D/LIF/18/04/0002,Parag Parikh Liquid Fund,Open Ended,Debt Scheme - Liquid Fund,2026-09-01,0.21,0.11,2026-09-03T15:06:40Z
PPFA/O/D/LIF/18/04/0002,Parag Parikh Liquid Fund,Open Ended,Debt Scheme - Liquid Fund,2026-09-02,0.21,0.11,2026-09-03T15:06:40Z
PGIM/O/H/AHF/04/01/0006,PGIM India Aggressive Hybrid Equity Fund,Open Ended,Hybrid Scheme - Aggressive Hybrid Fund,2026-09-01,2.56,1.08,2026-09-03T15:06:40Z
PGIM/O/H/AHF/04/01/0006,PGIM India Aggressive Hybrid Equity Fund,Open Ended,Hybrid Scheme - Aggressive Hybrid Fund,2026-09-02,2.56,1.08,2026-09-03T15:06:40Z
PGIM/O/H/ARB/14/06/0016,PGIM India Arbitrage Fund,Open Ended,Hybrid Scheme - Arbitrage Fund,2026-09-01,1.94,1.26,2026-09-03T15:06:40Z
PGIM/O/H/ARB/14/06/0016,PGIM India Arbitrage Fund,Open Ended,Hybrid Scheme - Arbitrage Fund,2026-09-02,1.94,1.26,2026-09-03T15:06:40Z
PGIM/O/H/BAF/20/09/0022,PGIM India Balanced Advantage Fund,Open Ended,Hybrid Scheme - Dynamic Asset Allocation or Balanced Advantage,2026-09-01,2.5,0.91,2026-09-03T15:06:40Z
PGIM/O/H/BAF/20/09/0022,PGIM India Balanced Advantage Fund,Open Ended,Hybrid Scheme - Dynamic Asset Allocation or Balanced Advantage,2026-09-02,2.51,0.92,2026-09-03T15:06:40Z
PGIM/O/D/CBF/02/12/0002,PGIM India Corporate Bond Fund,Open Ended,Debt Scheme - Corporate Bond Fund,2026-09-01,0.96,0.37,2026-09-03T15:06:40Z
PGIM/O/D/CBF/02/12/0002,PGIM India Corporate Bond Fund,Open Ended,Debt Scheme - Corporate Bond Fund,2026-09-02,0.96,0.37,2026-09-03T15:06:40Z
PGIM/O/O/DIN/23/01/0025,PGIM India CRISIL IBX Gilt Index - Apr 2028 Fund,Open Ended,Other Scheme - Index Funds,2026-09-01,0.6,0.46,2026-09-03T15:06:40Z
PGIM/O/O/DIN/23/01/0025,PGIM India CRISIL IBX Gilt Index - Apr 2028 Fund,Open Ended,Other Scheme - Index Funds,2026-09-02,0.6,0.46,2026-09-03T15:06:40Z
PGIM/O/D/DBF/11/10/0012,PGIM India Dynamic Term Fund,Open Ended,Income/Debt Oriented Schemes - Dynamic Term Fund,2026-09-01,1.68,0.49,2026-09-03T15:06:40Z
PGIM/O/D/DBF/11/10/0012,PGIM India Dynamic Term Fund,Open Ended,Income/Debt Oriented Schemes - Dynamic Term Fund,2026-09-02,1.68,0.49,2026-09-03T15:06:40Z
PGIM/O/E/ELS/15/05/0017,PGIM India ELSS Tax Saver Fund,Open Ended,Equity Scheme - ELSS,2026-09-01,2.61,1.09,2026-09-03T15:06:40Z
PGIM/O/E/ELS/15/05/0017,PGIM India ELSS Tax Saver Fund,Open Ended,Equity Scheme - ELSS,2026-09-02,2.61,1.09,2026-09-03T15:06:40Z
PGIM/O/O/FOO/07/07/0009,PGIM India Emerging Markets Equity Fund of Fund,Open Ended,Other Scheme - FoF Overseas,2026-09-01,1.59,0.54,2026-09-03T15:06:40Z
PGIM/O/O/FOO/07/07/0009,PGIM India Emerging Markets Equity Fund of Fund,Open Ended,Other Scheme - FoF Overseas,2026-09-02,1.59,0.54,2026-09-03T15:06:40Z
PGIM/O/H/ESF/04/01/0007,PGIM India Equity Savings Fund,Open Ended,Hybrid Scheme - Equity Savings,2026-09-01,1.77,1.09,2026-09-03T15:06:40Z
PGIM/O/H/ESF/04/01/0007,PGIM India Equity Savings Fund,Open Ended,Hybrid Scheme - Equity Savings,2026-09-02,1.77,1.09,2026-09-03T15:06:40Z
PGIM/O/E/FCF/13/12/0015,PGIM India Flexi cap fund,Open Ended,Equity Scheme - Flexi Cap Fund,2026-09-01,2.11,0.83,2026-09-03T15:06:40Z
PGIM/O/E/FCF/13/12/0015,PGIM India Flexi cap fund,Open Ended,Equity Scheme - Flexi Cap Fund,2026-09-02,2.12,0.84,2026-09-03T15:06:40Z
PGIM/O/D/GIL/08/09/0010,PGIM India Gilt Fund,Open Ended,Debt Scheme - Gilt Fund,2026-09-01,1.41,0.52,2026-09-03T15:06:40Z
PGIM/O/D/GIL/08/09/0010,PGIM India Gilt Fund,Open Ended,Debt Scheme - Gilt Fund,2026-09-02,1.41,0.52,2026-09-03T15:06:40Z
PGIM/O/O/FOO/10/02/0011,PGIM India Global Equity Opportunities Fund of Fund,Open Ended,Other Scheme - FoF Overseas,2026-09-01,1.49,0.56,2026-09-03T15:06:40Z
PGIM/O/O/FOO/10/02/0011,PGIM India Global Equity Opportunities Fund of Fund,Open Ended,Other Scheme - FoF Overseas,2026-09-02,1.49,0.56,2026-09-03T15:06:40Z
PGIM/O/O/FOO/21/09/0024,PGIM India Global Select Real Estate Securities Fund of Fund,Open Ended,Other Scheme - FoF Overseas,2026-09-01,1.61,0.78,2026-09-03T15:06:40Z
PGIM/O/O/FOO/21/09/0024,PGIM India Global Select Real Estate Securities Fund of Fund,Open Ended,Other Scheme - FoF Overseas,2026-09-02,1.61,0.78,2026-09-03T15:06:40Z
PGIM/O/E/SEC/24/07/0029,PGIM India Healthcare Fund,Open Ended,Equity Schemes - Thematic Fund,2026-09-01,2.61,0.96,2026-09-03T15:06:40Z
PGIM/O/E/SEC/24/07/0029,PGIM India Healthcare Fund,Open Ended,Equity Schemes - Thematic Fund,2026-09-02,2.61,0.96,2026-09-03T15:06:40Z
PGIM/O/E/LMF/23/07/0026,PGIM India Large and Midcap Fund,Open Ended,Equity Scheme - Large & Mid Cap Fund,2026-09-01,2.5,0.86,2026-09-03T15:06:40Z
PGIM/O/E/LMF/23/07/0026,PGIM India Large and Midcap Fund,Open Ended,Equity Scheme - Large & Mid Cap Fund,2026-09-02,2.51,0.87,2026-09-03T15:06:40Z
PGIM/O/E/LCF/02/12/0003,PGIM India Large Cap Fund,Open Ended,Equity Scheme - Large Cap Fund,2026-09-01,2.61,1.08,2026-09-03T15:06:40Z
PGIM/O/E/LCF/02/12/0003,PGIM India Large Cap Fund,Open Ended,Equity Scheme - Large Cap Fund,2026-09-02,2.61,1.08,2026-09-03T15:06:40Z
PGIM/O/D/LIF/02/12/0001,PGIM India Liquid Fund,Open Ended,Debt Scheme - Liquid Fund,2026-09-01,0.22,0.11,2026-09-03T15:06:40Z
PGIM/O/D/LIF/02/12/0001,PGIM India Liquid Fund,Open Ended,Debt Scheme - Liquid Fund,2026-09-02,0.22,0.11,2026-09-03T15:06:40Z
PGIM/O/E/MIF/13/08/0014,PGIM India Midcap Fund,Open Ended,Equity Scheme - Mid Cap Fund,2026-09-01,1.92,0.74,2026-09-03T15:06:40Z
PGIM/O/E/MIF/13/08/0014,PGIM India Midcap Fund,Open Ended,Equity Scheme - Mid Cap Fund,2026-09-02,1.92,0.74,2026-09-03T15:06:40Z
PGIM/O/D/MMF/19/12/0021,PGIM India Money Market Fund,Open Ended,Debt Scheme - Money Market Fund,2026-09-01,0.38,0.16,2026-09-03T15:06:40Z
PGIM/O/D/MMF/19/12/0021,PGIM India Money Market Fund,Open Ended,Debt Scheme - Money Market Fund,2026-09-02,0.38,0.16,2026-09-03T15:06:40Z
PGIM/O/H/MAA/25/08/0030,PGIM India Multi Asset Allocation Fund,Open Ended,Hybrid Scheme - Multi Asset Allocation,2026-09-01,2.54,0.83,2026-09-03T15:06:40Z
PGIM/O/H/MAA/25/08/0030,PGIM India Multi Asset Allocation Fund,Open Ended,Hybrid Scheme - Multi Asset Allocation,2026-09-02,2.54,0.83,2026-09-03T15:06:40Z
PGIM/O/E/MCF/24/07/0028,PGIM India Multi Cap Fund,Open Ended,Equity Scheme - Multi Cap Fund,2026-09-01,2.55,0.84,2026-09-03T15:06:40Z
PGIM/O/E/MCF/24/07/0028,PGIM India Multi Cap Fund,Open Ended,Equity Scheme - Multi Cap Fund,2026-09-02,2.55,0.84,2026-09-03T15:06:40Z
PGIM/O/D/ONF/19/02/0020,PGIM India Overnight Fund,Open Ended,Debt Scheme - Overnight Fund,2026-09-01,0.2,0.18,2026-09-03T15:06:40Z
PGIM/O/D/ONF/19/02/0020,PGIM India Overnight Fund,Open Ended,Debt Scheme - Overnight Fund,2026-09-02,0.2,0.18,2026-09-03T15:06:40Z
PGIM/O/S/RET/23/09/0027,PGIM India Retirement Fund,Open Ended,Solution Oriented Scheme - Retirement Fund,2026-09-01,2.62,1.15,2026-09-03T15:06:40Z
PGIM/O/S/RET/23/09/0027,PGIM India Retirement Fund,Open Ended,Solution Oriented Scheme - Retirement Fund,2026-09-02,2.62,1.15,2026-09-03T15:06:40Z
PGIM/O/E/SCF/21/06/0023,PGIM India Small Cap Fund,Open Ended,Equity Scheme - Small Cap Fund,2026-09-01,2.37,0.93,2026-09-03T15:06:40Z
PGIM/O/E/SCF/21/06/0023,PGIM India Small Cap Fund,Open Ended,Equity Scheme - Small Cap Fund,2026-09-02,2.37,0.93,2026-09-03T15:06:40Z
PGIM/O/D/USD/03/07/0005,PGIM India Ultra Short Term Fund,Open Ended,Income/Debt Oriented Schemes - Ultra Short Term Fund,2026-09-01,0.92,0.34,2026-09-03T15:06:40Z
PGIM/O/D/USD/03/07/0005,PGIM India Ultra Short Term Fund,Open Ended,Income/Debt Oriented Schemes - Ultra Short Term Fund,2026-09-02,0.92,0.34,2026-09-03T15:06:40Z
QNTM/O/H/AHF/01/02/0005,Quant Aggressive Hybrid Fund,Open Ended,Hybrid Scheme - Aggressive Hybrid Fund,2026-09-01,2.72,1.44,2026-09-03T15:06:40Z
QNTM/O/H/AHF/01/02/0005,Quant Aggressive Hybrid Fund,Open Ended,Hybrid Scheme - Aggressive Hybrid Fund,2026-09-02,2.72,1.44,2026-09-03T15:06:40Z
QNTM/O/H/ARB/25/02/0028,quant Arbitrage Fund,Open Ended,Hybrid Scheme - Arbitrage Fund,2026-09-01,2.28,1.63,2026-09-03T15:06:40Z
QNTM/O/H/ARB/25/02/0028,quant Arbitrage Fund,Open Ended,Hybrid Scheme - Arbitrage Fund,2026-09-02,2.28,1.63,2026-09-03T15:06:40Z
QNTM/O/E/THE/23/03/0020,quant BFSI Fund,Open Ended,Equity Scheme - Sectoral/ Thematic,2026-09-01,3.49,1.93,2026-09-03T15:06:40Z
QNTM/O/E/THE/23/03/0020,quant BFSI Fund,Open Ended,Equity Scheme - Sectoral/ Thematic,2026-09-02,3.49,1.93,2026-09-03T15:06:40Z
QNTM/O/E/THE/23/03/0019,quant Business Cycle Fund,Open Ended,Equity Scheme - Sectoral/ Thematic,2026-09-01,2.99,1.44,2026-09-03T15:06:40Z
QNTM/O/E/THE/23/03/0019,quant Business Cycle Fund,Open Ended,Equity Scheme - Sectoral/ Thematic,2026-09-02,2.99,1.44,2026-09-03T15:06:40Z
QNTM/O/E/THE/23/11/0025,quant Commodities Fund,Open Ended,Equity Scheme - Sectoral/ Thematic,2026-09-01,3.26,1.78,2026-09-03T15:06:40Z
QNTM/O/E/THE/23/11/0025,quant Commodities Fund,Open Ended,Equity Scheme - Sectoral/ Thematic,2026-09-02,3.26,1.78,2026-09-03T15:06:40Z
QNTM/O/E/THE/23/11/0026,quant Consumption Fund,Open Ended,Equity Scheme - Sectoral/ Thematic,2026-09-01,3.23,1.73,2026-09-03T15:06:40Z
QNTM/O/E/THE/23/11/0026,quant Consumption Fund,Open Ended,Equity Scheme - Sectoral/ Thematic,2026-09-02,3.23,1.73,2026-09-03T15:06:40Z
QNTM/O/E/DAA/23/02/0018,quant Dynamic Asset Allocation Fund,Open Ended,Hybrid Scheme - Dynamic Asset Allocation or Balanced Advantage,2026-09-01,3.03,1.56,2026-09-03T15:06:40Z
QNTM/O/E/DAA/23/02/0018,quant Dynamic Asset Allocation Fund,Open Ended,Hybrid Scheme - Dynamic Asset Allocation or Balanced Advantage,2026-09-02,3.03,1.56,2026-09-03T15:06:40Z
QNTM/O/E/ELS/00/03/0002,Quant ELSS Tax Saver Fund,Open Ended,Equity Scheme - ELSS,2026-09-01,2.14,1.21,2026-09-03T15:06:40Z
QNTM/O/E/ELS/00/03/0002,Quant ELSS Tax Saver Fund,Open Ended,Equity Scheme - ELSS,2026-09-02,2.14,1.21,2026-09-03T15:06:40Z
QNTM/O/H/ESF/25/06/0029,quant Equity Savings Fund,Open Ended,Hybrid Scheme - Equity Savings,2026-09-01,3.73,1.99,2026-09-03T15:06:40Z
QNTM/O/H/ESF/25/06/0029,quant Equity Savings Fund,Open Ended,Hybrid Scheme - Equity Savings,2026-09-02,3.73,1.99,2026-09-03T15:06:40Z
QNTM/O/E/THE/20/09/0012,quant ESG Integration Strategy Fund,Open Ended,Equity Scheme - Sectoral/ Thematic,2026-09-01,3.38,1.84,2026-09-03T15:06:40Z
QNTM/O/E/THE/20/09/0012,quant ESG Integration Strategy Fund,Open Ended,Equity Scheme - Sectoral/ Thematic,2026-09-02,3.38,1.84,2026-09-03T15:06:40Z
QNTM/O/E/FCF/08/08/0011,Quant Flexi Cap Fund,Open Ended,Equity Scheme - Flexi Cap Fund,2026-09-01,2.21,1.07,2026-09-03T15:06:40Z
QNTM/O/E/FCF/08/08/0011,Quant Flexi Cap Fund,Open Ended,Equity Scheme - Flexi Cap Fund,2026-09-02,2.21,1.07,2026-09-03T15:06:40Z
QNTM/O/E/FOC/08/07/0010,Quant Focused Fund,Open Ended,Equity Scheme - Focused Fund,2026-09-01,3.46,1.98,2026-09-03T15:06:40Z
QNTM/O/E/FOC/08/07/0010,Quant Focused Fund,Open Ended,Equity Scheme - Focused Fund,2026-09-02,3.46,1.98,2026-09-03T15:06:40Z
QNTM/O/D/GIL/22/11/0017,quant Gilt Fund,Open Ended,Debt Scheme - Gilt Fund,2026-09-01,1.59,0.42,2026-09-03T15:06:40Z
QNTM/O/D/GIL/22/11/0017,quant Gilt Fund,Open Ended,Debt Scheme - Gilt Fund,2026-09-02,1.59,0.42,2026-09-03T15:06:40Z
QNTM/O/E/THE/23/04/0021,quant Healthcare Fund,Open Ended,Equity Scheme - Sectoral/ Thematic,2026-09-01,3.13,1.51,2026-09-03T15:06:40Z
QNTM/O/E/THE/23/04/0021,quant Healthcare Fund,Open Ended,Equity Scheme - Sectoral/ Thematic,2026-09-02,3.13,1.51,2026-09-03T15:06:40Z
QNTM/O/E/THE/07/07/0009,Quant Infrastructure Fund,Open Ended,Equity Scheme - Sectoral/ Thematic,2026-09-01,2.25,1.05,2026-09-03T15:06:40Z
QNTM/O/E/THE/07/07/0009,Quant Infrastructure Fund,Open Ended,Equity Scheme - Sectoral/ Thematic,2026-09-02,2.25,1.05,2026-09-03T15:06:40Z
QNTM/O/E/LMF/06/11/0008,Quant Large & Mid Cap Fund,Open Ended,Equity Scheme - Large & Mid Cap Fund,2026-09-01,2.44,1.23,2026-09-03T15:06:40Z
QNTM/O/E/LMF/06/11/0008,Quant Large & Mid Cap Fund,Open Ended,Equity Scheme - Large & Mid Cap Fund,2026-09-02,2.44,1.23,2026-09-03T15:06:40Z
QNTM/O/E/LCF/22/05/0015,quant Large Cap Fund,Open Ended,Equity Scheme - Large Cap Fund,2026-09-01,2.93,1.53,2026-09-03T15:06:40Z
QNTM/O/E/LCF/22/05/0015,quant Large Cap Fund,Open Ended,Equity Scheme - Large Cap Fund,2026-09-02,2.93,1.53,2026-09-03T15:06:40Z
QNTM/O/D/LIF/05/09/0007,Quant Liquid Fund,Open Ended,Debt Scheme - Liquid Fund,2026-09-01,0.59,0.31,2026-09-03T15:06:40Z
QNTM/O/D/LIF/05/09/0007,Quant Liquid Fund,Open Ended,Debt Scheme - Liquid Fund,2026-09-02,0.59,0.31,2026-09-03T15:06:40Z
QNTM/O/E/THE/23/04/0022,quant Manufacturing Fund,Open Ended,Equity Scheme - Sectoral/ Thematic,2026-09-01,2.89,1.45,2026-09-03T15:06:40Z
QNTM/O/E/THE/23/04/0022,quant Manufacturing Fund,Open Ended,Equity Scheme - Sectoral/ Thematic,2026-09-02,2.89,1.45,2026-09-03T15:06:40Z
QNTM/O/E/MIF/01/02/0003,Quant Mid Cap Fund,Open Ended,Equity Scheme - Mid Cap Fund,2026-09-01,2.21,1.18,2026-09-03T15:06:40Z
QNTM/O/E/MIF/01/02/0003,Quant Mid Cap Fund,Open Ended,Equity Scheme - Mid Cap Fund,2026-09-02,2.21,1.18,2026-09-03T15:06:40Z
QNTM/O/E/THE/23/09/0024,quant Momentum Fund,Open Ended,Equity Scheme - Sectoral/ Thematic,2026-09-01,3.05,1.87,2026-09-03T15:06:40Z
QNTM/O/E/THE/23/09/0024,quant Momentum Fund,Open Ended,Equity Scheme - Sectoral/ Thematic,2026-09-02,3.05,1.87,2026-09-03T15:06:40Z
QNTM/O/H/MAA/01/02/0006,Quant Multi Asset Allocation Fund,Open Ended,Hybrid Scheme - Multi Asset Allocation,2026-09-01,2.33,1.19,2026-09-03T15:06:40Z
QNTM/O/H/MAA/01/02/0006,Quant Multi Asset Allocation Fund,Open Ended,Hybrid Scheme - Multi Asset Allocation,2026-09-02,2.33,1.19,2026-09-03T15:06:40Z
QNTM/O/E/MCF/01/02/0004,Quant Multi Cap Fund,Open Ended,Equity Scheme - Multi Cap Fund,2026-09-01,2.09,1.01,2026-09-03T15:06:40Z
QNTM/O/E/MCF/01/02/0004,Quant Multi Cap Fund,Open Ended,Equity Scheme - Multi Cap Fund,2026-09-02,2.09,1.01,2026-09-03T15:06:40Z
QNTM/O/D/ONF/22/11/0016,quant Overnight Fund,Open Ended,Debt Scheme - Overnight Fund,2026-09-01,0.26,0.19,2026-09-03T15:06:40Z
QNTM/O/D/ONF/22/11/0016,quant Overnight Fund,Open Ended,Debt Scheme - Overnight Fund,2026-09-02,0.26,0.19,2026-09-03T15:06:40Z
QNTM/O/E/THE/23/11/0027,quant PSU Fund,Open Ended,Equity Scheme - Sectoral/ Thematic,2026-09-01,3.56,2.22,2026-09-03T15:06:40Z
QNTM/O/E/THE/23/11/0027,quant PSU Fund,Open Ended,Equity Scheme - Sectoral/ Thematic,2026-09-02,3.56,2.22,2026-09-03T15:06:40Z
QNTM/O/E/THE/21/03/0013,quant Quantamental Fund,Open Ended,Equity Scheme - Sectoral/ Thematic,2026-09-01,2.94,1.61,2026-09-03T15:06:40Z
QNTM/O/E/THE/21/03/0013,quant Quantamental Fund,Open Ended,Equity Scheme - Sectoral/ Thematic,2026-09-02,2.94,1.61,2026-09-03T15:06:40Z
QNTM/O/O/OET/26/06/0030,quant Silver ETF,Open Ended,Exchange Traded Funds (ETFs) - Silver ETF,2026-09-01,0.0,0.59,2026-09-03T15:06:40Z
QNTM/O/O/OET/26/06/0030,quant Silver ETF,Open Ended,Exchange Traded Funds (ETFs) - Silver ETF,2026-09-02,0.0,0.59,2026-09-03T15:06:40Z
QNTM/O/E/SCF/96/09/0001,Quant Small Cap Fund,Open Ended,Equity Scheme - Small Cap Fund,2026-09-01,1.75,0.93,2026-09-03T15:06:40Z
QNTM/O/E/SCF/96/09/0001,Quant Small Cap Fund,Open Ended,Equity Scheme - Small Cap Fund,2026-09-02,1.75,0.93,2026-09-03T15:06:40Z
QNTM/O/E/THE/23/03/0023,quant Teck Fund,Open Ended,Equity Scheme - Sectoral/ Thematic,2026-09-01,3.81,2.28,2026-09-03T15:06:40Z
QNTM/O/E/THE/23/03/0023,quant Teck Fund,Open Ended,Equity Scheme - Sectoral/ Thematic,2026-09-02,3.81,2.28,2026-09-03T15:06:40Z
QNTM/O/E/VAF/21/10/0014,Quant Value Fund,Open Ended,Equity Scheme - Value Fund,2026-09-01,2.46,0.91,2026-09-03T15:06:40Z
QNTM/O/E/VAF/21/10/0014,Quant Value Fund,Open Ended,Equity Scheme - Value Fund,2026-09-02,2.46,0.91,2026-09-03T15:06:40Z
QTMM/O/E/FOD/09/05/0006,Quantum Diversified Equity All Cap Active FOF,Open Ended,Other Scheme - FoF Domestic,2026-09-01,1.43,0.42,2026-09-03T15:06:40Z
QTMM/O/E/FOD/09/05/0006,Quantum Diversified Equity All Cap Active FOF,Open Ended,Other Scheme - FoF Domestic,2026-09-02,1.41,0.42,2026-09-03T15:06:40Z
QTMM/O/D/DBF/15/03/0009,Quantum Dynamic Term Fund,Open Ended,Debt Scheme - Dynamic Bond,2026-09-01,1.01,0.5,2026-09-03T15:06:40Z
QTMM/O/D/DBF/15/03/0009,Quantum Dynamic Term Fund,Open Ended,Debt Scheme - Dynamic Bond,2026-09-02,1.01,0.5,2026-09-03T15:06:40Z
QTMM/O/E/ELS/08/11/0005,Quantum ELSS Tax Saver Fund,Open Ended,Equity Scheme - ELSS,2026-09-01,2.16,0.95,2026-09-03T15:06:40Z
QTMM/O/E/ELS/08/11/0005,Quantum ELSS Tax Saver Fund,Open Ended,Equity Scheme - ELSS,2026-09-02,2.16,0.95,2026-09-03T15:06:40Z
QTMM/O/E/OES/19/03/0010,QUANTUM ESG BEST IN CLASS STRATEGY FUND,Open Ended,Equity Scheme - Sectoral/ Thematic,2026-09-01,2.26,0.82,2026-09-03T15:06:40Z
QTMM/O/E/OES/19/03/0010,QUANTUM ESG BEST IN CLASS STRATEGY FUND,Open Ended,Equity Scheme - Sectoral/ Thematic,2026-09-02,2.26,0.82,2026-09-03T15:06:40Z
QTMM/O/E/THE/24/10/0014,Quantum Ethical Fund,Open Ended,Equity Scheme - Sectoral/ Thematic,2026-09-01,2.28,0.85,2026-09-03T15:06:40Z
QTMM/O/E/THE/24/10/0014,Quantum Ethical Fund,Open Ended,Equity Scheme - Sectoral/ Thematic,2026-09-02,2.28,0.85,2026-09-03T15:06:40Z
QTMM/O/D/GET/07/12/0003,Quantum Gold ETF,Open Ended,Other Scheme - Gold ETF,2026-09-01,0.0,0.55,2026-09-03T15:06:40Z
QTMM/O/D/GET/07/12/0003,Quantum Gold ETF,Open Ended,Other Scheme - Gold ETF,2026-09-02,0.0,0.55,2026-09-03T15:06:40Z
QTMM/O/E/FOD/11/03/0007,Quantum Gold ETF FOF,Open Ended,Other Scheme - FoF Domestic,2026-09-01,0.51,0.06,2026-09-03T15:06:40Z
QTMM/O/E/FOD/11/03/0007,Quantum Gold ETF FOF,Open Ended,Other Scheme - FoF Domestic,2026-09-02,0.51,0.06,2026-09-03T15:06:40Z
QTMM/O/O/LIF/06/03/0002,QUANTUM LIQUID FUND,Open Ended,Debt Scheme - Liquid Fund,2026-09-01,0.26,0.15,2026-09-03T15:06:40Z
QTMM/O/O/LIF/06/03/0002,QUANTUM LIQUID FUND,Open Ended,Debt Scheme - Liquid Fund,2026-09-02,0.26,0.15,2026-09-03T15:06:40Z
QTMM/O/E/FOD/12/05/0008,Quantum Multi Asset Active FOF,Open Ended,Other Scheme - FoF Domestic,2026-09-01,0.5,0.13,2026-09-03T15:06:40Z
QTMM/O/E/FOD/12/05/0008,Quantum Multi Asset Active FOF,Open Ended,Other Scheme - FoF Domestic,2026-09-02,0.5,0.13,2026-09-03T15:06:40Z
QTMM/O/H/MAA/23/09/0013,Quantum Multi Asset Allocation Fund,Open Ended,Hybrid Scheme - Multi Asset Allocation,2026-09-01,2.03,0.45,2026-09-03T15:06:40Z
QTMM/O/H/MAA/23/09/0013,Quantum Multi Asset Allocation Fund,Open Ended,Hybrid Scheme - Multi Asset Allocation,2026-09-02,2.03,0.45,2026-09-03T15:06:40Z
QTMM/O/E/EET/07/12/0004,QUANTUM NIFTY 50 ETF,Open Ended,Other Scheme - Other  ETFs,2026-09-01,0.0,0.11,2026-09-03T15:06:40Z
QTMM/O/E/EET/07/12/0004,QUANTUM NIFTY 50 ETF,Open Ended,Other Scheme - Other  ETFs,2026-09-02,0.0,0.11,2026-09-03T15:06:40Z
QTMM/O/O/FOD/22/02/0011,Quantum Nifty 50 ETF FOF,Open Ended,Other Scheme - FoF Domestic,2026-09-01,0.19,0.07,2026-09-03T15:06:40Z
QTMM/O/O/FOD/22/02/0011,Quantum Nifty 50 ETF FOF,Open Ended,Other Scheme - FoF Domestic,2026-09-02,0.19,0.07,2026-09-03T15:06:40Z
QTMM/O/E/SCF/23/09/0012,Quantum Small Cap Fund,Open Ended,Equity Scheme - Small Cap Fund,2026-09-01,2.31,0.83,2026-09-03T15:06:40Z
QTMM/O/E/SCF/23/09/0012,Quantum Small Cap Fund,Open Ended,Equity Scheme - Small Cap Fund,2026-09-02,2.31,0.83,2026-09-03T15:06:40Z
QTMM/O/E/OES/06/02/0001,QUANTUM VALUE FUND,Open Ended,Equity Scheme - Value Fund,2026-09-01,2.17,1.14,2026-09-03T15:06:40Z
QTMM/O/E/OES/06/02/0001,QUANTUM VALUE FUND,Open Ended,Equity Scheme - Value Fund,2026-09-02,2.17,1.14,2026-09-03T15:06:40Z
SAMC/O/E/THE/23/04/0004,Samco Active Momentum Fund,Open Ended,Equity Scheme - Sectoral/ Thematic,2026-09-01,3.26,1.94,2026-09-03T15:06:40Z
SAMC/O/E/THE/23/04/0004,Samco Active Momentum Fund,Open Ended,Equity Scheme - Sectoral/ Thematic,2026-09-02,3.26,1.94,2026-09-03T15:06:40Z
SAMC/O/H/ARB/24/07/0008,Samco Arbitrage Fund,Open Ended,Hybrid Scheme - Arbitrage Fund,2026-09-01,2.53,1.07,2026-09-03T15:06:40Z
SAMC/O/H/ARB/24/07/0008,Samco Arbitrage Fund,Open Ended,Hybrid Scheme - Arbitrage Fund,2026-09-02,2.53,1.07,2026-09-03T15:06:40Z
SAMC/O/H/DAA/23/10/0005,Samco Dynamic Asset Allocation Fund,Open Ended,Hybrid Scheme - Dynamic Asset Allocation or Balanced Advantage,2026-09-01,3.39,1.92,2026-09-03T15:06:40Z
SAMC/O/H/DAA/23/10/0005,Samco Dynamic Asset Allocation Fund,Open Ended,Hybrid Scheme - Dynamic Asset Allocation or Balanced Advantage,2026-09-02,3.39,1.92,2026-09-03T15:06:40Z
SAMC/O/E/ELS/22/09/0003,SAMCO ELSS TAX SAVER FUND,Open Ended,Equity Scheme - ELSS,2026-09-01,3.42,2.11,2026-09-03T15:06:40Z
SAMC/O/E/ELS/22/09/0003,SAMCO ELSS TAX SAVER FUND,Open Ended,Equity Scheme - ELSS,2026-09-02,3.42,2.11,2026-09-03T15:06:40Z
SAMC/O/E/FCF/21/11/0001,SAMCO FLEXI CAP FUND,Open Ended,Equity Scheme - Flexi Cap Fund,2026-09-01,3.14,1.83,2026-09-03T15:06:40Z
SAMC/O/E/FCF/21/11/0001,SAMCO FLEXI CAP FUND,Open Ended,Equity Scheme - Flexi Cap Fund,2026-09-02,3.14,1.83,2026-09-03T15:06:40Z
SAMC/O/E/LMF/25/03/0011,Samco Large & Mid Cap Fund,Open Ended,Equity Scheme - Large & Mid Cap Fund,2026-09-01,3.7,2.22,2026-09-03T15:06:40Z
SAMC/O/E/LMF/25/03/0011,Samco Large & Mid Cap Fund,Open Ended,Equity Scheme - Large & Mid Cap Fund,2026-09-02,3.7,2.22,2026-09-03T15:06:40Z
SAMC/O/E/LCF/24/12/0010,Samco Large Cap Fund,Open Ended,Equity Scheme - Large Cap Fund,2026-09-01,3.4,1.86,2026-09-03T15:06:40Z
SAMC/O/E/LCF/24/12/0010,Samco Large Cap Fund,Open Ended,Equity Scheme - Large Cap Fund,2026-09-02,3.4,1.86,2026-09-03T15:06:40Z
SAMC/O/E/MIF/25/10/0013,Samco Mid Cap Fund,Open Ended,Equity Scheme - Mid Cap Fund,2026-09-01,3.0,1.58,2026-09-03T15:06:40Z
SAMC/O/E/MIF/25/10/0013,Samco Mid Cap Fund,Open Ended,Equity Scheme - Mid Cap Fund,2026-09-02,3.0,1.58,2026-09-03T15:06:40Z
SAMC/O/H/MAA/24/10/0009,Samco Multi Asset Allocation Fund,Open Ended,Hybrid Scheme - Multi Asset Allocation,2026-09-01,3.89,2.38,2026-09-03T15:06:40Z
SAMC/O/H/MAA/24/10/0009,Samco Multi Asset Allocation Fund,Open Ended,Hybrid Scheme - Multi Asset Allocation,2026-09-02,3.89,2.38,2026-09-03T15:06:40Z
SAMC/O/E/MCF/24/07/0007,Samco Multi Cap Fund,Open Ended,Equity Scheme - Multi Cap Fund,2026-09-01,3.69,2.2,2026-09-03T15:06:40Z
SAMC/O/E/MCF/24/07/0007,Samco Multi Cap Fund,Open Ended,Equity Scheme - Multi Cap Fund,2026-09-02,3.69,2.2,2026-09-03T15:06:40Z
SAMC/O/D/ONF/22/05/0002,Samco Overnight Fund,Open Ended,Debt Scheme - Overnight Fund,2026-09-01,0.43,0.23,2026-09-03T15:06:40Z
SAMC/O/D/ONF/22/05/0002,Samco Overnight Fund,Open Ended,Debt Scheme - Overnight Fund,2026-09-02,0.43,0.23,2026-09-03T15:06:40Z
SAMC/O/E/SCF/25/06/0012,Samco Small Cap Fund,Open Ended,Equity Scheme - Small Cap Fund,2026-09-01,3.41,1.97,2026-09-03T15:06:40Z
SAMC/O/E/SCF/25/06/0012,Samco Small Cap Fund,Open Ended,Equity Scheme - Small Cap Fund,2026-09-02,3.41,1.97,2026-09-03T15:06:40Z
SAMC/O/E/THE/24/03/0006,Samco Special Opportunities Fund,Open Ended,Equity Scheme - Sectoral/ Thematic,2026-09-01,3.52,2.05,2026-09-03T15:06:40Z
SAMC/O/E/THE/24/03/0006,Samco Special Opportunities Fund,Open Ended,Equity Scheme - Sectoral/ Thematic,2026-09-02,3.52,2.05,2026-09-03T15:06:40Z
SBIM/O/D/GTN/01/01/0016,SBI 10 Year Constant Maturity Gilt Fund,Open Ended,Income/Debt Oriented Schemes - 10-year Constant Maturity Gilt Fund,2026-09-01,0.62,0.32,2026-09-03T15:06:40Z
SBIM/O/D/GTN/01/01/0016,SBI 10 Year Constant Maturity Gilt Fund,Open Ended,Income/Debt Oriented Schemes - 10-year Constant Maturity Gilt Fund,2026-09-02,0.62,0.32,2026-09-03T15:06:40Z
SBIM/O/H/AHF/97/12/0002,SBI Aggressive Hybrid Fund,Open Ended,Hybrid Schemes - Aggressive Hybrid Fund,2026-09-01,1.39,0.74,2026-09-03T15:06:40Z
SBIM/O/H/AHF/97/12/0002,SBI Aggressive Hybrid Fund,Open Ended,Hybrid Schemes - Aggressive Hybrid Fund,2026-09-02,1.39,0.74,2026-09-03T15:06:40Z
SBIM/O/H/ARB/06/03/0028,SBI Arbitrage Fund,Open Ended,Hybrid Schemes - Arbitrage Fund,2026-09-01,1.99,1.48,2026-09-03T15:06:40Z
SBIM/O/H/ARB/06/03/0028,SBI Arbitrage Fund,Open Ended,Hybrid Schemes - Arbitrage Fund,2026-09-02,1.99,1.48,2026-09-03T15:06:40Z
SBIM/O/E/THE/24/01/0178,SBI Automotive Opportunities Fund,Open Ended,Equity Scheme - Sectoral/ Thematic,2026-09-01,1.99,1.01,2026-09-03T15:06:40Z
SBIM/O/E/THE/24/01/0178,SBI Automotive Opportunities Fund,Open Ended,Equity Scheme - Sectoral/ Thematic,2026-09-02,1.99,1.01,2026-09-03T15:06:40Z
SBIM/O/H/DAA/21/07/0133,SBI Balanced Advantage Fund,Open Ended,Hybrid Scheme - Dynamic Asset Allocation or Balanced Advantage,2026-09-01,1.66,0.88,2026-09-03T15:06:40Z
SBIM/O/H/DAA/21/07/0133,SBI Balanced Advantage Fund,Open Ended,Hybrid Scheme - Dynamic Asset Allocation or Balanced Advantage,2026-09-02,1.66,0.88,2026-09-03T15:06:40Z
SBIM/O/E/SEC/14/09/0039,SBI BANKING & FINANCIAL SERVICES FUND,Open Ended,Equity Scheme - Sectoral/ Thematic,2026-09-01,2.16,1.21,2026-09-03T15:06:40Z
SBIM/O/E/SEC/14/09/0039,SBI BANKING & FINANCIAL SERVICES FUND,Open Ended,Equity Scheme - Sectoral/ Thematic,2026-09-02,2.16,1.21,2026-09-03T15:06:40Z
SBIM/O/D/BPF/09/10/0034,SBI BANKING & PSU DEBT FUND,Open Ended,Income/Debt Oriented Schemes - Banking and PSU Debt Fund,2026-09-01,0.8,0.41,2026-09-03T15:06:40Z
SBIM/O/D/BPF/09/10/0034,SBI BANKING & PSU DEBT FUND,Open Ended,Income/Debt Oriented Schemes - Banking and PSU Debt Fund,2026-09-02,0.8,0.41,2026-09-03T15:06:40Z
SBIM/O/O/EET/14/09/0041,SBI BSE 100 ETF,Open Ended,Other Scheme - Other  ETFs,2026-09-01,0.16,0.0,2026-09-03T15:06:40Z
SBIM/O/O/EET/14/09/0041,SBI BSE 100 ETF,Open Ended,Other Scheme - Other  ETFs,2026-09-02,0.16,0.0,2026-09-03T15:06:40Z
SBIM/O/O/EET/25/02/0189,SBI BSE PSU BANK ETF,Open Ended,Other Scheme - Other  ETFs,2026-09-01,0.26,0.0,2026-09-03T15:06:40Z
SBIM/O/O/EET/25/02/0189,SBI BSE PSU BANK ETF,Open Ended,Other Scheme - Other  ETFs,2026-09-02,0.26,0.0,2026-09-03T15:06:40Z
SBIM/O/O/EIN/25/02/0188,SBI BSE PSU Bank Index Fund,Open Ended,Other Scheme - Index Funds,2026-09-01,0.83,0.4,2026-09-03T15:06:40Z
SBIM/O/O/EIN/25/02/0188,SBI BSE PSU Bank Index Fund,Open Ended,Other Scheme - Index Funds,2026-09-02,0.83,0.4,2026-09-03T15:06:40Z
SBIM/O/O/EET/13/01/0037,SBI BSE Sensex ETF,Open Ended,Other Scheme - Other  ETFs,2026-09-01,0.046,0.0,2026-09-03T15:06:40Z
SBIM/O/O/EET/13/01/0037,SBI BSE Sensex ETF,Open Ended,Other Scheme - Other  ETFs,2026-09-02,0.046,0.0,2026-09-03T15:06:40Z
SBIM/O/O/EIN/22/12/0172,SBI BSE Sensex Index Fund,Open Ended,Other Scheme - Index Funds,2026-09-01,0.44,0.24,2026-09-03T15:06:40Z
SBIM/O/O/EIN/22/12/0172,SBI BSE Sensex Index Fund,Open Ended,Other Scheme - Index Funds,2026-09-02,0.44,0.24,2026-09-03T15:06:40Z
SBIM/O/O/EET/18/06/0052,SBI BSE Sensex Next 50 ETF,Open Ended,Other Scheme - Other  ETFs,2026-09-01,0.23,0.0,2026-09-03T15:06:40Z
SBIM/O/O/EET/18/06/0052,SBI BSE Sensex Next 50 ETF,Open Ended,Other Scheme - Other  ETFs,2026-09-02,0.23,0.0,2026-09-03T15:06:40Z
SBIM/O/S/CHI/20/06/0116,SBI Children's Fund - Investment Plan,Open Ended,Solution Oriented Scheme - Children’s Fund,2026-09-01,2.01,1.1,2026-09-03T15:06:40Z
SBIM/O/S/CHI/20/06/0116,SBI Children's Fund - Investment Plan,Open Ended,Solution Oriented Scheme - Children’s Fund,2026-09-02,2.01,1.1,2026-09-03T15:06:40Z
SBIM/O/S/CHI/01/07/0018,SBI Children's Fund - Savings Plan,Open Ended,Solution Oriented Scheme - Children’s Fund,2026-09-01,1.29,0.91,2026-09-03T15:06:40Z
SBIM/O/S/CHI/01/07/0018,SBI Children's Fund - Savings Plan,Open Ended,Solution Oriented Scheme - Children’s Fund,2026-09-02,1.29,0.91,2026-09-03T15:06:40Z
SBIM/O/E/SEC/05/06/0024,SBI Comma Fund,Open Ended,Equity Scheme - Sectoral/ Thematic,2026-09-01,2.28,1.36,2026-09-03T15:06:40Z
SBIM/O/E/SEC/05/06/0024,SBI Comma Fund,Open Ended,Equity Scheme - Sectoral/ Thematic,2026-09-02,2.28,1.36,2026-09-03T15:06:40Z
SBIM/O/H/CHF/01/04/0017,SBI CONSERVATIVE HYBRID FUND,Open Ended,Hybrid Scheme - Conservative Hybrid Fund,2026-09-01,1.49,0.98,2026-09-03T15:06:40Z
SBIM/O/H/CHF/01/04/0017,SBI CONSERVATIVE HYBRID FUND,Open Ended,Hybrid Scheme - Conservative Hybrid Fund,2026-09-02,1.49,0.98,2026-09-03T15:06:40Z
SBIM/O/E/THE/99/04/0006,SBI CONSUMPTION OPPORTUNITIES FUND,Open Ended,Equity Scheme - Sectoral/ Thematic,2026-09-01,2.16,1.19,2026-09-03T15:06:40Z
SBIM/O/E/THE/99/04/0006,SBI CONSUMPTION OPPORTUNITIES FUND,Open Ended,Equity Scheme - Sectoral/ Thematic,2026-09-02,2.16,1.19,2026-09-03T15:06:40Z
SBIM/O/E/COF/99/04/0009,SBI CONTRA FUND,Open Ended,Equity Scheme - Contra Fund,2026-09-01,1.6,0.85,2026-09-03T15:06:40Z
SBIM/O/E/COF/99/04/0009,SBI CONTRA FUND,Open Ended,Equity Scheme - Contra Fund,2026-09-02,1.6,0.85,2026-09-03T15:06:40Z
SBIM/O/D/CBF/18/08/0057,SBI Corporate Bond Fund,Open Ended,Debt Scheme - Corporate Bond Fund,2026-09-01,0.76,0.37,2026-09-03T15:06:40Z
SBIM/O/D/CBF/18/08/0057,SBI Corporate Bond Fund,Open Ended,Debt Scheme - Corporate Bond Fund,2026-09-02,0.76,0.37,2026-09-03T15:06:40Z
SBIM/O/O/DIN/21/07/0132,SBI CPSE Bond Plus SDL Sep 2026 50:50 Index Fund,Open Ended,Other Scheme - Index Funds,2026-09-01,0.35,0.21,2026-09-03T15:06:40Z
SBIM/O/O/DIN/21/07/0132,SBI CPSE Bond Plus SDL Sep 2026 50:50 Index Fund,Open Ended,Other Scheme - Index Funds,2026-09-02,0.35,0.21,2026-09-03T15:06:40Z
SBIM/O/D/CRF/18/08/0056,SBI CREDIT RISK FUND,Open Ended,Debt Scheme - Credit Risk Fund,2026-09-01,1.54,0.9,2026-09-03T15:06:40Z
SBIM/O/D/CRF/18/08/0056,SBI CREDIT RISK FUND,Open Ended,Debt Scheme - Credit Risk Fund,2026-09-02,1.54,0.9,2026-09-03T15:06:40Z
SBIM/O/O/DIN/26/03/0199,SBI CRISIL - IBX SDL Index - June 2034 Index Fund,Open Ended,Index Funds - Debt Funds,2026-09-01,0.41,0.21,2026-09-03T15:06:40Z
SBIM/O/O/DIN/26/03/0199,SBI CRISIL - IBX SDL Index - June 2034 Index Fund,Open Ended,Index Funds - Debt Funds,2026-09-02,0.41,0.21,2026-09-03T15:06:40Z
SBIM/O/O/DIN/22/09/0157,SBI CRISIL IBX Gilt Index - April 2029 Fund,Open Ended,Other Scheme - Index Funds,2026-09-01,0.42,0.21,2026-09-03T15:06:40Z
SBIM/O/O/DIN/22/09/0157,SBI CRISIL IBX Gilt Index - April 2029 Fund,Open Ended,Other Scheme - Index Funds,2026-09-02,0.42,0.21,2026-09-03T15:06:40Z
SBIM/O/O/DIN/22/09/0155,SBI CRISIL IBX Gilt Index - June 2036 Fund,Open Ended,Other Scheme - Index Funds,2026-09-01,0.49,0.28,2026-09-03T15:06:40Z
SBIM/O/O/DIN/22/09/0155,SBI CRISIL IBX Gilt Index - June 2036 Fund,Open Ended,Other Scheme - Index Funds,2026-09-02,0.49,0.28,2026-09-03T15:06:40Z
SBIM/O/O/DIN/22/09/0156,SBI CRISIL IBX SDL Index - September 2027 Fund,Open Ended,Other Scheme - Index Funds,2026-09-01,0.45,0.25,2026-09-03T15:06:40Z
SBIM/O/O/DIN/22/09/0156,SBI CRISIL IBX SDL Index - September 2027 Fund,Open Ended,Other Scheme - Index Funds,2026-09-02,0.45,0.25,2026-09-03T15:06:40Z
SBIM/O/O/DIN/26/03/0205,SBI CRISIL-IBX 10:90 Gilt + SDL Index - Dec 2029 Index Fund,Open Ended,Other Scheme - Index Funds,2026-09-01,0.41,0.21,2026-09-03T15:06:40Z
SBIM/O/O/DIN/26/03/0205,SBI CRISIL-IBX 10:90 Gilt + SDL Index - Dec 2029 Index Fund,Open Ended,Other Scheme - Index Funds,2026-09-02,0.41,0.21,2026-09-03T15:06:40Z
SBIM/O/O/DIN/26/03/0200,SBI CRISIL-IBX Financial Services 3-6 Months Debt Index Fund,Open Ended,Other Scheme - Index Funds,2026-09-01,0.21,0.13,2026-09-03T15:06:40Z
SBIM/O/O/DIN/26/03/0200,SBI CRISIL-IBX Financial Services 3-6 Months Debt Index Fund,Open Ended,Other Scheme - Index Funds,2026-09-02,0.21,0.13,2026-09-03T15:06:40Z
SBIM/O/O/DIN/26/03/0201,SBI CRISIL-IBX Financial Services 9-12 Months Debt Index Fund,Open Ended,Other Scheme - Index Funds,2026-09-01,0.29,0.13,2026-09-03T15:06:40Z
SBIM/O/O/DIN/26/03/0201,SBI CRISIL-IBX Financial Services 9-12 Months Debt Index Fund,Open Ended,Other Scheme - Index Funds,2026-09-02,0.29,0.13,2026-09-03T15:06:40Z
SBIM/O/E/DYF/23/01/0168,SBI Dividend Yield Fund,Open Ended,Equity Scheme - Dividend Yield Fund,2026-09-01,2.04,1.15,2026-09-03T15:06:40Z
SBIM/O/E/DYF/23/01/0168,SBI Dividend Yield Fund,Open Ended,Equity Scheme - Dividend Yield Fund,2026-09-02,2.04,1.15,2026-09-03T15:06:40Z
SBIM/O/O/FOD/25/04/0195,SBI Dynamic Asset Allocation Active FoF,Open Ended,Other Scheme - FoF Domestic,2026-09-01,1.34,0.25,2026-09-03T15:06:40Z
SBIM/O/O/FOD/25/04/0195,SBI Dynamic Asset Allocation Active FoF,Open Ended,Other Scheme - FoF Domestic,2026-09-02,1.34,0.25,2026-09-03T15:06:40Z
SBIM/O/D/DBF/04/01/0022,SBI Dynamic Term Fund,Open Ended,Income/Debt Oriented Schemes - Dynamic Term Fund,2026-09-01,1.37,0.64,2026-09-03T15:06:40Z
SBIM/O/D/DBF/04/01/0022,SBI Dynamic Term Fund,Open Ended,Income/Debt Oriented Schemes - Dynamic Term Fund,2026-09-02,1.37,0.64,2026-09-03T15:06:40Z
SBIM/O/E/ELS/99/09/0014,SBI ELSS Tax Saver Fund,Open Ended,Equity Scheme - ELSS,2026-09-01,1.86,1.27,2026-09-03T15:06:40Z
SBIM/O/E/ELS/99/09/0014,SBI ELSS Tax Saver Fund,Open Ended,Equity Scheme - ELSS,2026-09-02,1.86,1.27,2026-09-03T15:06:40Z
SBIM/O/E/THE/24/01/0177,SBI Energy Opportunities Fund,Open Ended,Equity Scheme - Sectoral/ Thematic,2026-09-01,1.85,0.92,2026-09-03T15:06:40Z
SBIM/O/E/THE/24/01/0177,SBI Energy Opportunities Fund,Open Ended,Equity Scheme - Sectoral/ Thematic,2026-09-02,1.85,0.92,2026-09-03T15:06:40Z
SBIM/O/E/THE/18/09/0058,SBI Equity Minimum Variance Fund,Open Ended,Equity Scheme - Sectoral/ Thematic,2026-09-01,0.87,0.53,2026-09-03T15:06:40Z
SBIM/O/E/THE/18/09/0058,SBI Equity Minimum Variance Fund,Open Ended,Equity Scheme - Sectoral/ Thematic,2026-09-02,0.87,0.53,2026-09-03T15:06:40Z
SBIM/O/H/ESF/15/01/0045,SBI EQUITY SAVINGS FUND,Open Ended,Hybrid Scheme - Equity Savings,2026-09-01,2.03,1.49,2026-09-03T15:06:40Z
SBIM/O/H/ESF/15/01/0045,SBI EQUITY SAVINGS FUND,Open Ended,Hybrid Scheme - Equity Savings,2026-09-02,2.03,1.49,2026-09-03T15:06:40Z
SBIM/O/E/THE/97/01/0001,SBI ESG Exclusionary Strategy Fund,Open Ended,Equity Scheme - Sectoral/ Thematic,2026-09-01,2.02,1.49,2026-09-03T15:06:40Z
SBIM/O/E/THE/97/01/0001,SBI ESG Exclusionary Strategy Fund,Open Ended,Equity Scheme - Sectoral/ Thematic,2026-09-02,2.02,1.49,2026-09-03T15:06:40Z
SBIM/C/D/FTP/19/03/0075,SBI Fixed Maturity Plan (FMP) - Series 1 (3668 Days),Close Ended,Income,2026-09-01,0.2,0.13,2026-09-03T15:06:40Z
SBIM/C/D/FTP/19/03/0075,SBI Fixed Maturity Plan (FMP) - Series 1 (3668 Days),Close Ended,Income,2026-09-02,0.2,0.13,2026-09-03T15:06:40Z
SBIM/C/D/FTP/19/12/0110,SBI Fixed Maturity Plan (FMP) - Series 34 (3682 Days),Close Ended,Income,2026-09-01,0.33,0.13,2026-09-03T15:06:40Z
SBIM/C/D/FTP/19/12/0110,SBI Fixed Maturity Plan (FMP) - Series 34 (3682 Days),Close Ended,Income,2026-09-02,0.33,0.13,2026-09-03T15:06:40Z
SBIM/C/D/FTP/21/07/0131,SBI Fixed Maturity Plan (FMP) - Series 50 (1843 Days),Close Ended,Income,2026-09-01,0.27,0.13,2026-09-03T15:06:40Z
SBIM/C/D/FTP/21/07/0131,SBI Fixed Maturity Plan (FMP) - Series 50 (1843 Days),Close Ended,Income,2026-09-02,0.27,0.13,2026-09-03T15:06:40Z
SBIM/C/D/FTP/21/08/0134,SBI Fixed Maturity Plan (FMP) - Series 51 (1846 Days),Close Ended,Income,2026-09-01,0.2,0.09,2026-09-03T15:06:40Z
SBIM/C/D/FTP/21/08/0134,SBI Fixed Maturity Plan (FMP) - Series 51 (1846 Days),Close Ended,Income,2026-09-02,0.2,0.09,2026-09-03T15:06:40Z
SBIM/C/D/FTP/21/08/0135,SBI Fixed Maturity Plan (FMP) - Series 52 (1848 Days),Close Ended,Income,2026-09-01,0.2,0.09,2026-09-03T15:06:40Z
SBIM/C/D/FTP/21/08/0135,SBI Fixed Maturity Plan (FMP) - Series 52 (1848 Days),Close Ended,Income,2026-09-02,0.2,0.09,2026-09-03T15:06:40Z
SBIM/C/D/FTP/21/08/0136,SBI Fixed Maturity Plan (FMP) - Series 53 (1839 Days),Close Ended,Income,2026-09-01,0.2,0.11,2026-09-03T15:06:40Z
SBIM/C/D/FTP/21/08/0136,SBI Fixed Maturity Plan (FMP) - Series 53 (1839 Days),Close Ended,Income,2026-09-02,0.2,0.11,2026-09-03T15:06:40Z
SBIM/C/D/FTP/21/08/0137,SBI Fixed Maturity Plan (FMP) - Series 54 (1842 Days),Close Ended,Income,2026-09-01,0.21,0.1,2026-09-03T15:06:40Z
SBIM/C/D/FTP/21/08/0137,SBI Fixed Maturity Plan (FMP) - Series 54 (1842 Days),Close Ended,Income,2026-09-02,0.21,0.1,2026-09-03T15:06:40Z
SBIM/C/D/FTP/21/08/0138,SBI Fixed Maturity Plan (FMP) - Series 55 (1849 Days),Close Ended,Income,2026-09-01,0.23,0.14,2026-09-03T15:06:40Z
SBIM/C/D/FTP/21/08/0138,SBI Fixed Maturity Plan (FMP) - Series 55 (1849 Days),Close Ended,Income,2026-09-02,0.23,0.14,2026-09-03T15:06:40Z
SBIM/C/D/FTP/21/08/0140,SBI Fixed Maturity Plan (FMP) - Series 57 (1835 Days),Close Ended,Income,2026-09-01,0.22,0.13,2026-09-03T15:06:40Z
SBIM/C/D/FTP/21/08/0140,SBI Fixed Maturity Plan (FMP) - Series 57 (1835 Days),Close Ended,Income,2026-09-02,0.22,0.13,2026-09-03T15:06:40Z
SBIM/C/D/FTP/21/08/0141,SBI Fixed Maturity Plan (FMP) - Series 58 (1842 Days),Close Ended,Income,2026-09-01,0.27,0.17,2026-09-03T15:06:40Z
SBIM/C/D/FTP/21/08/0141,SBI Fixed Maturity Plan (FMP) - Series 58 (1842 Days),Close Ended,Income,2026-09-02,0.27,0.17,2026-09-03T15:06:40Z
SBIM/C/D/FTP/19/03/0078,SBI Fixed Maturity Plan (FMP) - Series 6 (3668 Days),Close Ended,Income,2026-09-01,0.42,0.2,2026-09-03T15:06:40Z
SBIM/C/D/FTP/19/03/0078,SBI Fixed Maturity Plan (FMP) - Series 6 (3668 Days),Close Ended,Income,2026-09-02,0.42,0.2,2026-09-03T15:06:40Z
SBIM/C/D/FTP/21/08/0143,SBI Fixed Maturity Plan (FMP) - Series 60 (1878 Days),Close Ended,Income,2026-09-01,0.23,0.13,2026-09-03T15:06:40Z
SBIM/C/D/FTP/21/08/0143,SBI Fixed Maturity Plan (FMP) - Series 60 (1878 Days),Close Ended,Income,2026-09-02,0.23,0.13,2026-09-03T15:06:40Z
SBIM/C/D/FTP/21/12/0145,SBI Fixed Maturity Plan (FMP) - Series 61 (1927 Days),Close Ended,Income,2026-09-01,0.32,0.21,2026-09-03T15:06:40Z
SBIM/C/D/FTP/21/12/0145,SBI Fixed Maturity Plan (FMP) - Series 61 (1927 Days),Close Ended,Income,2026-09-02,0.32,0.21,2026-09-03T15:06:40Z
SBIM/O/E/FCF/05/07/0026,SBI FLEXICAP FUND,Open Ended,Equity Scheme - Flexi Cap Fund,2026-09-01,2.03,1.25,2026-09-03T15:06:40Z
SBIM/O/E/FCF/05/07/0026,SBI FLEXICAP FUND,Open Ended,Equity Scheme - Flexi Cap Fund,2026-09-02,2.03,1.25,2026-09-03T15:06:40Z
SBIM/O/D/FLF/20/07/0119,SBI Floating Interest Rates Fund,Open Ended,Income/Debt Oriented Schemes - Floating Interest Rates Fund,2026-09-01,0.42,0.28,2026-09-03T15:06:40Z
SBIM/O/D/FLF/20/07/0119,SBI Floating Interest Rates Fund,Open Ended,Income/Debt Oriented Schemes - Floating Interest Rates Fund,2026-09-02,0.42,0.28,2026-09-03T15:06:40Z
SBIM/O/E/FOC/99/04/0010,SBI Focused Fund,Open Ended,Equity Scheme - Focused Fund,2026-09-01,1.59,0.82,2026-09-03T15:06:40Z
SBIM/O/E/FOC/99/04/0010,SBI Focused Fund,Open Ended,Equity Scheme - Focused Fund,2026-09-02,1.59,0.82,2026-09-03T15:06:40Z
SBIM/O/D/GIL/00/11/0015,SBI Gilt Fund,Open Ended,Debt Scheme - Gilt Fund,2026-09-01,0.98,0.5,2026-09-03T15:06:40Z
SBIM/O/D/GIL/00/11/0015,SBI Gilt Fund,Open Ended,Debt Scheme - Gilt Fund,2026-09-02,0.98,0.5,2026-09-03T15:06:40Z
SBIM/O/O/GET/09/01/0032,SBI Gold ETF,Open Ended,Other Scheme - Gold ETF,2026-09-01,0.65,0.0,2026-09-03T15:06:40Z
SBIM/O/O/GET/09/01/0032,SBI Gold ETF,Open Ended,Other Scheme - Gold ETF,2026-09-02,0.65,0.0,2026-09-03T15:06:40Z
SBIM/O/O/FOD/11/08/0036,SBI GOLD FUND,Open Ended,Other Scheme - FoF Domestic,2026-09-01,0.42,0.24,2026-09-03T15:06:40Z
SBIM/O/O/FOD/11/08/0036,SBI GOLD FUND,Open Ended,Other Scheme - FoF Domestic,2026-09-02,0.42,0.24,2026-09-03T15:06:40Z
SBIM/O/E/SEC/99/04/0008,SBI HEALTHCARE OPPORTUNITIES FUND,Open Ended,Equity Scheme - Sectoral/ Thematic,2026-09-01,2.0,1.04,2026-09-03T15:06:40Z
SBIM/O/E/SEC/99/04/0008,SBI HEALTHCARE OPPORTUNITIES FUND,Open Ended,Equity Scheme - Sectoral/ Thematic,2026-09-02,2.0,1.04,2026-09-03T15:06:40Z
SBIM/O/O/FOD/25/03/0190,SBI Income Plus Arbitrage Active FOF,Open Ended,Other Scheme - FoF Domestic,2026-09-01,0.21,0.12,2026-09-03T15:06:40Z
SBIM/O/O/FOD/25/03/0190,SBI Income Plus Arbitrage Active FOF,Open Ended,Other Scheme - FoF Domestic,2026-09-02,0.21,0.12,2026-09-03T15:06:40Z
SBIM/O/E/SEC/07/04/0029,SBI INFRASTRUCTURE FUND,Open Ended,Equity Scheme - Sectoral/ Thematic,2026-09-01,2.04,1.19,2026-09-03T15:06:40Z
SBIM/O/E/SEC/07/04/0029,SBI INFRASTRUCTURE FUND,Open Ended,Equity Scheme - Sectoral/ Thematic,2026-09-02,2.04,1.19,2026-09-03T15:06:40Z
SBIM/O/E/THE/24/05/0182,SBI Innovative Opportunities Fund,Open Ended,Equity Scheme - Sectoral/ Thematic,2026-09-01,2.02,1.06,2026-09-03T15:06:40Z
SBIM/O/E/THE/24/05/0182,SBI Innovative Opportunities Fund,Open Ended,Equity Scheme - Sectoral/ Thematic,2026-09-02,2.02,1.06,2026-09-03T15:06:40Z
SBIM/O/E/LMF/98/04/0003,SBI LARGE & MIDCAP FUND,Open Ended,Equity Scheme - Large & Mid Cap Fund,2026-09-01,1.64,0.84,2026-09-03T15:06:40Z
SBIM/O/E/LMF/98/04/0003,SBI LARGE & MIDCAP FUND,Open Ended,Equity Scheme - Large & Mid Cap Fund,2026-09-02,1.64,0.84,2026-09-03T15:06:40Z
SBIM/O/E/LCF/05/12/0027,SBI Large Cap Fund,Open Ended,Equity Scheme - Large Cap Fund,2026-09-01,1.5,0.88,2026-09-03T15:06:40Z
SBIM/O/E/LCF/05/12/0027,SBI Large Cap Fund,Open Ended,Equity Scheme - Large Cap Fund,2026-09-02,1.51,0.89,2026-09-03T15:06:40Z
SBIM/O/D/LIF/03/11/0021,SBI LIQUID FUND,Open Ended,Debt Scheme - Liquid Fund,2026-09-01,0.34,0.2,2026-09-03T15:06:40Z
SBIM/O/D/LIF/03/11/0021,SBI LIQUID FUND,Open Ended,Debt Scheme - Liquid Fund,2026-09-02,0.34,0.2,2026-09-03T15:06:40Z
SBIM/C/E/ELS/16/12/0049,SBI Long Term Advantage Fund - Series IV,Close Ended,ELSS,2026-09-01,1.44,1.24,2026-09-03T15:06:40Z
SBIM/C/E/ELS/16/12/0049,SBI Long Term Advantage Fund - Series IV,Close Ended,ELSS,2026-09-02,1.44,1.24,2026-09-03T15:06:40Z
SBIM/C/E/ELS/17/12/0050,SBI Long Term Advantage Fund - Series V,Close Ended,ELSS,2026-09-01,1.38,1.28,2026-09-03T15:06:40Z
SBIM/C/E/ELS/17/12/0050,SBI Long Term Advantage Fund - Series V,Close Ended,ELSS,2026-09-02,1.38,1.28,2026-09-03T15:06:40Z
SBIM/C/E/ELS/17/12/0051,SBI Long Term Advantage Fund - Series VI,Close Ended,ELSS,2026-09-01,1.5,1.4,2026-09-03T15:06:40Z
SBIM/C/E/ELS/17/12/0051,SBI Long Term Advantage Fund - Series VI,Close Ended,ELSS,2026-09-02,1.5,1.4,2026-09-03T15:06:40Z
SBIM/O/D/LON/22/11/0162,SBI Long Term Fund,Open Ended,Income/Debt Oriented Schemes - Long Term Fund,2026-09-01,0.67,0.32,2026-09-03T15:06:40Z
SBIM/O/D/LON/22/11/0162,SBI Long Term Fund,Open Ended,Income/Debt Oriented Schemes - Long Term Fund,2026-09-02,0.67,0.32,2026-09-03T15:06:40Z
SBIM/O/D/MDF/03/11/0020,SBI Medium Term Fund,Open Ended,Income/Debt Oriented Schemes - Medium Term Fund,2026-09-01,1.23,0.72,2026-09-03T15:06:40Z
SBIM/O/D/MDF/03/11/0020,SBI Medium Term Fund,Open Ended,Income/Debt Oriented Schemes - Medium Term Fund,2026-09-02,1.23,0.72,2026-09-03T15:06:40Z
SBIM/O/D/MLD/98/09/0004,SBI Medium to Long Term Fund,Open Ended,Income/Debt Oriented Schemes - Medium to Long Term Fund,2026-09-01,1.48,0.78,2026-09-03T15:06:40Z
SBIM/O/D/MLD/98/09/0004,SBI Medium to Long Term Fund,Open Ended,Income/Debt Oriented Schemes - Medium to Long Term Fund,2026-09-02,1.48,0.78,2026-09-03T15:06:40Z
SBIM/O/E/MIF/05/01/0023,SBI Midcap Fund,Open Ended,Equity Scheme - Mid Cap Fund,2026-09-01,1.79,1.02,2026-09-03T15:06:40Z
SBIM/O/E/MIF/05/01/0023,SBI Midcap Fund,Open Ended,Equity Scheme - Mid Cap Fund,2026-09-02,1.79,1.02,2026-09-03T15:06:40Z
SBIM/O/E/THE/99/08/0013,SBI MNC Fund,Open Ended,Equity Scheme - Sectoral/ Thematic,2026-09-01,2.02,1.43,2026-09-03T15:06:40Z
SBIM/O/E/THE/99/08/0013,SBI MNC Fund,Open Ended,Equity Scheme - Sectoral/ Thematic,2026-09-02,2.02,1.43,2026-09-03T15:06:40Z
SBIM/O/D/MMF/98/11/0005,SBI Money Market Fund,Open Ended,Income/Debt Oriented Schemes - Money Market Fund,2026-09-01,0.63,0.26,2026-09-03T15:06:40Z
SBIM/O/D/MMF/98/11/0005,SBI Money Market Fund,Open Ended,Income/Debt Oriented Schemes - Money Market Fund,2026-09-02,0.63,0.26,2026-09-03T15:06:40Z
SBIM/O/H/MAA/05/06/0025,SBI MULTI ASSET ALLOCATION FUND,Open Ended,Hybrid Scheme - Multi Asset Allocation,2026-09-01,1.41,0.68,2026-09-03T15:06:40Z
SBIM/O/H/MAA/05/06/0025,SBI MULTI ASSET ALLOCATION FUND,Open Ended,Hybrid Scheme - Multi Asset Allocation,2026-09-02,1.42,0.69,2026-09-03T15:06:40Z
SBIM/O/E/MCF/21/11/0144,SBI MultiCap Fund,Open Ended,Equity Scheme - Multi Cap Fund,2026-09-01,1.86,1.06,2026-09-03T15:06:40Z
SBIM/O/E/MCF/21/11/0144,SBI MultiCap Fund,Open Ended,Equity Scheme - Multi Cap Fund,2026-09-02,1.86,1.06,2026-09-03T15:06:40Z
SBIM/O/O/DET/15/12/0047,SBI Nifty 10 yr Benchmark G-Sec ETF,Open Ended,Other Scheme - Other  ETFs,2026-09-01,0.14,0.0,2026-09-03T15:06:40Z
SBIM/O/O/DET/15/12/0047,SBI Nifty 10 yr Benchmark G-Sec ETF,Open Ended,Other Scheme - Other  ETFs,2026-09-02,0.14,0.0,2026-09-03T15:06:40Z
SBIM/O/O/DET/25/04/0194,SBI NIFTY 1D Rate Liquid ETF - Growth,Open Ended,Other Scheme - Other  ETFs,2026-09-01,0.26,0.0,2026-09-03T15:06:40Z
SBIM/O/O/DET/25/04/0194,SBI NIFTY 1D Rate Liquid ETF - Growth,Open Ended,Other Scheme - Other  ETFs,2026-09-02,0.26,0.0,2026-09-03T15:06:40Z
SBIM/O/O/DET/23/09/0173,SBI NIFTY 1D Rate Liquid ETF - IDCW,Open Ended,Other Scheme - Other  ETFs,2026-09-01,0.36,0.0,2026-09-03T15:06:40Z
SBIM/O/O/DET/23/09/0173,SBI NIFTY 1D Rate Liquid ETF - IDCW,Open Ended,Other Scheme - Other  ETFs,2026-09-02,0.36,0.0,2026-09-03T15:06:40Z
SBIM/O/O/EET/18/09/0059,SBI NIFTY 200 Quality 30 ETF,Open Ended,Other Scheme - Other  ETFs,2026-09-01,0.34,0.0,2026-09-03T15:06:40Z
SBIM/O/O/EET/18/09/0059,SBI NIFTY 200 Quality 30 ETF,Open Ended,Other Scheme - Other  ETFs,2026-09-02,0.34,0.0,2026-09-03T15:06:40Z
SBIM/O/O/EET/15/06/0046,SBI Nifty 50 ETF,Open Ended,Other Scheme - Other  ETFs,2026-09-01,0.045,0.0,2026-09-03T15:06:40Z
SBIM/O/O/EET/15/06/0046,SBI Nifty 50 ETF,Open Ended,Other Scheme - Other  ETFs,2026-09-02,0.045,0.0,2026-09-03T15:06:40Z
SBIM/O/O/EIN/24/07/0183,SBI Nifty 500 Index Fund,Open Ended,Other Scheme - Index Funds,2026-09-01,0.8,0.33,2026-09-03T15:06:40Z
SBIM/O/O/EIN/24/07/0183,SBI Nifty 500 Index Fund,Open Ended,Other Scheme - Index Funds,2026-09-02,0.8,0.33,2026-09-03T15:06:40Z
SBIM/O/O/EET/14/10/0044,SBI Nifty Bank ETF,Open Ended,Other Scheme - Other  ETFs,2026-09-01,0.21,0.0,2026-09-03T15:06:40Z
SBIM/O/O/EET/14/10/0044,SBI Nifty Bank ETF,Open Ended,Other Scheme - Other  ETFs,2026-09-02,0.21,0.0,2026-09-03T15:06:40Z
SBIM/O/O/EIN/24/08/0186,SBI Nifty Bank Index Fund,Open Ended,Other Scheme - Index Funds,2026-09-01,0.77,0.33,2026-09-03T15:06:40Z
SBIM/O/O/EIN/24/08/0186,SBI Nifty Bank Index Fund,Open Ended,Other Scheme - Index Funds,2026-09-02,0.77,0.33,2026-09-03T15:06:40Z
SBIM/O/O/EET/20/07/0118,SBI Nifty Consumption ETF,Open Ended,Other Scheme - Other  ETFs,2026-09-01,0.25,0.0,2026-09-03T15:06:40Z
SBIM/O/O/EET/20/07/0118,SBI Nifty Consumption ETF,Open Ended,Other Scheme - Other  ETFs,2026-09-02,0.25,0.0,2026-09-03T15:06:40Z
SBIM/O/O/DIN/26/03/0204,SBI Nifty G-Sec Jul 2031 Index Fund,Open Ended,Other Scheme - Index Funds,2026-09-01,0.4,0.2,2026-09-03T15:06:40Z
SBIM/O/O/DIN/26/03/0204,SBI Nifty G-Sec Jul 2031 Index Fund,Open Ended,Other Scheme - Index Funds,2026-09-02,0.4,0.2,2026-09-03T15:06:40Z
SBIM/O/O/EIN/01/10/0019,SBI NIFTY INDEX FUND,Open Ended,Other Scheme - Index Funds,2026-09-01,0.43,0.23,2026-09-03T15:06:40Z
SBIM/O/O/EIN/01/10/0019,SBI NIFTY INDEX FUND,Open Ended,Other Scheme - Index Funds,2026-09-02,0.43,0.23,2026-09-03T15:06:40Z
SBIM/O/O/EIN/24/08/0184,SBI Nifty India Consumption Index Fund,Open Ended,Other Scheme - Index Funds,2026-09-01,0.9,0.43,2026-09-03T15:06:40Z
SBIM/O/O/EIN/24/08/0184,SBI Nifty India Consumption Index Fund,Open Ended,Other Scheme - Index Funds,2026-09-02,0.9,0.43,2026-09-03T15:06:40Z
SBIM/O/O/EET/20/07/0120,SBI Nifty IT ETF,Open Ended,Other Scheme - Other  ETFs,2026-09-01,0.24,0.0,2026-09-03T15:06:40Z
SBIM/O/O/EET/20/07/0120,SBI Nifty IT ETF,Open Ended,Other Scheme - Other  ETFs,2026-09-02,0.24,0.0,2026-09-03T15:06:40Z
SBIM/O/O/EIN/24/08/0187,SBI Nifty IT Index Fund,Open Ended,Other Scheme - Index Funds,2026-09-01,0.97,0.5,2026-09-03T15:06:40Z
SBIM/O/O/EIN/24/08/0187,SBI Nifty IT Index Fund,Open Ended,Other Scheme - Index Funds,2026-09-02,0.97,0.5,2026-09-03T15:06:40Z
SBIM/O/O/OET/26/01/0198,SBI Nifty Midcap 150 ETF,Open Ended,Other Scheme - Other  ETFs,2026-09-01,0.22,0.0,2026-09-03T15:06:40Z
SBIM/O/O/OET/26/01/0198,SBI Nifty Midcap 150 ETF,Open Ended,Other Scheme - Other  ETFs,2026-09-02,0.22,0.0,2026-09-03T15:06:40Z
SBIM/O/O/EIN/21/08/0153,SBI Nifty Midcap 150 Index Fund,Open Ended,Other Scheme - Index Funds,2026-09-01,0.89,0.47,2026-09-03T15:06:40Z
SBIM/O/O/EIN/21/08/0153,SBI Nifty Midcap 150 Index Fund,Open Ended,Other Scheme - Index Funds,2026-09-02,0.89,0.47,2026-09-03T15:06:40Z
SBIM/O/O/OET/26/01/0197,SBI Nifty Midcap 150 Momentum 50 ETF,Open Ended,Other Scheme - Other  ETFs,2026-09-01,0.41,0.0,2026-09-03T15:06:40Z
SBIM/O/O/OET/26/01/0197,SBI Nifty Midcap 150 Momentum 50 ETF,Open Ended,Other Scheme - Other  ETFs,2026-09-02,0.41,0.0,2026-09-03T15:06:40Z
SBIM/O/O/FOD/26/06/0206,SBI Nifty Midcap 150 Momentum 50 ETF FOF,Open Ended,Fund of Funds Scheme (Domestic) - Fund of Funds Scheme (Domestic),2026-09-01,0.89,0.42,2026-09-03T15:06:40Z
SBIM/O/O/FOD/26/06/0206,SBI Nifty Midcap 150 Momentum 50 ETF FOF,Open Ended,Fund of Funds Scheme (Domestic) - Fund of Funds Scheme (Domestic),2026-09-02,0.89,0.42,2026-09-03T15:06:40Z
SBIM/O/O/EET/14/10/0043,SBI Nifty Next 50 ETF,Open Ended,Other Scheme - Other  ETFs,2026-09-01,0.15,0.0,2026-09-03T15:06:40Z
SBIM/O/O/EET/14/10/0043,SBI Nifty Next 50 ETF,Open Ended,Other Scheme - Other  ETFs,2026-09-02,0.15,0.0,2026-09-03T15:06:40Z
SBIM/O/O/EIN/21/03/0124,SBI Nifty Next 50 Index Fund,Open Ended,Other Scheme - Index Funds,2026-09-01,0.76,0.37,2026-09-03T15:06:40Z
SBIM/O/O/EIN/21/03/0124,SBI Nifty Next 50 Index Fund,Open Ended,Other Scheme - Index Funds,2026-09-02,0.76,0.37,2026-09-03T15:06:40Z
SBIM/O/O/EET/20/07/0117,SBI Nifty Private Bank ETF,Open Ended,Other Scheme - Other  ETFs,2026-09-01,0.18,0.0,2026-09-03T15:06:40Z
SBIM/O/O/EET/20/07/0117,SBI Nifty Private Bank ETF,Open Ended,Other Scheme - Other  ETFs,2026-09-02,0.18,0.0,2026-09-03T15:06:40Z
SBIM/O/O/EET/26/01/0202,SBI Nifty Smallcap 250 ETF,Open Ended,Other Scheme - Other  ETFs,2026-09-01,0.69,0.0,2026-09-03T15:06:40Z
SBIM/O/O/EET/26/01/0202,SBI Nifty Smallcap 250 ETF,Open Ended,Other Scheme - Other  ETFs,2026-09-02,0.69,0.0,2026-09-03T15:06:40Z
SBIM/O/O/EIN/21/08/0154,SBI Nifty Smallcap 250 Index Fund,Open Ended,Other Scheme - Index Funds,2026-09-01,0.86,0.44,2026-09-03T15:06:40Z
SBIM/O/O/EIN/21/08/0154,SBI Nifty Smallcap 250 Index Fund,Open Ended,Other Scheme - Index Funds,2026-09-02,0.86,0.44,2026-09-03T15:06:40Z
SBIM/O/O/EIN/25/01/0193,SBI Nifty100 Low Volatility 30 Index Fund,Open Ended,Other Scheme - Index Funds,2026-09-01,0.88,0.48,2026-09-03T15:06:40Z
SBIM/O/O/EIN/25/01/0193,SBI Nifty100 Low Volatility 30 Index Fund,Open Ended,Other Scheme - Index Funds,2026-09-02,0.88,0.48,2026-09-03T15:06:40Z
SBIM/O/O/EIN/25/01/0192,SBI Nifty200 Momentum 30 Index Fund,Open Ended,Other Scheme - Index Funds,2026-09-01,1.32,0.93,2026-09-03T15:06:40Z
SBIM/O/O/EIN/25/01/0192,SBI Nifty200 Momentum 30 Index Fund,Open Ended,Other Scheme - Index Funds,2026-09-02,1.32,0.93,2026-09-03T15:06:40Z
SBIM/O/O/EIN/25/01/0191,SBI Nifty200 Quality 30 Index Fund,Open Ended,Other Scheme - Index Funds,2026-09-01,0.86,0.44,2026-09-03T15:06:40Z
SBIM/O/O/EIN/25/01/0191,SBI Nifty200 Quality 30 Index Fund,Open Ended,Other Scheme - Index Funds,2026-09-02,0.86,0.44,2026-09-03T15:06:40Z
SBIM/O/O/EET/26/01/0203,SBI Nifty200 Value 30 ETF,Open Ended,Other Scheme - Other  ETFs,2026-09-01,1.03,0.0,2026-09-03T15:06:40Z
SBIM/O/O/EET/26/01/0203,SBI Nifty200 Value 30 ETF,Open Ended,Other Scheme - Other  ETFs,2026-09-02,1.03,0.0,2026-09-03T15:06:40Z
SBIM/O/O/OET/24/01/0181,SBI Nifty50 Equal Weight ETF,Open Ended,Other Scheme - Other  ETFs,2026-09-01,0.2,0.0,2026-09-03T15:06:40Z
SBIM/O/O/OET/24/01/0181,SBI Nifty50 Equal Weight ETF,Open Ended,Other Scheme - Other  ETFs,2026-09-02,0.2,0.0,2026-09-03T15:06:40Z
SBIM/O/O/EIN/24/01/0175,SBI Nifty50 Equal Weight Index Fund,Open Ended,Other Scheme - Index Funds,2026-09-01,0.95,0.48,2026-09-03T15:06:40Z
SBIM/O/O/EIN/24/01/0175,SBI Nifty50 Equal Weight Index Fund,Open Ended,Other Scheme - Index Funds,2026-09-02,0.95,0.48,2026-09-03T15:06:40Z
SBIM/O/D/ONF/99/05/0011,SBI OVERNIGHT FUND,Open Ended,Debt Scheme - Overnight Fund,2026-09-01,0.14,0.09,2026-09-03T15:06:40Z
SBIM/O/D/ONF/99/05/0011,SBI OVERNIGHT FUND,Open Ended,Debt Scheme - Overnight Fund,2026-09-02,0.14,0.09,2026-09-03T15:06:40Z
SBIM/O/E/SEC/10/02/0035,SBI PSU FUND,Open Ended,Equity Scheme - Sectoral/ Thematic,2026-09-01,1.93,0.96,2026-09-03T15:06:40Z
SBIM/O/E/SEC/10/02/0035,SBI PSU FUND,Open Ended,Equity Scheme - Sectoral/ Thematic,2026-09-02,1.93,0.96,2026-09-03T15:06:40Z
SBIM/O/E/THE/25/09/0196,SBI QUALITY FUND,Open Ended,Equity Scheme - Sectoral/ Thematic,2026-09-01,2.36,1.31,2026-09-03T15:06:40Z
SBIM/O/E/THE/25/09/0196,SBI QUALITY FUND,Open Ended,Equity Scheme - Sectoral/ Thematic,2026-09-02,2.36,1.31,2026-09-03T15:06:40Z
SBIM/O/E/THE/24/06/0185,SBI Quant Fund,Open Ended,Equity Scheme - Sectoral/ Thematic,2026-09-01,2.63,1.61,2026-09-03T15:06:40Z
SBIM/O/E/THE/24/06/0185,SBI Quant Fund,Open Ended,Equity Scheme - Sectoral/ Thematic,2026-09-02,2.63,1.61,2026-09-03T15:06:40Z
SBIM/O/S/RET/20/01/0112,SBI Retirement Benefit Fund - Aggressive Hybrid Plan,Open Ended,Solution Oriented Scheme - Retirement Fund,2026-09-01,2.15,1.22,2026-09-03T15:06:40Z
SBIM/O/S/RET/20/01/0112,SBI Retirement Benefit Fund - Aggressive Hybrid Plan,Open Ended,Solution Oriented Scheme - Retirement Fund,2026-09-02,2.15,1.22,2026-09-03T15:06:40Z
SBIM/O/S/RET/20/01/0111,SBI Retirement Benefit Fund - Aggressive Plan,Open Ended,Solution Oriented Scheme - Retirement Fund,2026-09-01,2.08,1.12,2026-09-03T15:06:40Z
SBIM/O/S/RET/20/01/0111,SBI Retirement Benefit Fund - Aggressive Plan,Open Ended,Solution Oriented Scheme - Retirement Fund,2026-09-02,2.08,1.12,2026-09-03T15:06:40Z
SBIM/O/S/RET/20/01/0113,SBI Retirement Benefit Fund - Conservative Hybrid Plan,Open Ended,Solution Oriented Scheme - Retirement Fund,2026-09-01,1.77,1.24,2026-09-03T15:06:40Z
SBIM/O/S/RET/20/01/0113,SBI Retirement Benefit Fund - Conservative Hybrid Plan,Open Ended,Solution Oriented Scheme - Retirement Fund,2026-09-02,1.77,1.24,2026-09-03T15:06:40Z
SBIM/O/S/RET/20/01/0114,SBI Retirement Benefit Fund - Conservative Plan,Open Ended,Solution Oriented Scheme - Retirement Fund,2026-09-01,1.45,0.98,2026-09-03T15:06:40Z
SBIM/O/S/RET/20/01/0114,SBI Retirement Benefit Fund - Conservative Plan,Open Ended,Solution Oriented Scheme - Retirement Fund,2026-09-02,1.45,0.98,2026-09-03T15:06:40Z
SBIM/O/D/SDF/07/08/0031,SBI Short Term Fund,Open Ended,Income/Debt Oriented Schemes - Short Term Fund,2026-09-01,0.87,0.42,2026-09-03T15:06:40Z
SBIM/O/D/SDF/07/08/0031,SBI Short Term Fund,Open Ended,Income/Debt Oriented Schemes - Short Term Fund,2026-09-02,0.87,0.42,2026-09-03T15:06:40Z
SBIM/O/O/OET/24/05/0179,SBI Silver ETF,Open Ended,Other Scheme - Other  ETFs,2026-09-01,0.41,0.0,2026-09-03T15:06:40Z
SBIM/O/O/OET/24/05/0179,SBI Silver ETF,Open Ended,Other Scheme - Other  ETFs,2026-09-02,0.41,0.0,2026-09-03T15:06:40Z
SBIM/O/O/FOD/24/05/0180,SBI Silver ETF Fund of Fund,Open Ended,Other Scheme - FoF Domestic,2026-09-01,0.65,0.31,2026-09-03T15:06:40Z
SBIM/O/O/FOD/24/05/0180,SBI Silver ETF Fund of Fund,Open Ended,Other Scheme - FoF Domestic,2026-09-02,0.65,0.31,2026-09-03T15:06:40Z
SBIM/O/E/SCF/09/08/0033,SBI SMALL CAP FUND,Open Ended,Equity Scheme - Small Cap Fund,2026-09-01,1.58,0.79,2026-09-03T15:06:40Z
SBIM/O/E/SCF/09/08/0033,SBI SMALL CAP FUND,Open Ended,Equity Scheme - Small Cap Fund,2026-09-02,1.58,0.79,2026-09-03T15:06:40Z
SBIM/O/E/SEC/99/04/0007,SBI TECHNOLOGY OPPORTUNITIES FUND,Open Ended,Equity Scheme - Sectoral/ Thematic,2026-09-01,2.0,1.08,2026-09-03T15:06:40Z
SBIM/O/E/SEC/99/04/0007,SBI TECHNOLOGY OPPORTUNITIES FUND,Open Ended,Equity Scheme - Sectoral/ Thematic,2026-09-02,2.0,1.08,2026-09-03T15:06:40Z
SBIM/O/D/USD/99/05/0012,SBI Ultra Short Term Fund,Open Ended,Income/Debt Oriented Schemes - Ultra Short Term Fund,2026-09-01,0.56,0.35,2026-09-03T15:06:40Z
SBIM/O/D/USD/99/05/0012,SBI Ultra Short Term Fund,Open Ended,Income/Debt Oriented Schemes - Ultra Short Term Fund,2026-09-02,0.56,0.35,2026-09-03T15:06:40Z
SBIM/O/D/LOW/07/08/0030,SBI Ultra Short to Short Term Fund,Open Ended,Income/Debt Oriented Schemes - Ultra Short to Short Term Fund,2026-09-01,0.92,0.44,2026-09-03T15:06:40Z
SBIM/O/D/LOW/07/08/0030,SBI Ultra Short to Short Term Fund,Open Ended,Income/Debt Oriented Schemes - Ultra Short to Short Term Fund,2026-09-02,0.92,0.44,2026-09-03T15:06:40Z
SBIM/O/O/FOO/20/04/0115,SBI US Specific Equity Active FoF,Open Ended,Other Scheme - FoF Overseas,2026-09-01,1.64,1.03,2026-09-03T15:06:40Z
SBIM/O/O/FOO/20/04/0115,SBI US Specific Equity Active FoF,Open Ended,Other Scheme - FoF Overseas,2026-09-02,1.64,1.03,2026-09-03T15:06:40Z
SHRI/O/H/AHF/13/10/0001,Shriram Aggressive Hybrid Fund,Open Ended,Hybrid Schemes - Aggressive Hybrid Fund,2026-09-01,2.45,0.86,2026-09-03T15:06:40Z
SHRI/O/H/AHF/13/10/0001,Shriram Aggressive Hybrid Fund,Open Ended,Hybrid Schemes - Aggressive Hybrid Fund,2026-09-02,2.45,0.86,2026-09-03T15:06:40Z
SHRI/O/H/BAF/19/03/0004,Shriram Balanced Advantage Fund,Open Ended,Hybrid Scheme - Dynamic Asset Allocation or Balanced Advantage,2026-09-01,2.59,0.92,2026-09-03T15:06:40Z
SHRI/O/H/BAF/19/03/0004,Shriram Balanced Advantage Fund,Open Ended,Hybrid Scheme - Dynamic Asset Allocation or Balanced Advantage,2026-09-02,2.59,0.92,2026-09-03T15:06:40Z
SHRI/O/E/ELS/18/11/0003,Shriram ELSS Tax Saver Fund,Open Ended,Equity Scheme - ELSS,2026-09-01,2.54,0.92,2026-09-03T15:06:40Z
SHRI/O/E/ELS/18/11/0003,Shriram ELSS Tax Saver Fund,Open Ended,Equity Scheme - ELSS,2026-09-02,2.54,0.92,2026-09-03T15:06:40Z
SHRI/O/E/FCF/18/04/0002,Shriram Flexi Cap Fund,Open Ended,Equity Scheme - Flexi Cap Fund,2026-09-01,2.57,1.04,2026-09-03T15:06:40Z
SHRI/O/E/FCF/18/04/0002,Shriram Flexi Cap Fund,Open Ended,Equity Scheme - Flexi Cap Fund,2026-09-02,2.57,1.04,2026-09-03T15:06:40Z
SHRI/O/D/LIF/24/06/0008,Shriram Liquid Fund,Open Ended,Debt Scheme - Liquid Fund,2026-09-01,0.29,0.16,2026-09-03T15:06:40Z
SHRI/O/D/LIF/24/06/0008,Shriram Liquid Fund,Open Ended,Debt Scheme - Liquid Fund,2026-09-02,0.29,0.16,2026-09-03T15:06:40Z
SHRI/O/D/MMF/25/12/0010,Shriram Money Market Fund,Open Ended,Debt Scheme - Money Market Fund,2026-09-01,0.35,0.12,2026-09-03T15:06:40Z
SHRI/O/D/MMF/25/12/0010,Shriram Money Market Fund,Open Ended,Debt Scheme - Money Market Fund,2026-09-02,0.35,0.12,2026-09-03T15:06:40Z
SHRI/O/H/MAA/23/07/0006,Shriram Multi Asset Allocation Fund,Open Ended,Hybrid Schemes - Multi Asset Allocation Fund,2026-09-01,2.47,0.61,2026-09-03T15:06:40Z
SHRI/O/H/MAA/23/07/0006,Shriram Multi Asset Allocation Fund,Open Ended,Hybrid Schemes - Multi Asset Allocation Fund,2026-09-02,2.47,0.61,2026-09-03T15:06:40Z
SHRI/O/E/THE/24/09/0009,Shriram Multi Sector Rotation Fund,Open Ended,Equity Scheme - Sectoral/ Thematic,2026-09-01,2.75,1.02,2026-09-03T15:06:40Z
SHRI/O/E/THE/24/09/0009,Shriram Multi Sector Rotation Fund,Open Ended,Equity Scheme - Sectoral/ Thematic,2026-09-02,2.75,1.02,2026-09-03T15:06:40Z
SHRI/O/O/DET/24/05/0007,Shriram Nifty 1D Rate Liquid ETF,Open Ended,Other Scheme - Other  ETFs,2026-09-01,0.52,0.0,2026-09-03T15:06:40Z
SHRI/O/O/DET/24/05/0007,Shriram Nifty 1D Rate Liquid ETF,Open Ended,Other Scheme - Other  ETFs,2026-09-02,0.52,0.0,2026-09-03T15:06:40Z
SHRI/O/D/ONF/22/07/0005,Shriram Overnight Fund,Open Ended,Debt Scheme - Overnight Fund,2026-09-01,0.25,0.19,2026-09-03T15:06:40Z
SHRI/O/D/ONF/22/07/0005,Shriram Overnight Fund,Open Ended,Debt Scheme - Overnight Fund,2026-09-02,0.25,0.19,2026-09-03T15:06:40Z
SUND/O/H/BHF/99/12/0005,Sundaram Aggressive Hybrid Fund (Formerly Known as Principal Hybrid Equity Fund),Open Ended,Hybrid Scheme - Aggressive Hybrid Fund,2026-09-01,2.14,1.15,2026-09-03T15:06:40Z
SUND/O/H/ARB/15/09/0026,Sundaram Arbitrage Fund(Formerly Known as Prinicpal Arbitrage Fund),Open Ended,Hybrid Scheme - Arbitrage Fund,2026-09-01,1.71,0.99,2026-09-03T15:06:40Z
SUND/O/D/BPF/04/12/0015,Sundaram Banking and PSU Debt Fund (Formerly Known as Sundaram Banking and PSU Fund),Open Ended,Income/Debt Oriented Schemes - Banking and PSU Debt Fund,2026-09-01,0.42,0.27,2026-09-03T15:06:40Z
SUND/O/E/THE/24/04/0054,Sundaram Business Cycle Fund,Open Ended,Equity Scheme - Sectoral/ Thematic,2026-09-01,2.6,1.15,2026-09-03T15:06:40Z
SUND/O/H/CHF/10/03/0023,Sundaram Conservative Hybrid Fund (Formerly Known as Sundaram Debt Oriented Hybrid Fund),Open Ended,Hybrid Scheme - Conservative Hybrid Fund,2026-09-01,1.89,1.13,2026-09-03T15:06:40Z
SUND/O/E/THE/05/06/0018,Sundaram Consumption Fund (Formerly Known as Sundaram Rural and Consumption Fund),Open Ended,Equity Scheme - Sectoral/ Thematic,2026-09-01,2.51,1.66,2026-09-03T15:06:40Z
SUND/O/D/CBF/04/12/0014,Sundaram Corporate Bond Fund,Open Ended,Debt Scheme - Corporate Bond Fund,2026-09-01,0.56,0.33,2026-09-03T15:06:40Z
SUND/O/E/DYF/04/08/0012,Sundaram Dividend Yield Fund (Formerly Known as Principal Dividend Yield Fund),Open Ended,Equity Scheme - Dividend Yield Fund,2026-09-01,2.38,1.22,2026-09-03T15:06:40Z
SUND/O/H/BAF/10/09/0024,Sundaram Dynamic Asset Allocation Fund (Formerly Known as Sundaram Balanced Advantage Fund),Open Ended,Hybrid Schemes - Balanced Advantage Fund/ Dynamic Asset Allocation,2026-09-01,2.52,1.11,2026-09-03T15:06:40Z
SUND/O/E/ELS/95/12/0001,Sundaram ELSS Tax Saver Fund,Open Ended,Equity Scheme - ELSS,2026-09-01,2.29,1.77,2026-09-03T15:06:40Z
SUND/O/H/ESF/02/01/0008,Sundaram Equity Savings Fund (Formerly Known as Principal Equity Savings Fund),Open Ended,Hybrid Scheme - Equity Savings,2026-09-01,2.77,1.33,2026-09-03T15:06:40Z
SUND/O/E/SEC/08/03/0022,Sundaram Financial Services Opportunities Fund,Open Ended,Equity Scheme - Sectoral/ Thematic,2026-09-01,2.19,0.92,2026-09-03T15:06:40Z
SUND/O/E/FCF/22/07/0052,Sundaram Flexicap Fund,Open Ended,Equity Scheme - Flexi Cap Fund,2026-09-01,2.17,0.86,2026-09-03T15:06:40Z
SUND/O/E/FOC/05/05/0016,Sundaram Focused Fund (Formerly Known as Principal Focused Multicap Fund),Open Ended,Equity Scheme - Focused Fund,2026-09-01,2.31,1.31,2026-09-03T15:06:40Z
SUND/O/O/FOO/07/07/0020,Sundaram Global Brand Theme-Equity Active FOF,Open Ended,Other Scheme - FoF Overseas,2026-09-01,2.29,1.37,2026-09-03T15:06:40Z
SUND/O/O/FOO/07/07/0020,Sundaram Global Brand Theme-Equity Active FOF,Open Ended,Other Scheme - FoF Overseas,2026-09-02,2.29,1.37,2026-09-03T15:06:40Z
SUND/O/O/FOD/25/09/0056,Sundaram Income Plus Arbitrage Active FoF,Open Ended,Other Scheme - FoF Domestic,2026-09-01,0.62,0.37,2026-09-03T15:06:40Z
SUND/O/E/THE/05/06/0017,Sundaram Infrastructure Advantage Fund (Erstwhile Sundaram Capex Opportunities),Open Ended,Equity Scheme - Sectoral/ Thematic,2026-09-01,2.31,1.78,2026-09-03T15:06:40Z
SUND/O/E/LMF/06/12/0019,Sundaram Large and Midcap Fund,Open Ended,Equity Scheme - Large & Mid Cap Fund,2026-09-01,2.36,1.35,2026-09-03T15:06:40Z
SUND/O/E/LCF/20/01/0051,Sundaram Large Cap Fund ( Formerly Know as Sundaram Blue Chip Fund),Open Ended,Equity Scheme - Large Cap Fund,2026-09-01,2.06,0.86,2026-09-03T15:06:40Z
SUND/O/D/LIF/00/09/0007,Sundaram Liquid Fund (Formerly Known as Principal Cash Management Fund),Open Ended,Debt Scheme - Liquid Fund,2026-09-01,0.36,0.14,2026-09-03T15:06:40Z
SUND/C/E/ELS/16/06/0028,SUNDARAM LONG TERM MICRO CAP TAX ADVANTAGE FUND SERIES III,Close Ended,ELSS,2026-09-01,1.23,1.04,2026-09-03T15:06:40Z
SUND/C/E/ELS/16/06/0029,SUNDARAM LONG TERM MICRO CAP TAX ADVANTAGE FUND SERIES IV,Close Ended,ELSS,2026-09-01,1.23,1.12,2026-09-03T15:06:40Z
SUND/C/E/ELS/17/02/0031,SUNDARAM LONG TERM MICRO CAP TAX ADVANTAGE FUND SERIES VI,Close Ended,ELSS,2026-09-01,1.23,0.98,2026-09-03T15:06:40Z
SUND/C/E/ELS/17/02/0030,SUNDARAM LONG TERM MICRO CAP TAX ADVANTAGE SERIES V,Close Ended,ELSS,2026-09-01,1.23,1.01,2026-09-03T15:06:40Z
SUND/C/E/ELS/17/12/0036,Sundaram Long Term Tax Advantage Fund Series III,Close Ended,ELSS,2026-09-01,1.24,1.01,2026-09-03T15:06:40Z
SUND/C/E/ELS/17/12/0037,Sundaram Long Term Tax Advantage Fund Series IV,Close Ended,ELSS,2026-09-01,1.23,1.03,2026-09-03T15:06:40Z
SUND/O/D/MDF/97/08/0002,Sundaram Medium Term Fund (Formerly Known as Sundaram Medium Duration Fund),Open Ended,Income/Debt Oriented Schemes - Medium Term Fund,2026-09-01,1.9,1.16,2026-09-03T15:06:40Z
SUND/O/E/MIF/02/06/0010,Sundaram Mid Cap Fund,Open Ended,Equity Scheme - Mid Cap Fund,2026-09-01,1.86,1.05,2026-09-03T15:06:40Z
SUND/O/D/MMF/18/07/0048,Sundaram Money Market Fund,Open Ended,Debt Scheme - Money Market Fund,2026-09-01,0.38,0.2,2026-09-03T15:06:40Z
SUND/O/H/MAA/23/12/0053,Sundaram Multi Asset Allocation Fund,Open Ended,Hybrid Scheme - Multi Asset Allocation,2026-09-01,2.09,0.78,2026-09-03T15:06:40Z
SUND/O/E/MCF/00/09/0006,Sundaram Multi Cap Fund (Formerly Known as Principal Multi Cap Growth Fund),Open Ended,Equity Scheme - Multi Cap Fund,2026-09-01,2.3,1.25,2026-09-03T15:06:40Z
SUND/O/E/THE/25/04/0055,Sundaram Multi-Factor Fund,Open Ended,Equity Scheme - Sectoral/ Thematic,2026-09-01,3.22,1.76,2026-09-03T15:06:40Z
SUND/O/O/OIN/99/05/0003,Sundaram Nifty 100 Equal Weight Fund (Formerly Known as Principal Nifty 100 Equal Weight Fund),Open Ended,Other Scheme - Index Funds,2026-09-01,1.19,0.72,2026-09-03T15:06:40Z
SUND/O/D/ONF/18/12/0049,Sundaram Overnight Fund,Open Ended,Debt Scheme - Overnight Fund,2026-09-01,0.17,0.08,2026-09-03T15:06:40Z
SUND/O/E/THE/18/07/0047,Sundaram Services Fund,Open Ended,Equity Scheme - Sectoral/ Thematic,2026-09-01,1.94,0.84,2026-09-03T15:06:40Z
SUND/O/D/SDF/02/03/0009,Sundaram Short Term Fund (Formerly Known as Sundaram Short Duration Fund),Open Ended,Income/Debt Oriented Schemes - Short Term Fund,2026-09-01,0.8,0.28,2026-09-03T15:06:40Z
SUND/O/E/SCF/04/12/0013,Sundaram Small Cap Fund,Open Ended,Equity Scheme - Small Cap Fund,2026-09-01,2.01,0.97,2026-09-03T15:06:40Z
SUND/O/D/USD/07/07/0021,Sundaram Ultra Short Term Fund (Formerly Known as Sundaram Ultra Short Duration Fund),Open Ended,Income/Debt Oriented Schemes - Ultra Short Term Fund,2026-09-01,1.39,0.23,2026-09-03T15:06:40Z
SUND/O/D/LOW/04/08/0011,Sundaram Ultra Short to Short Term Fund (Formerly Known as Sundaram Low Duration Fund),Open Ended,Income/Debt Oriented Schemes - Ultra Short to Short Term Fund,2026-09-01,1.14,0.4,2026-09-03T15:06:40Z
SUND/O/E/ELS/99/08/0004,Sundaram Value Fund,Open Ended,Equity Scheme - Value Fund,2026-09-01,2.29,1.77,2026-09-03T15:06:40Z
TATA/O/H/AHF/95/07/0003,TATA AGGRESSIVE HYBRID FUND,Open Ended,Hybrid Scheme - Aggressive Hybrid Fund,2026-09-01,2.15,1.21,2026-09-03T15:06:40Z
TATA/O/H/AHF/95/07/0003,TATA AGGRESSIVE HYBRID FUND,Open Ended,Hybrid Scheme - Aggressive Hybrid Fund,2026-09-02,2.15,1.21,2026-09-03T15:06:40Z
TATA/O/H/ARB/18/06/0030,TATA ARBITRAGE FUND,Open Ended,Hybrid Scheme - Arbitrage Fund,2026-09-01,2.29,1.61,2026-09-03T15:06:40Z
TATA/O/H/ARB/18/06/0030,TATA ARBITRAGE FUND,Open Ended,Hybrid Scheme - Arbitrage Fund,2026-09-02,2.29,1.61,2026-09-03T15:06:40Z
TATA/O/H/BAF/18/07/0031,TATA BALANCED ADVANTAGE FUND,Open Ended,Hybrid Scheme - Dynamic Asset Allocation or Balanced Advantage,2026-09-01,1.87,0.69,2026-09-03T15:06:40Z
TATA/O/H/BAF/18/07/0031,TATA BALANCED ADVANTAGE FUND,Open Ended,Hybrid Scheme - Dynamic Asset Allocation or Balanced Advantage,2026-09-02,1.87,0.69,2026-09-03T15:06:40Z
TATA/O/E/SEC/15/10/0024,TATA BANKING & FINANCIAL SERVICES FUND,Open Ended,Equity Scheme - Sectoral/ Thematic,2026-09-01,2.22,0.92,2026-09-03T15:06:40Z
TATA/O/E/SEC/15/10/0024,TATA BANKING & FINANCIAL SERVICES FUND,Open Ended,Equity Scheme - Sectoral/ Thematic,2026-09-02,2.22,0.92,2026-09-03T15:06:40Z
TATA/O/O/OIN/25/11/0079,TATA BSE MULTICAP CONSUMPTION 50:30:20 INDEX FUND,Open Ended,Other Scheme - Index Funds,2026-09-01,1.22,0.49,2026-09-03T15:06:40Z
TATA/O/O/OIN/25/11/0079,TATA BSE MULTICAP CONSUMPTION 50:30:20 INDEX FUND,Open Ended,Other Scheme - Index Funds,2026-09-02,1.22,0.5,2026-09-03T15:06:40Z
TATA/O/O/OIN/25/02/0075,TATA BSE QUALITY INDEX FUND,Open Ended,Other Scheme - Index Funds,2026-09-01,1.07,0.41,2026-09-03T15:06:40Z
TATA/O/O/OIN/25/02/0075,TATA BSE QUALITY INDEX FUND,Open Ended,Other Scheme - Index Funds,2026-09-02,1.07,0.41,2026-09-03T15:06:40Z
TATA/O/O/OIN/24/11/0073,TATA BSE SELECT BUSINESS GROUPS INDEX FUND,Open Ended,Other Scheme - Index Funds,2026-09-01,1.06,0.4,2026-09-03T15:06:40Z
TATA/O/O/OIN/24/11/0073,TATA BSE SELECT BUSINESS GROUPS INDEX FUND,Open Ended,Other Scheme - Index Funds,2026-09-02,1.06,0.4,2026-09-03T15:06:40Z
TATA/O/O/EIN/02/11/0015,TATA BSE SENSEX INDEX FUND,Open Ended,Other Scheme - Index Funds,2026-09-01,0.58,0.33,2026-09-03T15:06:40Z
TATA/O/O/EIN/02/11/0015,TATA BSE SENSEX INDEX FUND,Open Ended,Other Scheme - Index Funds,2026-09-02,0.58,0.33,2026-09-03T15:06:40Z
TATA/O/E/THE/21/06/0045,TATA BUSINESS CYCLE FUND,Open Ended,Equity Scheme - Sectoral/ Thematic,2026-09-01,2.16,0.89,2026-09-03T15:06:40Z
TATA/O/E/THE/21/06/0045,TATA BUSINESS CYCLE FUND,Open Ended,Equity Scheme - Sectoral/ Thematic,2026-09-02,2.16,0.9,2026-09-03T15:06:40Z
TATA/O/S/CHI/95/07/0004,TATA CHILDRENS FUND,Open Ended,Solution Oriented Scheme - Children’s Fund,2026-09-01,2.45,1.84,2026-09-03T15:06:40Z
TATA/O/S/CHI/95/07/0004,TATA CHILDRENS FUND,Open Ended,Solution Oriented Scheme - Children’s Fund,2026-09-02,2.45,1.84,2026-09-03T15:06:40Z
TATA/O/D/CBF/21/05/0044,TATA CORPORATE BOND FUND,Open Ended,Debt Scheme - Corporate Bond Fund,2026-09-01,0.82,0.32,2026-09-03T15:06:40Z
TATA/O/D/CBF/21/05/0044,TATA CORPORATE BOND FUND,Open Ended,Debt Scheme - Corporate Bond Fund,2026-09-02,0.82,0.32,2026-09-03T15:06:40Z
TATA/O/E/SEC/15/10/0025,TATA DIGITAL INDIA FUND,Open Ended,Equity Scheme - Sectoral/ Thematic,2026-09-01,1.74,0.66,2026-09-03T15:06:40Z
TATA/O/E/SEC/15/10/0025,TATA DIGITAL INDIA FUND,Open Ended,Equity Scheme - Sectoral/ Thematic,2026-09-02,1.74,0.66,2026-09-03T15:06:40Z
TATA/O/E/DYF/21/03/0042,TATA DIVIDEND YIELD FUND,Open Ended,Equity Scheme - Dividend Yield Fund,2026-09-01,2.3,0.77,2026-09-03T15:06:40Z
TATA/O/E/DYF/21/03/0042,TATA DIVIDEND YIELD FUND,Open Ended,Equity Scheme - Dividend Yield Fund,2026-09-02,2.3,0.77,2026-09-03T15:06:40Z
TATA/O/E/ELS/95/11/0005,TATA ELSS FUND,Open Ended,Equity Scheme - ELSS,2026-09-01,1.93,0.88,2026-09-03T15:06:40Z
TATA/O/E/ELS/95/11/0005,TATA ELSS FUND,Open Ended,Equity Scheme - ELSS,2026-09-02,1.93,0.88,2026-09-03T15:06:40Z
TATA/O/E/THE/96/02/0006,TATA ETHICAL FUND,Open Ended,Equity Scheme - Sectoral/ Thematic,2026-09-01,1.94,0.82,2026-09-03T15:06:40Z
TATA/O/E/THE/96/02/0006,TATA ETHICAL FUND,Open Ended,Equity Scheme - Sectoral/ Thematic,2026-09-02,1.95,0.82,2026-09-03T15:06:40Z
TATA/O/E/FCF/18/05/0029,TATA FLEXI CAP FUND,Open Ended,Equity Scheme - Flexi Cap Fund,2026-09-01,2.1,0.88,2026-09-03T15:06:40Z
TATA/O/E/FCF/18/05/0029,TATA FLEXI CAP FUND,Open Ended,Equity Scheme - Flexi Cap Fund,2026-09-02,2.1,0.88,2026-09-03T15:06:40Z
TATA/O/D/FLF/21/04/0043,TATA FLOATING RATE FUND,Open Ended,Debt Scheme - Floater Fund,2026-09-01,0.72,0.32,2026-09-03T15:06:40Z
TATA/O/D/FLF/21/04/0043,TATA FLOATING RATE FUND,Open Ended,Debt Scheme - Floater Fund,2026-09-02,0.71,0.32,2026-09-03T15:06:40Z
TATA/O/E/FOC/19/10/0040,TATA FOCUSED FUND,Open Ended,Equity Scheme - Focused Fund,2026-09-01,2.27,0.92,2026-09-03T15:06:40Z
TATA/O/E/FOC/19/10/0040,TATA FOCUSED FUND,Open Ended,Equity Scheme - Focused Fund,2026-09-02,2.27,0.92,2026-09-03T15:06:40Z
TATA/O/D/GIL/99/07/0011,TATA GILT SECURITIES FUND,Open Ended,Debt Scheme - Gilt Fund,2026-09-01,1.32,0.3,2026-09-03T15:06:40Z
TATA/O/D/GIL/99/07/0011,TATA GILT SECURITIES FUND,Open Ended,Debt Scheme - Gilt Fund,2026-09-02,1.32,0.3,2026-09-03T15:06:40Z
TATA/O/O/FOD/23/12/0057,TATA GOLD ETF FUND OF FUND,Open Ended,Other Scheme - FoF Domestic,2026-09-01,0.64,0.24,2026-09-03T15:06:40Z
TATA/O/O/FOD/23/12/0057,TATA GOLD ETF FUND OF FUND,Open Ended,Other Scheme - FoF Domestic,2026-09-02,0.64,0.24,2026-09-03T15:06:40Z
TATA/O/O/GET/23/12/0058,TATA GOLD EXCHANGE TRADED FUND,Open Ended,Other Scheme - Gold ETF,2026-09-01,0.0,0.35,2026-09-03T15:06:40Z
TATA/O/O/GET/23/12/0058,TATA GOLD EXCHANGE TRADED FUND,Open Ended,Other Scheme - Gold ETF,2026-09-02,0.0,0.35,2026-09-03T15:06:40Z
TATA/O/E/THE/22/07/0049,TATA HOUSING OPPORTUNITIES FUND,Open Ended,Equity Scheme - Sectoral/ Thematic,2026-09-01,2.65,1.1,2026-09-03T15:06:40Z
TATA/O/E/THE/22/07/0049,TATA HOUSING OPPORTUNITIES FUND,Open Ended,Equity Scheme - Sectoral/ Thematic,2026-09-02,2.65,1.1,2026-09-03T15:06:40Z
TATA/O/O/FOD/25/04/0076,TATA INCOME PLUS ARBITRAGE ACTIVE FOF,Open Ended,Other Scheme - FoF Domestic,2026-09-01,0.58,0.1,2026-09-03T15:06:40Z
TATA/O/O/FOD/25/04/0076,TATA INCOME PLUS ARBITRAGE ACTIVE FOF,Open Ended,Other Scheme - FoF Domestic,2026-09-02,0.58,0.1,2026-09-03T15:06:40Z
TATA/O/E/SEC/15/10/0026,TATA INDIA CONSUMER FUND,Open Ended,Equity Scheme - Sectoral/ Thematic,2026-09-01,2.11,0.91,2026-09-03T15:06:40Z
TATA/O/E/SEC/15/10/0026,TATA INDIA CONSUMER FUND,Open Ended,Equity Scheme - Sectoral/ Thematic,2026-09-02,2.11,0.91,2026-09-03T15:06:40Z
TATA/O/E/THE/24/10/0072,TATA INDIA INNOVATION FUND,Open Ended,Equity Scheme - Sectoral/ Thematic,2026-09-01,2.35,0.95,2026-09-03T15:06:40Z
TATA/O/E/THE/24/10/0072,TATA INDIA INNOVATION FUND,Open Ended,Equity Scheme - Sectoral/ Thematic,2026-09-02,2.35,0.95,2026-09-03T15:06:40Z
TATA/O/E/SEC/15/10/0027,TATA INDIA PHARMA & HEALTHCARE FUND,Open Ended,Equity Scheme - Sectoral/ Thematic,2026-09-01,2.37,1.06,2026-09-03T15:06:40Z
TATA/O/E/SEC/15/10/0027,TATA INDIA PHARMA & HEALTHCARE FUND,Open Ended,Equity Scheme - Sectoral/ Thematic,2026-09-02,2.37,1.06,2026-09-03T15:06:40Z
TATA/O/E/SEC/04/08/0019,TATA INFRASTRUCTURE FUND,Open Ended,Equity Scheme - Sectoral/ Thematic,2026-09-01,2.11,1.22,2026-09-03T15:06:40Z
TATA/O/E/SEC/04/08/0019,TATA INFRASTRUCTURE FUND,Open Ended,Equity Scheme - Sectoral/ Thematic,2026-09-02,2.11,1.22,2026-09-03T15:06:40Z
TATA/O/E/LMF/93/01/0001,TATA LARGE & MID CAP FUND,Open Ended,Equity Scheme - Large & Mid Cap Fund,2026-09-01,1.83,0.77,2026-09-03T15:06:40Z
TATA/O/E/LMF/93/01/0001,TATA LARGE & MID CAP FUND,Open Ended,Equity Scheme - Large & Mid Cap Fund,2026-09-02,1.83,0.77,2026-09-03T15:06:40Z
TATA/O/E/LCF/98/02/0009,TATA LARGE CAP FUND,Open Ended,Equity Scheme - Large Cap Fund,2026-09-01,2.22,1.23,2026-09-03T15:06:40Z
TATA/O/E/LCF/98/02/0009,TATA LARGE CAP FUND,Open Ended,Equity Scheme - Large Cap Fund,2026-09-02,2.22,1.23,2026-09-03T15:06:40Z
TATA/O/D/LIF/03/11/0017,TATA LIQUID FUND,Open Ended,Debt Scheme - Liquid Fund,2026-09-01,0.33,0.23,2026-09-03T15:06:40Z
TATA/O/D/LIF/03/11/0017,TATA LIQUID FUND,Open Ended,Debt Scheme - Liquid Fund,2026-09-02,0.33,0.23,2026-09-03T15:06:40Z
TATA/O/E/MIF/94/05/0002,TATA MID CAP FUND,Open Ended,Equity Scheme - Mid Cap Fund,2026-09-01,2.03,0.85,2026-09-03T15:06:40Z
TATA/O/E/MIF/94/05/0002,TATA MID CAP FUND,Open Ended,Equity Scheme - Mid Cap Fund,2026-09-02,2.03,0.85,2026-09-03T15:06:40Z
TATA/O/D/MMF/98/07/0010,TATA MONEY MARKET FUND,Open Ended,Debt Scheme - Money Market Fund,2026-09-01,0.4,0.18,2026-09-03T15:06:40Z
TATA/O/D/MMF/98/07/0010,TATA MONEY MARKET FUND,Open Ended,Debt Scheme - Money Market Fund,2026-09-02,0.4,0.18,2026-09-03T15:06:40Z
TATA/O/H/MAA/19/09/0039,TATA MULTI ASSET ALLOCATION FUND,Open Ended,Hybrid Scheme - Multi Asset Allocation,2026-09-01,1.95,0.64,2026-09-03T15:06:40Z
TATA/O/H/MAA/19/09/0039,TATA MULTI ASSET ALLOCATION FUND,Open Ended,Hybrid Scheme - Multi Asset Allocation,2026-09-02,1.95,0.65,2026-09-03T15:06:40Z
TATA/O/O/FOD/26/02/0080,TATA MULTI SECTOR PASSIVE FOF,Open Ended,Fund of Funds Scheme (Domestic) - Fund of Funds Scheme (Domestic),2026-09-01,0.68,0.25,2026-09-03T15:06:40Z
TATA/O/O/FOD/26/02/0080,TATA MULTI SECTOR PASSIVE FOF,Open Ended,Fund of Funds Scheme (Domestic) - Fund of Funds Scheme (Domestic),2026-09-02,0.68,0.25,2026-09-03T15:06:40Z
TATA/O/E /MCF/22/10/0053,TATA MULTICAP FUND,Open Ended,Equity Scheme - Multi Cap Fund,2026-09-01,2.15,0.78,2026-09-03T15:06:40Z
TATA/O/E /MCF/22/10/0053,TATA MULTICAP FUND,Open Ended,Equity Scheme - Multi Cap Fund,2026-09-02,2.15,0.78,2026-09-03T15:06:40Z
TATA/O/O/OET/18/09/0034,TATA NIFTY 50 EXCHANGE TRADED FUND,Open Ended,Other Scheme - Other  ETFs,2026-09-01,0.0,0.09,2026-09-03T15:06:40Z
TATA/O/O/OET/18/09/0034,TATA NIFTY 50 EXCHANGE TRADED FUND,Open Ended,Other Scheme - Other  ETFs,2026-09-02,0.0,0.09,2026-09-03T15:06:40Z
TATA/O/O/EIN/02/11/0014,TATA NIFTY 50 INDEX FUND,Open Ended,Other Scheme - Index Funds,2026-09-01,0.53,0.26,2026-09-03T15:06:40Z
TATA/O/O/EIN/02/11/0014,TATA NIFTY 50 INDEX FUND,Open Ended,Other Scheme - Index Funds,2026-09-02,0.53,0.26,2026-09-03T15:06:40Z
TATA/O/O/OIN/24/02/0063,TATA NIFTY AUTO INDEX FUND,Open Ended,Other Scheme - Index Funds,2026-09-01,1.04,0.5,2026-09-03T15:06:40Z
TATA/O/O/OIN/24/02/0063,TATA NIFTY AUTO INDEX FUND,Open Ended,Other Scheme - Index Funds,2026-09-02,1.04,0.5,2026-09-03T15:06:40Z
TATA/O/O/OIN/24/09/0071,TATA NIFTY CAPITAL MARKETS INDEX FUND,Open Ended,Other Scheme - Index Funds,2026-09-01,1.22,0.62,2026-09-03T15:06:40Z
TATA/O/O/OIN/24/09/0071,TATA NIFTY CAPITAL MARKETS INDEX FUND,Open Ended,Other Scheme - Index Funds,2026-09-02,1.22,0.62,2026-09-03T15:06:40Z
TATA/O/O/OIN/24/02/0062,TATA NIFTY FINANCIAL SERVICES INDEX FUND,Open Ended,Other Scheme - Index Funds,2026-09-01,1.11,0.55,2026-09-03T15:06:40Z
TATA/O/O/OIN/24/02/0062,TATA NIFTY FINANCIAL SERVICES INDEX FUND,Open Ended,Other Scheme - Index Funds,2026-09-02,1.11,0.55,2026-09-03T15:06:40Z
TATA/O/O/DIN/22/12/0055,TATA NIFTY G-SEC DEC 2026 INDEX FUND,Open Ended,Other Scheme - Index Funds,2026-09-01,0.4,0.17,2026-09-03T15:06:40Z
TATA/O/O/DIN/22/12/0055,TATA NIFTY G-SEC DEC 2026 INDEX FUND,Open Ended,Other Scheme - Index Funds,2026-09-02,0.4,0.17,2026-09-03T15:06:40Z
TATA/O/O /DIN/22/11/0054,TATA NIFTY G-SEC DEC 2029 INDEX FUND,Open Ended,Other Scheme - Index Funds,2026-09-01,0.42,0.19,2026-09-03T15:06:40Z
TATA/O/O /DIN/22/11/0054,TATA NIFTY G-SEC DEC 2029 INDEX FUND,Open Ended,Other Scheme - Index Funds,2026-09-02,0.42,0.19,2026-09-03T15:06:40Z
TATA/O/O/FOD/22/03/0048,TATA NIFTY INDIA DIGITAL ETF FUND OF FUND,Open Ended,Other Scheme - FoF Domestic,2026-09-01,0.48,0.14,2026-09-03T15:06:40Z
TATA/O/O/FOD/22/03/0048,TATA NIFTY INDIA DIGITAL ETF FUND OF FUND,Open Ended,Other Scheme - FoF Domestic,2026-09-02,0.48,0.14,2026-09-03T15:06:40Z
TATA/O/O/EET/22/01/0046,TATA NIFTY INDIA DIGITAL EXCHANGE TRADED FUND,Open Ended,Other Scheme - Other  ETFs,2026-09-01,0.0,0.5,2026-09-03T15:06:40Z
TATA/O/O/EET/22/01/0046,TATA NIFTY INDIA DIGITAL EXCHANGE TRADED FUND,Open Ended,Other Scheme - Other  ETFs,2026-09-02,0.0,0.5,2026-09-03T15:06:40Z
TATA/O/O/OIN/24/06/0069,TATA NIFTY INDIA TOURISM INDEX FUND,Open Ended,Other Scheme - Index Funds,2026-09-01,1.08,0.52,2026-09-03T15:06:40Z
TATA/O/O/OIN/24/06/0069,TATA NIFTY INDIA TOURISM INDEX FUND,Open Ended,Other Scheme - Index Funds,2026-09-02,1.08,0.52,2026-09-03T15:06:40Z
TATA/O/O/OIN/25/05/0077,TATA NIFTY MIDCAP 150 INDEX FUND,Open Ended,Other Scheme - Index Funds,2026-09-01,1.05,0.23,2026-09-03T15:06:40Z
TATA/O/O/OIN/25/05/0077,TATA NIFTY MIDCAP 150 INDEX FUND,Open Ended,Other Scheme - Index Funds,2026-09-02,1.05,0.23,2026-09-03T15:06:40Z
TATA/O/O/EIN/22/09/0052,TATA NIFTY MIDCAP 150 MOMENTUM 50 INDEX FUND,Open Ended,Other Scheme - Index Funds,2026-09-01,1.35,0.82,2026-09-03T15:06:40Z
TATA/O/O/EIN/22/09/0052,TATA NIFTY MIDCAP 150 MOMENTUM 50 INDEX FUND,Open Ended,Other Scheme - Index Funds,2026-09-02,1.35,0.82,2026-09-03T15:06:40Z
TATA/O/O/OIN/24/03/0065,TATA NIFTY MIDSMALL HEALTHCARE INDEX FUND,Open Ended,Other Scheme - Index Funds,2026-09-01,1.12,0.56,2026-09-03T15:06:40Z
TATA/O/O/OIN/24/03/0065,TATA NIFTY MIDSMALL HEALTHCARE INDEX FUND,Open Ended,Other Scheme - Index Funds,2026-09-02,1.12,0.56,2026-09-03T15:06:40Z
TATA/O/O/OIN/25/08/0078,TATA NIFTY NEXT 50 INDEX FUND,Open Ended,Other Scheme - Index Funds,2026-09-01,1.09,0.31,2026-09-03T15:06:40Z
TATA/O/O/OIN/25/08/0078,TATA NIFTY NEXT 50 INDEX FUND,Open Ended,Other Scheme - Index Funds,2026-09-02,1.09,0.31,2026-09-03T15:06:40Z
TATA/O/O/OET/19/07/0038,TATA NIFTY PRIVATE BANK EXCHANGE TRADED FUND,Open Ended,Other Scheme - Other  ETFs,2026-09-01,0.0,0.39,2026-09-03T15:06:40Z
TATA/O/O/OET/19/07/0038,TATA NIFTY PRIVATE BANK EXCHANGE TRADED FUND,Open Ended,Other Scheme - Other  ETFs,2026-09-02,0.0,0.39,2026-09-03T15:06:40Z
TATA/O/O/OIN/24/02/0064,TATA NIFTY REALTY INDEX FUND,Open Ended,Other Scheme - Index Funds,2026-09-01,1.12,0.58,2026-09-03T15:06:40Z
TATA/O/O/OIN/24/02/0064,TATA NIFTY REALTY INDEX FUND,Open Ended,Other Scheme - Index Funds,2026-09-02,1.12,0.58,2026-09-03T15:06:40Z
TATA/O/D/DIN/22/03/0047,TATA NIFTY SDL PLUS AAA PSU BOND DEC 2027 60 40 INDEX FUND,Open Ended,Other Scheme - Index Funds,2026-09-01,0.45,0.24,2026-09-03T15:06:40Z
TATA/O/D/DIN/22/03/0047,TATA NIFTY SDL PLUS AAA PSU BOND DEC 2027 60 40 INDEX FUND,Open Ended,Other Scheme - Index Funds,2026-09-02,0.45,0.24,2026-09-03T15:06:40Z
TATA/O/O/OIN/24/08/0070,TATA NIFTY200 ALPHA 30 INDEX FUND,Open Ended,Other Scheme - Index Funds,2026-09-01,1.31,0.76,2026-09-03T15:06:40Z
TATA/O/O/OIN/24/08/0070,TATA NIFTY200 ALPHA 30 INDEX FUND,Open Ended,Other Scheme - Index Funds,2026-09-02,1.31,0.76,2026-09-03T15:06:40Z
TATA/O/O/OIN/24/03/0066,TATA NIFTY500 MULTICAP INDIA MANUFACTURING 50:30:20 INDEX FUND,Open Ended,Other Scheme - Index Funds,2026-09-01,1.12,0.56,2026-09-03T15:06:40Z
TATA/O/O/OIN/24/03/0066,TATA NIFTY500 MULTICAP INDIA MANUFACTURING 50:30:20 INDEX FUND,Open Ended,Other Scheme - Index Funds,2026-09-02,1.12,0.56,2026-09-03T15:06:40Z
TATA/O/O/OIN/24/03/0067,TATA NIFTY500 MULTICAP INFRASTRUCTURE 50:30:20 INDEX FUND,Open Ended,Other Scheme - Index Funds,2026-09-01,1.11,0.57,2026-09-03T15:06:40Z
TATA/O/O/OIN/24/03/0067,TATA NIFTY500 MULTICAP INFRASTRUCTURE 50:30:20 INDEX FUND,Open Ended,Other Scheme - Index Funds,2026-09-02,1.12,0.57,2026-09-03T15:06:40Z
TATA/O/D/ONF/19/03/0036,TATA OVERNIGHT FUND,Open Ended,Debt Scheme - Overnight Fund,2026-09-01,0.21,0.09,2026-09-03T15:06:40Z
TATA/O/D/ONF/19/03/0036,TATA OVERNIGHT FUND,Open Ended,Debt Scheme - Overnight Fund,2026-09-02,0.21,0.09,2026-09-03T15:06:40Z
TATA/O/E/SEC/15/10/0028,TATA RESOURCES & ENERGY FUND,Open Ended,Equity Scheme - Sectoral/ Thematic,2026-09-01,2.2,0.81,2026-09-03T15:06:40Z
TATA/O/E/SEC/15/10/0028,TATA RESOURCES & ENERGY FUND,Open Ended,Equity Scheme - Sectoral/ Thematic,2026-09-02,2.2,0.81,2026-09-03T15:06:40Z
TATA/O/S/RET/11/06/0021,TATA RETIREMENT SAVINGS FUND-CONSERVATIVE PLAN,Open Ended,Solution Oriented Scheme - Retirement Fund,2026-09-01,2.18,1.06,2026-09-03T15:06:40Z
TATA/O/S/RET/11/06/0021,TATA RETIREMENT SAVINGS FUND-CONSERVATIVE PLAN,Open Ended,Solution Oriented Scheme - Retirement Fund,2026-09-02,2.18,1.06,2026-09-03T15:06:40Z
TATA/O/S/RET/11/06/0022,TATA RETIREMENT SAVINGS FUND-MODERATE PLAN,Open Ended,Solution Oriented Scheme - Retirement Fund,2026-09-01,2.16,0.83,2026-09-03T15:06:40Z
TATA/O/S/RET/11/06/0022,TATA RETIREMENT SAVINGS FUND-MODERATE PLAN,Open Ended,Solution Oriented Scheme - Retirement Fund,2026-09-02,2.16,0.83,2026-09-03T15:06:40Z
TATA/O/S/RET/11/06/0023,TATA RETIREMENT SAVINGS FUND-PROGRESSIVE PLAN,Open Ended,Solution Oriented Scheme - Retirement Fund,2026-09-01,2.19,0.83,2026-09-03T15:06:40Z
TATA/O/S/RET/11/06/0023,TATA RETIREMENT SAVINGS FUND-PROGRESSIVE PLAN,Open Ended,Solution Oriented Scheme - Retirement Fund,2026-09-02,2.19,0.83,2026-09-03T15:06:40Z
TATA/O/D/SDF/02/07/0012,TATA SHORT TERM BOND FUND,Open Ended,Debt Scheme - Short Duration Fund,2026-09-01,1.11,0.37,2026-09-03T15:06:40Z
TATA/O/D/SDF/02/07/0012,TATA SHORT TERM BOND FUND,Open Ended,Debt Scheme - Short Duration Fund,2026-09-02,1.11,0.37,2026-09-03T15:06:40Z
TATA/O/O/FOD/23/12/0056,TATA SILVER ETF FUND OF FUND,Open Ended,Other Scheme - FoF Domestic,2026-09-01,0.58,0.22,2026-09-03T15:06:40Z
TATA/O/O/FOD/23/12/0056,TATA SILVER ETF FUND OF FUND,Open Ended,Other Scheme - FoF Domestic,2026-09-02,0.58,0.22,2026-09-03T15:06:40Z
TATA/O/O/OET/23/12/0059,TATA SILVER EXCHANGE TRADED FUND,Open Ended,Other Scheme - Other  ETFs,2026-09-01,0.0,0.39,2026-09-03T15:06:40Z
TATA/O/O/OET/23/12/0059,TATA SILVER EXCHANGE TRADED FUND,Open Ended,Other Scheme - Other  ETFs,2026-09-02,0.0,0.39,2026-09-03T15:06:40Z
TATA/O/E/SCF/18/08/0033,TATA SMALL CAP FUND,Open Ended,Equity Scheme - Small Cap Fund,2026-09-01,1.69,0.51,2026-09-03T15:06:40Z
TATA/O/E/SCF/18/08/0033,TATA SMALL CAP FUND,Open Ended,Equity Scheme - Small Cap Fund,2026-09-02,1.69,0.51,2026-09-03T15:06:40Z
TATA/O/D/LOW/05/08/0020,TATA TREASURY ADVANTAGE FUND,Open Ended,Debt Scheme - Low Duration Fund,2026-09-01,0.57,0.27,2026-09-03T15:06:40Z
TATA/O/D/LOW/05/08/0020,TATA TREASURY ADVANTAGE FUND,Open Ended,Debt Scheme - Low Duration Fund,2026-09-02,0.57,0.27,2026-09-03T15:06:40Z
TATA/O/D/USD/18/11/0035,TATA ULTRA SHORT TERM FUND,Open Ended,Debt Scheme - Ultra Short Duration Fund,2026-09-01,1.11,0.33,2026-09-03T15:06:40Z
TATA/O/D/USD/18/11/0035,TATA ULTRA SHORT TERM FUND,Open Ended,Debt Scheme - Ultra Short Duration Fund,2026-09-02,1.11,0.33,2026-09-03T15:06:40Z
TATA/O/E/VAF/04/02/0018,TATA VALUE FUND,Open Ended,Equity Scheme - Value Fund,2026-09-01,2.0,1.07,2026-09-03T15:06:40Z
TATA/O/E/VAF/04/02/0018,TATA VALUE FUND,Open Ended,Equity Scheme - Value Fund,2026-09-02,2.0,1.07,2026-09-03T15:06:40Z
TAUR/O/E/SEC/11/11/0008,Taurus Banking & Financial Services Fund,Open Ended,Equity Scheme - Sectoral/ Thematic,2026-09-01,2.54,1.84,2026-09-03T15:06:40Z
TAUR/O/E/SEC/11/11/0008,Taurus Banking & Financial Services Fund,Open Ended,Equity Scheme - Sectoral/ Thematic,2026-09-02,2.54,1.84,2026-09-03T15:06:40Z
TAUR/O/E/ELS/01/02/0003,Taurus Elss Tax Saver Fund,Open Ended,Equity Scheme - ELSS,2026-09-01,2.61,2.05,2026-09-03T15:06:40Z
TAUR/O/E/ELS/01/02/0003,Taurus Elss Tax Saver Fund,Open Ended,Equity Scheme - ELSS,2026-09-02,2.61,2.05,2026-09-03T15:06:40Z
TAUR/O/E/THE/08/11/0006,Taurus Ethical Fund,Open Ended,Equity Scheme - Sectoral/ Thematic,2026-09-01,2.73,1.35,2026-09-03T15:06:40Z
TAUR/O/E/THE/08/11/0006,Taurus Ethical Fund,Open Ended,Equity Scheme - Sectoral/ Thematic,2026-09-02,2.73,1.35,2026-09-03T15:06:40Z
TAUR/O/E/FCF/94/01/0001,Taurus Flexi Cap Fund,Open Ended,Equity Scheme - Flexi Cap Fund,2026-09-01,2.74,2.69,2026-09-03T15:06:40Z
TAUR/O/E/FCF/94/01/0001,Taurus Flexi Cap Fund,Open Ended,Equity Scheme - Flexi Cap Fund,2026-09-02,2.74,2.69,2026-09-03T15:06:40Z
TAUR/O/E/SEC/06/08/0005,Taurus Infrastructure Fund,Open Ended,Equity Scheme - Sectoral/ Thematic,2026-09-01,2.52,2.05,2026-09-03T15:06:40Z
TAUR/O/E/SEC/06/08/0005,Taurus Infrastructure Fund,Open Ended,Equity Scheme - Sectoral/ Thematic,2026-09-02,2.52,2.05,2026-09-03T15:06:40Z
TAUR/O/E/LCF/02/01/0004,Taurus Large Cap Fund,Open Ended,Equity Scheme - Large Cap Fund,2026-09-01,2.76,2.54,2026-09-03T15:06:40Z
TAUR/O/E/LCF/02/01/0004,Taurus Large Cap Fund,Open Ended,Equity Scheme - Large Cap Fund,2026-09-02,2.76,2.54,2026-09-03T15:06:40Z
TAUR/O/E/MIF/00/02/0002,Taurus Mid Cap Fund,Open Ended,Equity Scheme - Mid Cap Fund,2026-09-01,2.8,2.36,2026-09-03T15:06:40Z
TAUR/O/E/MIF/00/02/0002,Taurus Mid Cap Fund,Open Ended,Equity Scheme - Mid Cap Fund,2026-09-02,2.8,2.36,2026-09-03T15:06:40Z
TAUR/O/E/EIN/10/03/0007,Taurus Nifty 50 Index Fund,Open Ended,Other Scheme - Index Funds,2026-09-01,1.11,0.86,2026-09-03T15:06:40Z
TAUR/O/E/EIN/10/03/0007,Taurus Nifty 50 Index Fund,Open Ended,Other Scheme - Index Funds,2026-09-02,1.11,0.86,2026-09-03T15:06:40Z
FTMF/O/E/VAF/96/06/0004,Templeton India Value Fund,Open Ended,Equity Scheme - Value Fund,2026-09-01,2.23,1.11,2026-09-03T15:06:40Z
FTMF/O/E/VAF/96/06/0004,Templeton India Value Fund,Open Ended,Equity Scheme - Value Fund,2026-09-02,2.23,1.11,2026-09-03T15:06:40Z
TWCF/O/H /ARB/25/08/0002,THE WEALTH COMPANY ARBITRAGE FUND,Open Ended,Hybrid Scheme - Arbitrage Fund,2026-09-01,2.28,1.61,2026-09-03T15:06:40Z
TWCF/O/H /ARB/25/08/0002,THE WEALTH COMPANY ARBITRAGE FUND,Open Ended,Hybrid Scheme - Arbitrage Fund,2026-09-02,2.28,1.61,2026-09-03T15:06:40Z
TWCF/O/H/BAF/25/12/0009,THE WEALTH COMPANY BALANCED ADVANTAGE FUND,Open Ended,Hybrid Scheme - Dynamic Asset Allocation or Balanced Advantage,2026-09-01,3.35,1.33,2026-09-03T15:06:40Z
TWCF/O/H/BAF/25/12/0009,THE WEALTH COMPANY BALANCED ADVANTAGE FUND,Open Ended,Hybrid Scheme - Dynamic Asset Allocation or Balanced Advantage,2026-09-02,3.35,1.33,2026-09-03T15:06:40Z
TWCF/O/E /THE/25/09/0004,THE WEALTH COMPANY ETHICAL FUND,Open Ended,Equity Scheme - Sectoral/ Thematic,2026-09-01,2.78,1.17,2026-09-03T15:06:40Z
TWCF/O/E /THE/25/09/0004,THE WEALTH COMPANY ETHICAL FUND,Open Ended,Equity Scheme - Sectoral/ Thematic,2026-09-02,2.78,1.17,2026-09-03T15:06:40Z
TWCF/O/E /FCF/25/08/0001,THE WEALTH COMPANY FLEXI CAP FUND,Open Ended,Equity Scheme - Flexi Cap Fund,2026-09-01,3.87,1.81,2026-09-03T15:06:40Z
TWCF/O/E /FCF/25/08/0001,THE WEALTH COMPANY FLEXI CAP FUND,Open Ended,Equity Scheme - Flexi Cap Fund,2026-09-02,3.87,1.81,2026-09-03T15:06:40Z
TWCF/O/O/GET/25/11/0007,THE WEALTH COMPANY GOLD ETF,Open Ended,Other Scheme - Gold ETF,2026-09-01,0.0,0.34,2026-09-03T15:06:40Z
TWCF/O/O/GET/25/11/0007,THE WEALTH COMPANY GOLD ETF,Open Ended,Other Scheme - Gold ETF,2026-09-02,0.0,0.34,2026-09-03T15:06:40Z
TWCF/O/O/FOD/25/11/0008,THE WEALTH COMPANY GOLD ETF FOF,Open Ended,Other Scheme - FoF Domestic,2026-09-01,0.68,0.23,2026-09-03T15:06:40Z
TWCF/O/O/FOD/25/11/0008,THE WEALTH COMPANY GOLD ETF FOF,Open Ended,Other Scheme - FoF Domestic,2026-09-02,0.68,0.23,2026-09-03T15:06:40Z
TWCF/O/E/LMF/26/03/0011,THE WEALTH COMPANY LARGE & MID CAP FUND,Open Ended,Equity Scheme - Large & Mid Cap Fund,2026-09-01,4.41,2.39,2026-09-03T15:06:40Z
TWCF/O/E/LMF/26/03/0011,THE WEALTH COMPANY LARGE & MID CAP FUND,Open Ended,Equity Scheme - Large & Mid Cap Fund,2026-09-02,4.41,2.39,2026-09-03T15:06:40Z
TWCF/O/D /LIF/25/08/0003,THE WEALTH COMPANY LIQUID FUND,Open Ended,Debt Scheme - Liquid Fund,2026-09-01,0.27,0.1,2026-09-03T15:06:40Z
TWCF/O/D /LIF/25/08/0003,THE WEALTH COMPANY LIQUID FUND,Open Ended,Debt Scheme - Liquid Fund,2026-09-02,0.27,0.1,2026-09-03T15:06:40Z
TWCF/O/E/MIF/26/06/0012,THE WEALTH COMPANY MID CAP FUND,Open Ended,Equity Schemes - Mid Cap Fund,2026-09-01,5.01,3.01,2026-09-03T15:06:40Z
TWCF/O/E/MIF/26/06/0012,THE WEALTH COMPANY MID CAP FUND,Open Ended,Equity Schemes - Mid Cap Fund,2026-09-02,5.01,3.01,2026-09-03T15:06:40Z
TWCF/O/H/MAA/25/09/0005,THE WEALTH COMPANY MULTI ASSET ALLOCATION FUND,Open Ended,Hybrid Scheme - Multi Asset Allocation,2026-09-01,2.9,1.28,2026-09-03T15:06:40Z
TWCF/O/H/MAA/25/09/0005,THE WEALTH COMPANY MULTI ASSET ALLOCATION FUND,Open Ended,Hybrid Scheme - Multi Asset Allocation,2026-09-02,2.9,1.28,2026-09-03T15:06:40Z
TWCF/O/E/SCF/25/12/0010,THE WEALTH COMPANY SMALL CAP FUND,Open Ended,Equity Scheme - Small Cap Fund,2026-09-01,3.98,2.05,2026-09-03T15:06:40Z
TWCF/O/E/SCF/25/12/0010,THE WEALTH COMPANY SMALL CAP FUND,Open Ended,Equity Scheme - Small Cap Fund,2026-09-02,3.98,2.05,2026-09-03T15:06:40Z
TRUS/O/E/ARB/25/07/0013,TRUSTMF Arbitrage Fund,Open Ended,Hybrid Scheme - Arbitrage Fund,2026-09-01,2.22,1.46,2026-09-03T15:06:40Z
TRUS/O/E/ARB/25/07/0013,TRUSTMF Arbitrage Fund,Open Ended,Hybrid Scheme - Arbitrage Fund,2026-09-02,2.22,1.46,2026-09-03T15:06:40Z
TRUS/O/D/CBF/22/11/0006,TRUSTMF Corporate Bond Fund,Open Ended,Debt Scheme - Corporate Bond Fund,2026-09-01,0.63,0.26,2026-09-03T15:06:40Z
TRUS/O/D/CBF/22/11/0006,TRUSTMF Corporate Bond Fund,Open Ended,Debt Scheme - Corporate Bond Fund,2026-09-02,0.63,0.26,2026-09-03T15:06:40Z
TRUS/O/E/FCF/23/12/0010,TRUSTMF Flexi Cap Fund,Open Ended,Equity Scheme - Flexi Cap Fund,2026-09-01,3.2,1.77,2026-09-03T15:06:40Z
TRUS/O/E/FCF/23/12/0010,TRUSTMF Flexi Cap Fund,Open Ended,Equity Scheme - Flexi Cap Fund,2026-09-02,3.2,1.77,2026-09-03T15:06:40Z
TRUS/O/E/LMF/26/05/0015,TRUSTMF LARGE & MIDCAP FUND,Open Ended,Equity Schemes - Large & Mid Cap Fund,2026-09-01,4.4,2.68,2026-09-03T15:06:40Z
TRUS/O/E/LMF/26/05/0015,TRUSTMF LARGE & MIDCAP FUND,Open Ended,Equity Schemes - Large & Mid Cap Fund,2026-09-02,4.4,2.68,2026-09-03T15:06:40Z
TRUS/O/D/LIF/20/04/0001,TRUSTMF Liquid Fund,Open Ended,Debt Scheme - Liquid Fund,2026-09-01,0.25,0.1,2026-09-03T15:06:40Z
TRUS/O/D/LIF/20/04/0001,TRUSTMF Liquid Fund,Open Ended,Debt Scheme - Liquid Fund,2026-09-02,0.25,0.1,2026-09-03T15:06:40Z
TRUS/O/E/MIF/25/11/0014,TRUSTMF Mid Cap Fund,Open Ended,Equity Scheme - Mid Cap Fund,2026-09-01,3.55,1.9,2026-09-03T15:06:40Z
TRUS/O/E/MIF/25/11/0014,TRUSTMF Mid Cap Fund,Open Ended,Equity Scheme - Mid Cap Fund,2026-09-02,3.55,1.9,2026-09-03T15:06:40Z
TRUS/O/D/MMF/22/03/0005,TRUSTMF Money Market Fund,Open Ended,Debt Scheme - Money Market Fund,2026-09-01,0.45,0.16,2026-09-03T15:06:40Z
TRUS/O/D/MMF/22/03/0005,TRUSTMF Money Market Fund,Open Ended,Debt Scheme - Money Market Fund,2026-09-02,0.45,0.16,2026-09-03T15:06:40Z
TRUS/O/E/MCF/25/02/0012,TRUSTMF Multi Cap Fund,Open Ended,Equity Scheme - Multi Cap Fund,2026-09-01,3.46,1.81,2026-09-03T15:06:40Z
TRUS/O/E/MCF/25/02/0012,TRUSTMF Multi Cap Fund,Open Ended,Equity Scheme - Multi Cap Fund,2026-09-02,3.46,1.81,2026-09-03T15:06:40Z
TRUS/O/D/ONF/21/09/0004,TRUSTMF Overnight Fund,Open Ended,Debt Scheme - Overnight Fund,2026-09-01,0.17,0.11,2026-09-03T15:06:40Z
TRUS/O/D/ONF/21/09/0004,TRUSTMF Overnight Fund,Open Ended,Debt Scheme - Overnight Fund,2026-09-02,0.17,0.11,2026-09-03T15:06:40Z
TRUS/O/D/SDF/20/07/0003,TRUSTMF Short Duration Fund,Open Ended,Debt Scheme - Short Duration Fund,2026-09-01,0.74,0.27,2026-09-03T15:06:40Z
TRUS/O/D/SDF/20/07/0003,TRUSTMF Short Duration Fund,Open Ended,Debt Scheme - Short Duration Fund,2026-09-02,0.74,0.27,2026-09-03T15:06:40Z
TRUS/O/E/SCF/24/07/0011,TRUSTMF Small Cap Fund,Open Ended,Equity Scheme - Small Cap Fund,2026-09-01,2.9,1.54,2026-09-03T15:06:40Z
TRUS/O/E/SCF/24/07/0011,TRUSTMF Small Cap Fund,Open Ended,Equity Scheme - Small Cap Fund,2026-09-02,2.9,1.54,2026-09-03T15:06:40Z
UNFI/O/H/DAA/25/01/0001,UNIFI DYNAMIC ASSET ALLOCATION FUND,Open Ended,Hybrid Scheme - Dynamic Asset Allocation or Balanced Advantage,2026-09-01,1.99,1.4,2026-09-03T15:06:40Z
UNFI/O/H/DAA/25/01/0001,UNIFI DYNAMIC ASSET ALLOCATION FUND,Open Ended,Hybrid Scheme - Dynamic Asset Allocation or Balanced Advantage,2026-09-02,1.99,1.4,2026-09-03T15:06:40Z
UNFI/O/E/FCF/25/03/0002,UNIFI FLEXI CAP FUND,Open Ended,Equity Scheme - Flexi Cap Fund,2026-09-01,2.73,1.45,2026-09-03T15:06:40Z
UNFI/O/E/FCF/25/03/0002,UNIFI FLEXI CAP FUND,Open Ended,Equity Scheme - Flexi Cap Fund,2026-09-02,2.73,1.45,2026-09-03T15:06:40Z
UNFI/O/D/LIF/25/04/0003,UNIFI LIQUID FUND,Open Ended,Debt Scheme - Liquid Fund,2026-09-01,0.15,0.09,2026-09-03T15:06:40Z
UNFI/O/D/LIF/25/04/0003,UNIFI LIQUID FUND,Open Ended,Debt Scheme - Liquid Fund,2026-09-02,0.15,0.09,2026-09-03T15:06:40Z
UNIN/O/E/THE/24/08/0027,Union Active Momentum Fund,Open Ended,Equity Scheme - Sectoral/ Thematic,2026-09-01,3.97,2.6,2026-09-03T15:06:40Z
UNIN/O/E/THE/24/08/0027,Union Active Momentum Fund,Open Ended,Equity Scheme - Sectoral/ Thematic,2026-09-02,3.97,2.6,2026-09-03T15:06:40Z
UNIN/O/H/AHF/20/03/0017,Union Aggressive Hybrid Fund,Open Ended,Hybrid Scheme - Aggressive Hybrid Fund,2026-09-01,2.81,1.69,2026-09-03T15:06:40Z
UNIN/O/H/AHF/20/03/0017,Union Aggressive Hybrid Fund,Open Ended,Hybrid Scheme - Aggressive Hybrid Fund,2026-09-02,2.81,1.69,2026-09-03T15:06:40Z
UNIN/O/H/ARB/18/12/0011,Union Arbitrage Fund,Open Ended,Hybrid Scheme - Arbitrage Fund,2026-09-01,2.16,1.54,2026-09-03T15:06:40Z
UNIN/O/H/ARB/18/12/0011,Union Arbitrage Fund,Open Ended,Hybrid Scheme - Arbitrage Fund,2026-09-02,2.16,1.54,2026-09-03T15:06:40Z
UNIN/O/H/BAF/17/11/0007,Union Balanced Advantage Fund,Open Ended,Hybrid Scheme - Dynamic Asset Allocation or Balanced Advantage,2026-09-01,2.55,1.45,2026-09-03T15:06:40Z
UNIN/O/H/BAF/17/11/0007,Union Balanced Advantage Fund,Open Ended,Hybrid Scheme - Dynamic Asset Allocation or Balanced Advantage,2026-09-02,2.55,1.45,2026-09-03T15:06:40Z
UNIN/O/E/THE/24/01/0025,Union Business Cycle Fund,Open Ended,Equity Scheme - Sectoral/ Thematic,2026-09-01,3.08,1.86,2026-09-03T15:06:40Z
UNIN/O/E/THE/24/01/0025,Union Business Cycle Fund,Open Ended,Equity Scheme - Sectoral/ Thematic,2026-09-02,3.08,1.86,2026-09-03T15:06:40Z
UNIN/O/S/CHI/23/07/0024,Union Children's Fund,Open Ended,Solution Oriented Scheme - Children’s Fund,2026-09-01,2.61,1.48,2026-09-03T15:06:40Z
UNIN/O/S/CHI/23/07/0024,Union Children's Fund,Open Ended,Solution Oriented Scheme - Children’s Fund,2026-09-02,2.61,1.48,2026-09-03T15:06:40Z
UNIN/O/E/THE/25/10/0034,Union Consumption Fund,Open Ended,Equity Scheme - Sectoral/ Thematic,2026-09-01,2.75,1.45,2026-09-03T15:06:40Z
UNIN/O/E/THE/25/10/0034,Union Consumption Fund,Open Ended,Equity Scheme - Sectoral/ Thematic,2026-09-02,2.75,1.45,2026-09-03T15:06:40Z
UNIN/O/D/CBF/18/04/0008,Union Corporate Bond Fund,Open Ended,Debt Scheme - Corporate Bond Fund,2026-09-01,0.73,0.41,2026-09-03T15:06:40Z
UNIN/O/D/CBF/18/04/0008,Union Corporate Bond Fund,Open Ended,Debt Scheme - Corporate Bond Fund,2026-09-02,0.73,0.41,2026-09-03T15:06:40Z
UNIN/O/O/FOD/25/04/0033,Union Diversified Equity All Cap Active FOF,Open Ended,Other Scheme - FoF Domestic,2026-09-01,1.46,0.51,2026-09-03T15:06:40Z
UNIN/O/O/FOD/25/04/0033,Union Diversified Equity All Cap Active FOF,Open Ended,Other Scheme - FoF Domestic,2026-09-02,1.46,0.51,2026-09-03T15:06:40Z
UNIN/O/D/DBF/12/01/0004,Union Dynamic Term Fund,Open Ended,Income/Debt Oriented Schemes - Dynamic Term Fund,2026-09-01,1.54,1.25,2026-09-03T15:06:40Z
UNIN/O/D/DBF/12/01/0004,Union Dynamic Term Fund,Open Ended,Income/Debt Oriented Schemes - Dynamic Term Fund,2026-09-02,1.54,1.25,2026-09-03T15:06:40Z
UNIN/O/E/ELS/11/08/0003,Union ELSS Tax Saver Fund (Formerly Union Tax Saver (ELSS) Fund,Open Ended,Equity Scheme - ELSS,2026-09-01,2.61,1.72,2026-09-03T15:06:40Z
UNIN/O/E/ELS/11/08/0003,Union ELSS Tax Saver Fund (Formerly Union Tax Saver (ELSS) Fund,Open Ended,Equity Scheme - ELSS,2026-09-02,2.61,1.72,2026-09-03T15:06:40Z
UNIN/O/H/ESF/18/05/0010,Union Equity Savings Fund,Open Ended,Hybrid Scheme - Equity Savings,2026-09-01,2.58,2.1,2026-09-03T15:06:40Z
UNIN/O/H/ESF/18/05/0010,Union Equity Savings Fund,Open Ended,Hybrid Scheme - Equity Savings,2026-09-02,2.58,2.1,2026-09-03T15:06:40Z
UNIN/O/E/FCF/11/04/0001,Union Flexi Cap Fund,Open Ended,Equity Scheme - Flexi Cap Fund,2026-09-01,2.57,1.54,2026-09-03T15:06:40Z
UNIN/O/E/FCF/11/04/0001,Union Flexi Cap Fund,Open Ended,Equity Scheme - Flexi Cap Fund,2026-09-02,2.57,1.54,2026-09-03T15:06:40Z
UNIN/O/E/FOC/19/06/0013,Union Focused Fund,Open Ended,Equity Scheme - Focused Fund,2026-09-01,2.54,1.59,2026-09-03T15:06:40Z
UNIN/O/E/FOC/19/06/0013,Union Focused Fund,Open Ended,Equity Scheme - Focused Fund,2026-09-02,2.54,1.59,2026-09-03T15:06:40Z
UNIN/O/D/GIL/22/01/0019,Union Gilt Fund,Open Ended,Debt Scheme - Gilt Fund,2026-09-01,1.08,0.65,2026-09-03T15:06:40Z
UNIN/O/D/GIL/22/01/0019,Union Gilt Fund,Open Ended,Debt Scheme - Gilt Fund,2026-09-02,1.08,0.65,2026-09-03T15:06:40Z
UNIN/O/O/GET/24/12/0030,Union Gold ETF,Open Ended,Other Scheme - Gold ETF,2026-09-01,0.0,0.49,2026-09-03T15:06:40Z
UNIN/O/O/GET/24/12/0030,Union Gold ETF,Open Ended,Other Scheme - Gold ETF,2026-09-02,0.0,0.49,2026-09-03T15:06:40Z
UNIN/O/O/FOD/24/12/0029,Union Gold ETF fund of fund,Open Ended,Other Scheme - FoF Domestic,2026-09-01,0.57,0.3,2026-09-03T15:06:40Z
UNIN/O/O/FOD/24/12/0029,Union Gold ETF fund of fund,Open Ended,Other Scheme - FoF Domestic,2026-09-02,0.57,0.3,2026-09-03T15:06:40Z
UNIN/O/O/FOD/25/04/0031,Union Income Plus Arbitrage Active FOF,Open Ended,Other Scheme - FoF Domestic,2026-09-01,0.58,0.13,2026-09-03T15:06:40Z
UNIN/O/O/FOD/25/04/0031,Union Income Plus Arbitrage Active FOF,Open Ended,Other Scheme - FoF Domestic,2026-09-02,0.58,0.13,2026-09-03T15:06:40Z
UNIN/O/E/THE/23/02/0023,Union Innovation & Opportunities Fund,Open Ended,Equity Scheme - Sectoral/ Thematic,2026-09-01,2.32,0.98,2026-09-03T15:06:40Z
UNIN/O/E/THE/23/02/0023,Union Innovation & Opportunities Fund,Open Ended,Equity Scheme - Sectoral/ Thematic,2026-09-02,2.32,0.98,2026-09-03T15:06:40Z
UNIN/O/E/LMF/19/09/0014,Union Large & Midcap Fund,Open Ended,Equity Scheme - Large & Mid Cap Fund,2026-09-01,2.53,1.28,2026-09-03T15:06:40Z
UNIN/O/E/LMF/19/09/0014,Union Large & Midcap Fund,Open Ended,Equity Scheme - Large & Mid Cap Fund,2026-09-02,2.53,1.28,2026-09-03T15:06:40Z
UNIN/O/E/LCF/17/04/0006,Union Largecap Fund,Open Ended,Equity Scheme - Large Cap Fund,2026-09-01,2.56,1.68,2026-09-03T15:06:40Z
UNIN/O/E/LCF/17/04/0006,Union Largecap Fund,Open Ended,Equity Scheme - Large Cap Fund,2026-09-02,2.56,1.68,2026-09-03T15:06:40Z
UNIN/O/D/LIF/11/06/0002,Union Liquid Fund,Open Ended,Debt Scheme - Liquid Fund,2026-09-01,0.17,0.07,2026-09-03T15:06:40Z
UNIN/O/D/LIF/11/06/0002,Union Liquid Fund,Open Ended,Debt Scheme - Liquid Fund,2026-09-02,0.17,0.07,2026-09-03T15:06:40Z
UNIN/O/E/MIF/19/12/0016,Union Midcap Fund,Open Ended,Equity Scheme - Mid Cap Fund,2026-09-01,2.37,1.1,2026-09-03T15:06:40Z
UNIN/O/E/MIF/19/12/0016,Union Midcap Fund,Open Ended,Equity Scheme - Mid Cap Fund,2026-09-02,2.37,1.1,2026-09-03T15:06:40Z
UNIN/O/D/MMF/21/06/0018,Union Money Market Fund,Open Ended,Debt Scheme - Money Market Fund,2026-09-01,0.81,0.17,2026-09-03T15:06:40Z
UNIN/O/D/MMF/21/06/0018,Union Money Market Fund,Open Ended,Debt Scheme - Money Market Fund,2026-09-02,0.81,0.17,2026-09-03T15:06:40Z
UNIN/O/H /MAA/24/07/0026,Union Multi Asset Allocation Fund,Open Ended,Hybrid Scheme - Multi Asset Allocation,2026-09-01,2.38,1.29,2026-09-03T15:06:40Z
UNIN/O/H /MAA/24/07/0026,Union Multi Asset Allocation Fund,Open Ended,Hybrid Scheme - Multi Asset Allocation,2026-09-02,2.38,1.29,2026-09-03T15:06:40Z
UNIN/O/E/MCF/22/07/0021,Union Multicap Fund,Open Ended,Equity Scheme - Multi Cap Fund,2026-09-01,2.54,1.41,2026-09-03T15:06:40Z
UNIN/O/E/MCF/22/07/0021,Union Multicap Fund,Open Ended,Equity Scheme - Multi Cap Fund,2026-09-02,2.55,1.41,2026-09-03T15:06:40Z
UNIN/O/D/ONF/19/02/0012,Union Overnight Fund,Open Ended,Debt Scheme - Overnight Fund,2026-09-01,0.24,0.14,2026-09-03T15:06:40Z
UNIN/O/D/ONF/19/02/0012,Union Overnight Fund,Open Ended,Debt Scheme - Overnight Fund,2026-09-02,0.24,0.14,2026-09-03T15:06:40Z
UNIN/O/S/RET/22/05/0020,Union Retirement Fund,Open Ended,Solution Oriented Scheme - Retirement Fund,2026-09-01,2.66,1.37,2026-09-03T15:06:40Z
UNIN/O/S/RET/22/05/0020,Union Retirement Fund,Open Ended,Solution Oriented Scheme - Retirement Fund,2026-09-02,2.66,1.37,2026-09-03T15:06:40Z
UNIN/O/D/SDF/24/12/0028,Union Short Term Fund,Open Ended,Income/Debt Oriented Schemes - Ultra Short Term Fund,2026-09-01,0.8,0.35,2026-09-03T15:06:40Z
UNIN/O/D/SDF/24/12/0028,Union Short Term Fund,Open Ended,Income/Debt Oriented Schemes - Ultra Short Term Fund,2026-09-02,0.8,0.35,2026-09-03T15:06:40Z
UNIN/O/E/SCF/14/03/0005,Union Small Cap Fund,Open Ended,Equity Scheme - Small Cap Fund,2026-09-01,2.17,1.1,2026-09-03T15:06:40Z
UNIN/O/E/SCF/14/03/0005,Union Small Cap Fund,Open Ended,Equity Scheme - Small Cap Fund,2026-09-02,2.17,1.1,2026-09-03T15:06:40Z
UNIN/O/D/LOW/25/05/0032,Union Ultra Short to Short Term Fund,Open Ended,Income/Debt Oriented Schemes - Ultra Short to Short Term Fund,2026-09-01,0.98,0.26,2026-09-03T15:06:40Z
UNIN/O/D/LOW/25/05/0032,Union Ultra Short to Short Term Fund,Open Ended,Income/Debt Oriented Schemes - Ultra Short to Short Term Fund,2026-09-02,0.98,0.26,2026-09-03T15:06:40Z
UNIN/O/E/VAF/18/05/0009,Union Value Fund,Open Ended,Equity Scheme - Value Fund,2026-09-01,2.69,1.54,2026-09-03T15:06:40Z
UNIN/O/E/VAF/18/05/0009,Union Value Fund,Open Ended,Equity Scheme - Value Fund,2026-09-02,2.69,1.54,2026-09-03T15:06:40Z
UTIM/O/H/ARB/06/01/0026,UTI - Arbitrage Fund,Open Ended,Hybrid Schemes - Arbitrage Fund,2026-09-01,1.8,1.25,2026-09-03T15:06:40Z
UTIM/O/H/ARB/06/01/0026,UTI - Arbitrage Fund,Open Ended,Hybrid Schemes - Arbitrage Fund,2026-09-02,1.8,1.25,2026-09-03T15:06:40Z
UTIM/O/E/SEC/04/01/0022,UTI - Banking and Financial Services Fund,Open Ended,Equity Scheme - Sectoral/ Thematic,2026-09-01,2.37,1.44,2026-09-03T15:06:40Z
UTIM/O/E/SEC/04/01/0022,UTI - Banking and Financial Services Fund,Open Ended,Equity Scheme - Sectoral/ Thematic,2026-09-02,2.37,1.44,2026-09-03T15:06:40Z
UTIM/O/O/OET/08/09/0074,UTI - BSE Sensex Next 50 Exchange Traded Fund,Open Ended,Exchange Traded Funds (ETFs) - Equity ETF,2026-09-01,0.31,0.0,2026-09-03T15:06:40Z
UTIM/O/O/OET/08/09/0074,UTI - BSE Sensex Next 50 Exchange Traded Fund,Open Ended,Exchange Traded Funds (ETFs) - Equity ETF,2026-09-02,0.31,0.0,2026-09-03T15:06:40Z
UTIM/O/D/CBF/18/06/0063,UTI - Corporate Bond Fund,Open Ended,Income/Debt Oriented Schemes - Corporate Bond Fund,2026-09-01,0.61,0.32,2026-09-03T15:06:40Z
UTIM/O/D/CBF/18/06/0063,UTI - Corporate Bond Fund,Open Ended,Income/Debt Oriented Schemes - Corporate Bond Fund,2026-09-02,0.61,0.32,2026-09-03T15:06:40Z
UTIM/O/D/CRF/12/06/0053,UTI - Credit Risk Fund.,Open Ended,Income/Debt Oriented Schemes - Credit Risk Fund,2026-09-01,1.43,0.76,2026-09-03T15:06:40Z
UTIM/O/D/CRF/12/06/0053,UTI - Credit Risk Fund.,Open Ended,Income/Debt Oriented Schemes - Credit Risk Fund,2026-09-02,1.43,0.76,2026-09-03T15:06:40Z
UTIM/O/E/DYF/05/03/0024,UTI - Dividend Yield Fund,Open Ended,Equity Schemes - Dividend Yield Fund,2026-09-01,1.98,1.53,2026-09-03T15:06:40Z
UTIM/O/E/DYF/05/03/0024,UTI - Dividend Yield Fund,Open Ended,Equity Schemes - Dividend Yield Fund,2026-09-02,1.99,1.54,2026-09-03T15:06:40Z
UTIM/O/H/ESF/18/06/0064,UTI - Equity Savings Fund,Open Ended,Hybrid Schemes - Equity Savings Fund,2026-09-01,2.06,1.04,2026-09-03T15:06:40Z
UTIM/O/H/ESF/18/06/0064,UTI - Equity Savings Fund,Open Ended,Hybrid Schemes - Equity Savings Fund,2026-09-02,2.06,1.04,2026-09-03T15:06:40Z
UTIM/O/E/FCF/92/05/0002,UTI - Flexi Cap Fund.,Open Ended,Equity Scheme - Flexi Cap Fund,2026-09-01,1.67,1.15,2026-09-03T15:06:40Z
UTIM/O/E/FCF/92/05/0002,UTI - Flexi Cap Fund.,Open Ended,Equity Scheme - Flexi Cap Fund,2026-09-02,1.68,1.16,2026-09-03T15:06:40Z
UTIM/O/D/GIL/02/01/0014,UTI - Gilt Fund,Open Ended,Income/Debt Oriented Schemes - Gilt Fund,2026-09-01,0.85,0.47,2026-09-03T15:06:40Z
UTIM/O/D/GIL/02/01/0014,UTI - Gilt Fund,Open Ended,Income/Debt Oriented Schemes - Gilt Fund,2026-09-02,0.85,0.47,2026-09-03T15:06:40Z
UTIM/O/O/GET/07/01/0027,UTI - Gold Exchange Traded Fund,Open Ended,Exchange Traded Funds (ETFs) - Gold ETF,2026-09-01,0.59,0.0,2026-09-03T15:06:40Z
UTIM/O/O/GET/07/01/0027,UTI - Gold Exchange Traded Fund,Open Ended,Exchange Traded Funds (ETFs) - Gold ETF,2026-09-02,0.59,0.0,2026-09-03T15:06:40Z
UTIM/O/E/SEC/99/05/0009,UTI - Healthcare Fund,Open Ended,Equity Scheme - Sectoral/ Thematic,2026-09-01,2.21,1.33,2026-09-03T15:06:40Z
UTIM/O/E/SEC/99/05/0009,UTI - Healthcare Fund,Open Ended,Equity Scheme - Sectoral/ Thematic,2026-09-02,2.21,1.33,2026-09-03T15:06:40Z
UTIM/O/E/THE/07/05/0033,UTI - India Consumer Fund,Open Ended,Equity Schemes - Thematic Fund,2026-09-01,2.41,1.69,2026-09-03T15:06:40Z
UTIM/O/E/THE/07/05/0033,UTI - India Consumer Fund,Open Ended,Equity Schemes - Thematic Fund,2026-09-02,2.42,1.7,2026-09-03T15:06:40Z
UTIM/O/E/THE/04/01/0021,UTI - Infrastructure Fund,Open Ended,Equity Scheme - Sectoral/ Thematic,2026-09-01,2.17,1.99,2026-09-03T15:06:40Z
UTIM/O/E/THE/04/01/0021,UTI - Infrastructure Fund,Open Ended,Equity Scheme - Sectoral/ Thematic,2026-09-02,2.18,2.0,2026-09-03T15:06:40Z
UTIM/O/E/LCF/86/10/0001,UTI - Large Cap Fund,Open Ended,Equity Scheme - Large Cap Fund,2026-09-01,1.85,1.18,2026-09-03T15:06:40Z
UTIM/O/E/LCF/86/10/0001,UTI - Large Cap Fund,Open Ended,Equity Scheme - Large Cap Fund,2026-09-02,1.85,1.18,2026-09-03T15:06:40Z
UTIM/O/D/LIF/03/06/0016,UTI - Liquid Fund,Open Ended,Income/Debt Oriented Schemes - Liquid Fund,2026-09-01,0.25,0.15,2026-09-03T15:06:40Z
UTIM/O/D/LIF/03/06/0016,UTI - Liquid Fund,Open Ended,Income/Debt Oriented Schemes - Liquid Fund,2026-09-02,0.25,0.15,2026-09-03T15:06:40Z
UTIM/C/E/ELS/03/04/0015,UTI - Master Equity Plan Unit Scheme,Close Ended,ELSS,2026-09-01,1.36,0.0,2026-09-03T15:06:40Z
UTIM/C/E/ELS/03/04/0015,UTI - Master Equity Plan Unit Scheme,Close Ended,ELSS,2026-09-02,1.36,0.0,2026-09-03T15:06:40Z
UTIM/O/E/MIF/04/01/0020,UTI - Mid Cap Fund,Open Ended,Equity Scheme - Mid Cap Fund,2026-09-01,1.95,1.25,2026-09-03T15:06:40Z
UTIM/O/E/MIF/04/01/0020,UTI - Mid Cap Fund,Open Ended,Equity Scheme - Mid Cap Fund,2026-09-02,1.95,1.25,2026-09-03T15:06:40Z
UTIM/O/E/THE/98/05/0008,UTI - MNC Fund,Open Ended,Equity Scheme - Sectoral/ Thematic,2026-09-01,2.18,1.52,2026-09-03T15:06:40Z
UTIM/O/E/THE/98/05/0008,UTI - MNC Fund,Open Ended,Equity Scheme - Sectoral/ Thematic,2026-09-02,2.18,1.52,2026-09-03T15:06:40Z
UTIM/O/D/MMF/97/04/0006,UTI - Money Market Fund,Open Ended,Debt Scheme - Money Market Fund,2026-09-01,0.24,0.17,2026-09-03T15:06:40Z
UTIM/O/D/MMF/97/04/0006,UTI - Money Market Fund,Open Ended,Debt Scheme - Money Market Fund,2026-09-02,0.24,0.17,2026-09-03T15:06:40Z
UTIM/O/O/OET/17/04/0060,UTI - Nifty Next 50 Exchange Traded Fund.,Open Ended,Exchange Traded Funds (ETFs) - Equity ETF,2026-09-01,0.18,0.0,2026-09-03T15:06:40Z
UTIM/O/O/OET/17/04/0060,UTI - Nifty Next 50 Exchange Traded Fund.,Open Ended,Exchange Traded Funds (ETFs) - Equity ETF,2026-09-02,0.18,0.0,2026-09-03T15:06:40Z
UTIM/O/O/EIN/18/04/0062,UTI - Nifty Next 50 Index Fund,Open Ended,Index Funds - Equity Funds,2026-09-01,0.87,0.42,2026-09-03T15:06:40Z
UTIM/O/O/EIN/18/04/0062,UTI - Nifty Next 50 Index Fund,Open Ended,Index Funds - Equity Funds,2026-09-02,0.87,0.42,2026-09-03T15:06:40Z
UTIM/O/D/ONF/99/07/0011,UTI - Overnight Fund,Open Ended,Debt Scheme - Overnight Fund,2026-09-01,0.13,0.09,2026-09-03T15:06:40Z
UTIM/O/D/ONF/99/07/0011,UTI - Overnight Fund,Open Ended,Debt Scheme - Overnight Fund,2026-09-02,0.13,0.09,2026-09-03T15:06:40Z
UTIM/O/E/SEC/04/01/0023,UTI - Transportation and Logistics Fund,Open Ended,Equity Schemes - Thematic Fund,2026-09-01,1.9,0.97,2026-09-03T15:06:40Z
UTIM/O/E/SEC/04/01/0023,UTI - Transportation and Logistics Fund,Open Ended,Equity Schemes - Thematic Fund,2026-09-02,1.9,0.97,2026-09-03T15:06:40Z
NSDL Code not allocated,UTI - Unit Linked Insurance Plan,Open Ended,Hybrid Scheme - Dynamic Asset Allocation or Balanced Advantage,2026-09-01,1.59,1.1,2026-09-03T15:06:40Z
NSDL Code not allocated,UTI - Unit Linked Insurance Plan,Open Ended,Hybrid Scheme - Dynamic Asset Allocation or Balanced Advantage,2026-09-02,1.59,1.1,2026-09-03T15:06:40Z
UTIM/O/D/GTN/21/07/0100,UTI 10 year Constant Maturity Gilt Fund,Open Ended,Income/Debt Oriented Schemes - 10-year Constant Maturity Gilt Fund,2026-09-01,0.77,0.33,2026-09-03T15:06:40Z
UTIM/O/D/GTN/21/07/0100,UTI 10 year Constant Maturity Gilt Fund,Open Ended,Income/Debt Oriented Schemes - 10-year Constant Maturity Gilt Fund,2026-09-02,0.77,0.33,2026-09-03T15:06:40Z
UTIM/O/H/AHF/95/01/0005,UTI Aggressive Hybrid Fund,Open Ended,Hybrid Scheme - Aggressive Hybrid Fund,2026-09-01,1.89,1.32,2026-09-03T15:06:40Z
UTIM/O/H/AHF/95/01/0005,UTI Aggressive Hybrid Fund,Open Ended,Hybrid Scheme - Aggressive Hybrid Fund,2026-09-02,1.89,1.32,2026-09-03T15:06:40Z
UTIM/I/D/XXX/07/05/0030,UTI Annual Interval Fund - I,Close Ended,Income/Debt Oriented Schemes - Other Debt Scheme,2026-09-01,0.21,0.19,2026-09-03T15:06:40Z
UTIM/I/D/XXX/07/05/0030,UTI Annual Interval Fund - I,Close Ended,Income/Debt Oriented Schemes - Other Debt Scheme,2026-09-02,0.21,0.19,2026-09-03T15:06:40Z
UTIM/O/H/BAF/23/05/0116,UTI Balanced Advantage Fund,Open Ended,Hybrid Schemes - Balanced Advantage Fund/ Dynamic Asset Allocation,2026-09-01,1.97,0.87,2026-09-03T15:06:40Z
UTIM/O/H/BAF/23/05/0116,UTI Balanced Advantage Fund,Open Ended,Hybrid Schemes - Balanced Advantage Fund/ Dynamic Asset Allocation,2026-09-02,1.97,0.87,2026-09-03T15:06:40Z
UTIM/O/D/BPF/13/09/0055,UTI Banking & PSU Debt Fund,Open Ended,Income/Debt Oriented Schemes - Banking and PSU Debt Fund,2026-09-01,0.47,0.24,2026-09-03T15:06:40Z
UTIM/O/D/BPF/13/09/0055,UTI Banking & PSU Debt Fund,Open Ended,Income/Debt Oriented Schemes - Banking and PSU Debt Fund,2026-09-02,0.47,0.24,2026-09-03T15:06:40Z
UTIM/O/E/EIN/22/11/0115,UTI BSE Housing Index Fund,Open Ended,Index Funds - Equity Funds,2026-09-01,1.05,0.62,2026-09-03T15:06:40Z
UTIM/O/E/EIN/22/11/0115,UTI BSE Housing Index Fund,Open Ended,Index Funds - Equity Funds,2026-09-02,1.05,0.62,2026-09-03T15:06:40Z
UTIM/O/O/EIN/21/10/0099,UTI BSE Low Volatility Index Fund,Open Ended,Index Funds - Equity Funds,2026-09-01,0.95,0.51,2026-09-03T15:06:40Z
UTIM/O/O/EIN/21/10/0099,UTI BSE Low Volatility Index Fund,Open Ended,Index Funds - Equity Funds,2026-09-02,0.95,0.51,2026-09-03T15:06:40Z
UTIM/O/O/OET/15/08/0057,UTI BSE Sensex ETF,Open Ended,Exchange Traded Funds (ETFs) - Equity ETF,2026-09-01,0.06,0.0,2026-09-03T15:06:40Z
UTIM/O/O/OET/15/08/0057,UTI BSE Sensex ETF,Open Ended,Exchange Traded Funds (ETFs) - Equity ETF,2026-09-02,0.06,0.0,2026-09-03T15:06:40Z
UTIM/O/O/EIM/21/08/0097,UTI BSE Sensex Index Fund,Open Ended,Index Funds - Equity Funds,2026-09-01,0.31,0.23,2026-09-03T15:06:40Z
UTIM/O/O/EIM/21/08/0097,UTI BSE Sensex Index Fund,Open Ended,Index Funds - Equity Funds,2026-09-02,0.31,0.23,2026-09-03T15:06:40Z
UTIM/OS/CHI/08/01/0043,UTI Children's Equity Fund,Open Ended,Solution Oriented Scheme - Children’s Fund,2026-09-01,2.24,1.37,2026-09-03T15:06:40Z
UTIM/OS/CHI/08/01/0043,UTI Children's Equity Fund,Open Ended,Solution Oriented Scheme - Children’s Fund,2026-09-02,2.24,1.37,2026-09-03T15:06:40Z
UTIM/O/S/CHI/93/07/0003,UTI Children's Hybrid Fund,Open Ended,Solution Oriented Scheme - Children’s Fund,2026-09-01,1.63,1.52,2026-09-03T15:06:40Z
UTIM/O/S/CHI/93/07/0003,UTI Children's Hybrid Fund,Open Ended,Solution Oriented Scheme - Children’s Fund,2026-09-02,1.63,1.52,2026-09-03T15:06:40Z
UTIM/O/H/CHF/03/12/0019,UTI Conservative Hybrid Fund,Open Ended,Hybrid Schemes - Conservative Hybrid Fund,2026-09-01,1.85,1.24,2026-09-03T15:06:40Z
UTIM/O/H/CHF/03/12/0019,UTI Conservative Hybrid Fund,Open Ended,Hybrid Schemes - Conservative Hybrid Fund,2026-09-02,1.85,1.24,2026-09-03T15:06:40Z
UTIM/O/D/DIN/22/10/0104,UTI CRISIL SDL Maturity April 2033 Index Fund,Open Ended,Index Funds - Debt Funds,2026-09-01,0.4,0.17,2026-09-03T15:06:40Z
UTIM/O/D/DIN/22/10/0104,UTI CRISIL SDL Maturity April 2033 Index Fund,Open Ended,Index Funds - Debt Funds,2026-09-02,0.4,0.17,2026-09-03T15:06:40Z
UTIM/O/D/DIN/22/10/0105,UTI CRISIL SDL Maturity June 2027 Index Fund,Open Ended,Index Funds - Debt Funds,2026-09-01,0.42,0.2,2026-09-03T15:06:40Z
UTIM/O/D/DIN/22/10/0105,UTI CRISIL SDL Maturity June 2027 Index Fund,Open Ended,Index Funds - Debt Funds,2026-09-02,0.42,0.2,2026-09-03T15:06:40Z
UTIM/O/D/DBF/07/11/0042,UTI Dynamic Term Fund,Open Ended,Income/Debt Oriented Schemes - Dynamic Term Fund,2026-09-01,1.28,0.56,2026-09-03T15:06:40Z
UTIM/O/D/DBF/07/11/0042,UTI Dynamic Term Fund,Open Ended,Income/Debt Oriented Schemes - Dynamic Term Fund,2026-09-02,1.28,0.56,2026-09-03T15:06:40Z
UTIM/O/E/ELS/99/10/0012,UTI ELSS Tax Saver Fund,Open Ended,Equity Scheme - ELSS,2026-09-01,1.94,1.16,2026-09-03T15:06:40Z
UTIM/O/E/ELS/99/10/0012,UTI ELSS Tax Saver Fund,Open Ended,Equity Scheme - ELSS,2026-09-02,1.94,1.16,2026-09-03T15:06:40Z
UTIM/C/D/FTP/23/01/0108,UTI Fixed Term Income Fund Series XXXVI - I (1574 Days),Close Ended,Income/Debt Oriented Schemes - Fixed Term Plan,2026-09-01,0.53,0.17,2026-09-03T15:06:40Z
UTIM/C/D/FTP/23/01/0108,UTI Fixed Term Income Fund Series XXXVI - I (1574 Days),Close Ended,Income/Debt Oriented Schemes - Fixed Term Plan,2026-09-02,0.53,0.17,2026-09-03T15:06:40Z
UTIM/O/D/FLF/18/07/0073,UTI Floating Interest Rates Fund,Open Ended,Income/Debt Oriented Schemes - Floating Interest Rates Fund,2026-09-01,0.87,0.45,2026-09-03T15:06:40Z
UTIM/O/D/FLF/18/07/0073,UTI Floating Interest Rates Fund,Open Ended,Income/Debt Oriented Schemes - Floating Interest Rates Fund,2026-09-02,0.87,0.45,2026-09-03T15:06:40Z
UTIM/O/E/FOC/21/05/0096,UTI Focused Fund (30 stocks),Open Ended,Equity Schemes - Focused Fund,2026-09-01,2.24,1.12,2026-09-03T15:06:40Z
UTIM/O/E/FOC/21/05/0096,UTI Focused Fund (30 stocks),Open Ended,Equity Schemes - Focused Fund,2026-09-02,2.24,1.12,2026-09-03T15:06:40Z
UTIM/O/O/FOD/22/08/0101,UTI Gold ETF Fund of Fund,Open Ended,Fund of Funds Scheme (Domestic) - Fund of Funds Scheme (Domestic),2026-09-01,0.46,0.07,2026-09-03T15:06:40Z
UTIM/O/O/FOD/22/08/0101,UTI Gold ETF Fund of Fund,Open Ended,Fund of Funds Scheme (Domestic) - Fund of Funds Scheme (Domestic),2026-09-02,0.46,0.07,2026-09-03T15:06:40Z
UTIM/O/D/FOD/25/02/0129,UTI Income Plus Arbitrage Active Fund of Fund,Open Ended,Fund of Funds Scheme (Domestic) - Fund of Funds Scheme (Domestic),2026-09-01,0.45,0.12,2026-09-03T15:06:40Z
UTIM/O/D/FOD/25/02/0129,UTI Income Plus Arbitrage Active Fund of Fund,Open Ended,Fund of Funds Scheme (Domestic) - Fund of Funds Scheme (Domestic),2026-09-02,0.45,0.12,2026-09-03T15:06:40Z
UTIM/O/E/THE/23/03/0118,UTI Innovation Fund,Open Ended,Equity Schemes - Thematic Fund,2026-09-01,2.39,1.21,2026-09-03T15:06:40Z
UTIM/O/E/THE/23/03/0118,UTI Innovation Fund,Open Ended,Equity Schemes - Thematic Fund,2026-09-02,2.39,1.21,2026-09-03T15:06:40Z
UTIM/O/E/LMF/09/05/0052,UTI Large & Mid Cap Fund,Open Ended,Equity Scheme - Large & Mid Cap Fund,2026-09-01,1.95,1.13,2026-09-03T15:06:40Z
UTIM/O/E/LMF/09/05/0052,UTI Large & Mid Cap Fund,Open Ended,Equity Scheme - Large & Mid Cap Fund,2026-09-02,1.95,1.13,2026-09-03T15:06:40Z
UTIM/O/D/LON/22/11/0110,UTI Long Term Fund,Open Ended,Income/Debt Oriented Schemes - Long Term Fund,2026-09-01,1.27,0.09,2026-09-03T15:06:40Z
UTIM/O/D/LON/22/11/0110,UTI Long Term Fund,Open Ended,Income/Debt Oriented Schemes - Long Term Fund,2026-09-02,1.27,0.09,2026-09-03T15:06:40Z
UTIM/O/D/MDF/13/05/0054,UTI Medium Term Fund,Open Ended,Income/Debt Oriented Schemes - Medium Term Fund,2026-09-01,1.52,0.92,2026-09-03T15:06:40Z
UTIM/O/D/MDF/13/05/0054,UTI Medium Term Fund,Open Ended,Income/Debt Oriented Schemes - Medium Term Fund,2026-09-02,1.52,0.92,2026-09-03T15:06:40Z
UTIM/O/D/MLD/98/05/0007,UTI Medium to Long Term Fund,Open Ended,Income/Debt Oriented Schemes - Medium to Long Term Fund,2026-09-01,1.64,1.32,2026-09-03T15:06:40Z
UTIM/O/D/MLD/98/05/0007,UTI Medium to Long Term Fund,Open Ended,Income/Debt Oriented Schemes - Medium to Long Term Fund,2026-09-02,1.64,1.32,2026-09-03T15:06:40Z
UTIM/O/H/MAA/08/09/0051,UTI Multi Asset Allocation Fund,Open Ended,Hybrid Schemes - Multi Asset Allocation Fund,2026-09-01,1.81,0.89,2026-09-03T15:06:40Z
UTIM/O/H/MAA/08/09/0051,UTI Multi Asset Allocation Fund,Open Ended,Hybrid Schemes - Multi Asset Allocation Fund,2026-09-02,1.81,0.89,2026-09-03T15:06:40Z
UTIM/O/E/MCF/24/12/0130,UTI Multi Cap Fund,Open Ended,Equity Schemes - Multi Cap Fund,2026-09-01,2.28,1.12,2026-09-03T15:06:40Z
UTIM/O/E/MCF/24/12/0130,UTI Multi Cap Fund,Open Ended,Equity Schemes - Multi Cap Fund,2026-09-02,2.28,1.12,2026-09-03T15:06:40Z
UTIM/O/D/DET/23/07/0121,UTI Nifty 10 yr Benchmark G-Sec ETF,Open Ended,Exchange Traded Funds (ETFs) - Debt ETF,2026-09-01,0.3,0.0,2026-09-03T15:06:40Z
UTIM/O/D/DET/23/07/0121,UTI Nifty 10 yr Benchmark G-Sec ETF,Open Ended,Exchange Traded Funds (ETFs) - Debt ETF,2026-09-02,0.3,0.0,2026-09-03T15:06:40Z
UTIM/O/O/DET/26/03/0132,UTI Nifty 1D Rate Liquid ETF - Growth,Open Ended,Exchange Traded Funds (ETFs) - Debt ETF,2026-09-01,0.22,0.0,2026-09-03T15:06:40Z
UTIM/O/O/DET/26/03/0132,UTI Nifty 1D Rate Liquid ETF - Growth,Open Ended,Exchange Traded Funds (ETFs) - Debt ETF,2026-09-02,0.22,0.0,2026-09-03T15:06:40Z
UTIM/O/O/EIN/20/12/0095,UTI Nifty 200 Momentum 30 Index Fund,Open Ended,Index Funds - Equity Funds,2026-09-01,1.36,0.89,2026-09-03T15:06:40Z
UTIM/O/O/EIN/20/12/0095,UTI Nifty 200 Momentum 30 Index Fund,Open Ended,Index Funds - Equity Funds,2026-09-02,1.36,0.89,2026-09-03T15:06:40Z
UTIM/O/E/EIN/24/07/0123,UTI Nifty 200 Quality 30 Index Fund,Open Ended,Index Funds - Equity Funds,2026-09-01,1.12,0.67,2026-09-03T15:06:40Z
UTIM/O/E/EIN/24/07/0123,UTI Nifty 200 Quality 30 Index Fund,Open Ended,Index Funds - Equity Funds,2026-09-02,1.12,0.67,2026-09-03T15:06:40Z
UTIM/O/D/DET/23/07/0120,UTI Nifty 5 yr Benchmark G-Sec ETF,Open Ended,Exchange Traded Funds (ETFs) - Debt ETF,2026-09-01,0.23,0.0,2026-09-03T15:06:40Z
UTIM/O/D/DET/23/07/0120,UTI Nifty 5 yr Benchmark G-Sec ETF,Open Ended,Exchange Traded Funds (ETFs) - Debt ETF,2026-09-02,0.23,0.0,2026-09-03T15:06:40Z
UTIM/O/O/OET/15/08/0056,UTI Nifty 50 ETF,Open Ended,Exchange Traded Funds (ETFs) - Equity ETF,2026-09-01,0.05,0.0,2026-09-03T15:06:40Z
UTIM/O/O/OET/15/08/0056,UTI Nifty 50 ETF,Open Ended,Exchange Traded Funds (ETFs) - Equity ETF,2026-09-02,0.05,0.0,2026-09-03T15:06:40Z
UTIM/O/O/EIN/00/03/0013,UTI Nifty 50 Index Fund,Open Ended,Other Scheme - Index Funds,2026-09-01,0.37,0.25,2026-09-03T15:06:40Z
UTIM/O/O/EIN/00/03/0013,UTI Nifty 50 Index Fund,Open Ended,Other Scheme - Index Funds,2026-09-02,0.37,0.25,2026-09-03T15:06:40Z
UTIM/O/O/EET/26/06/0133,UTI Nifty 500 Exchange Traded Fund,Open Ended,Exchange Traded Funds (ETFs) - Equity ETF,2026-09-01,7.39,0.0,2026-09-03T15:06:40Z
UTIM/O/O/EET/26/06/0133,UTI Nifty 500 Exchange Traded Fund,Open Ended,Exchange Traded Funds (ETFs) - Equity ETF,2026-09-02,7.39,0.0,2026-09-03T15:06:40Z
UTIM/O/E/EIN/26/06/0134,UTI NIFTY 500 INDEX FUND,Open Ended,Exchange Traded Funds (ETFs) - Equity ETF,2026-09-01,45.31,44.6,2026-09-03T15:06:40Z
UTIM/O/E/EIN/26/06/0134,UTI NIFTY 500 INDEX FUND,Open Ended,Exchange Traded Funds (ETFs) - Equity ETF,2026-09-02,45.31,44.6,2026-09-03T15:06:40Z
UTIM/O/E/EIN/23/02/0113,UTI Nifty 500 Value 50 Index Fund,Open Ended,Index Funds - Equity Funds,2026-09-01,1.21,0.75,2026-09-03T15:06:40Z
UTIM/O/E/EIN/23/02/0113,UTI Nifty 500 Value 50 Index Fund,Open Ended,Index Funds - Equity Funds,2026-09-02,1.21,0.75,2026-09-03T15:06:40Z
UTIM/O/E/EIN/24/07/0124,UTI Nifty Alpha Low-Volatility 30 Index Fund,Open Ended,Index Funds - Equity Funds,2026-09-01,1.24,0.82,2026-09-03T15:06:40Z
UTIM/O/E/EIN/24/07/0124,UTI Nifty Alpha Low-Volatility 30 Index Fund,Open Ended,Index Funds - Equity Funds,2026-09-02,1.24,0.82,2026-09-03T15:06:40Z
UTIM/O/O/OET/20/01/0093,UTI Nifty Bank ETF,Open Ended,Exchange Traded Funds (ETFs) - Equity ETF,2026-09-01,0.19,0.0,2026-09-03T15:06:40Z
UTIM/O/O/OET/20/01/0093,UTI Nifty Bank ETF,Open Ended,Exchange Traded Funds (ETFs) - Equity ETF,2026-09-02,0.19,0.0,2026-09-03T15:06:40Z
UTIM/O/E/EIN/24/07/0127,UTI Nifty India Manufacturing Index Fund,Open Ended,Index Funds - Equity Funds,2026-09-01,1.12,0.7,2026-09-03T15:06:40Z
UTIM/O/E/EIN/24/07/0127,UTI Nifty India Manufacturing Index Fund,Open Ended,Index Funds - Equity Funds,2026-09-02,1.12,0.7,2026-09-03T15:06:40Z
UTIM/O/E/EET/23/09/0119,UTI Nifty IT ETF,Open Ended,Exchange Traded Funds (ETFs) - Equity ETF,2026-09-01,0.3,0.0,2026-09-03T15:06:40Z
UTIM/O/E/EET/23/09/0119,UTI Nifty IT ETF,Open Ended,Exchange Traded Funds (ETFs) - Equity ETF,2026-09-02,0.3,0.0,2026-09-03T15:06:40Z
UTIM/O/E/EET/23/02/0117,UTI Nifty Midcap 150 Exchange Traded Fund,Open Ended,Exchange Traded Funds (ETFs) - Equity ETF,2026-09-01,0.29,0.0,2026-09-03T15:06:40Z
UTIM/O/E/EET/23/02/0117,UTI Nifty Midcap 150 Exchange Traded Fund,Open Ended,Exchange Traded Funds (ETFs) - Equity ETF,2026-09-02,0.29,0.0,2026-09-03T15:06:40Z
UTIM/O/E/EIN/24/07/0125,UTI Nifty Midcap 150 Index Fund,Open Ended,Index Funds - Equity Funds,2026-09-01,1.09,0.66,2026-09-03T15:06:40Z
UTIM/O/E/EIN/24/07/0125,UTI Nifty Midcap 150 Index Fund,Open Ended,Index Funds - Equity Funds,2026-09-02,1.09,0.66,2026-09-03T15:06:40Z
UTIM/O/O/EIN/21/09/0098,UTI Nifty Midcap 150 Quality 50 Index Fund,Open Ended,Index Funds - Equity Funds,2026-09-01,1.11,0.69,2026-09-03T15:06:40Z
UTIM/O/O/EIN/21/09/0098,UTI Nifty Midcap 150 Quality 50 Index Fund,Open Ended,Index Funds - Equity Funds,2026-09-02,1.11,0.69,2026-09-03T15:06:40Z
UTIM/O/E/EIN/24/07/0128,UTI Nifty Midsmallcap 400 Momentum Quality 100 Index Fund,Open Ended,Index Funds - Equity Funds,2026-09-01,1.31,0.82,2026-09-03T15:06:40Z
UTIM/O/E/EIN/24/07/0128,UTI Nifty Midsmallcap 400 Momentum Quality 100 Index Fund,Open Ended,Index Funds - Equity Funds,2026-09-02,1.31,0.82,2026-09-03T15:06:40Z
UTIM/O/E/EIN/24/07/0122,UTI Nifty Private Bank Index Fund,Open Ended,Index Funds - Equity Funds,2026-09-01,1.04,0.56,2026-09-03T15:06:40Z
UTIM/O/E/EIN/24/07/0122,UTI Nifty Private Bank Index Fund,Open Ended,Index Funds - Equity Funds,2026-09-02,1.04,0.56,2026-09-03T15:06:40Z
UTIM/O/S/DIN/22/10/0109,UTI NIFTY SDL Plus AAA PSU Bond Apr 2028- 75:25 Index Fund,Open Ended,Index Funds - Debt Funds,2026-09-01,0.42,0.26,2026-09-03T15:06:40Z
UTIM/O/S/DIN/22/10/0109,UTI NIFTY SDL Plus AAA PSU Bond Apr 2028- 75:25 Index Fund,Open Ended,Index Funds - Debt Funds,2026-09-02,0.42,0.26,2026-09-03T15:06:40Z
UTIM/O/E/EIN/22/11/0114,UTI Nifty50 Equal Weight Index Fund,Open Ended,Index Funds - Equity Funds,2026-09-01,0.89,0.44,2026-09-03T15:06:40Z
UTIM/O/E/EIN/22/11/0114,UTI Nifty50 Equal Weight Index Fund,Open Ended,Index Funds - Equity Funds,2026-09-02,0.89,0.44,2026-09-03T15:06:40Z
UTIM/O/E/EIN/25/09/0131,UTI Nifty500 Shariah Index Fund,Open Ended,Index Funds - Equity Funds,2026-09-01,1.22,0.76,2026-09-03T15:06:40Z
UTIM/O/E/EIN/25/09/0131,UTI Nifty500 Shariah Index Fund,Open Ended,Index Funds - Equity Funds,2026-09-02,1.22,0.76,2026-09-03T15:06:40Z
UTIM/O/E/THE/24/10/0126,UTI Quant Fund,Open Ended,Equity Schemes - Thematic Fund,2026-09-01,2.16,0.97,2026-09-03T15:06:40Z
UTIM/O/E/THE/24/10/0126,UTI Quant Fund,Open Ended,Equity Schemes - Thematic Fund,2026-09-02,2.16,0.97,2026-09-03T15:06:40Z
UTIM/O/S/RET/94/11/0004,UTI Retirement Fund,Open Ended,Solution Oriented Scheme - Retirement Fund,2026-09-01,1.63,1.16,2026-09-03T15:06:40Z
UTIM/O/S/RET/94/11/0004,UTI Retirement Fund,Open Ended,Solution Oriented Scheme - Retirement Fund,2026-09-02,1.63,1.16,2026-09-03T15:06:40Z
UTIM/O/D/SDF/03/06/0017,UTI Short Term Fund,Open Ended,Income/Debt Oriented Schemes - Short Term Fund,2026-09-01,0.81,0.41,2026-09-03T15:06:40Z
UTIM/O/D/SDF/03/06/0017,UTI Short Term Fund,Open Ended,Income/Debt Oriented Schemes - Short Term Fund,2026-09-02,0.81,0.41,2026-09-03T15:06:40Z
UTIM/O/O/FOD/22/11/0112,UTI Silver ETF Fund of Fund,Open Ended,Fund of Funds Scheme (Domestic) - Fund of Funds Scheme (Domestic),2026-09-01,0.46,0.14,2026-09-03T15:06:40Z
UTIM/O/O/FOD/22/11/0112,UTI Silver ETF Fund of Fund,Open Ended,Fund of Funds Scheme (Domestic) - Fund of Funds Scheme (Domestic),2026-09-02,0.46,0.14,2026-09-03T15:06:40Z
UTIM/O/O/OET/22/11/0111,UTI Silver Exchange Traded Fund,Open Ended,Exchange Traded Funds (ETFs) - Silver ETF,2026-09-01,0.59,0.0,2026-09-03T15:06:40Z
UTIM/O/O/OET/22/11/0111,UTI Silver Exchange Traded Fund,Open Ended,Exchange Traded Funds (ETFs) - Silver ETF,2026-09-02,0.59,0.0,2026-09-03T15:06:40Z
UTIM/O/E/SCF/20/03/0094,UTI Small Cap Fund,Open Ended,Equity Schemes - Small Cap Fund,2026-09-01,2.01,1.05,2026-09-03T15:06:40Z
UTIM/O/E/SCF/20/03/0094,UTI Small Cap Fund,Open Ended,Equity Schemes - Small Cap Fund,2026-09-02,2.01,1.05,2026-09-03T15:06:40Z
UTIM/O/D/USD/03/08/0018,UTI Ultra Short Term Fund,Open Ended,Income/Debt Oriented Schemes - Ultra Short Term Fund,2026-09-01,0.99,0.38,2026-09-03T15:06:40Z
UTIM/O/D/USD/03/08/0018,UTI Ultra Short Term Fund,Open Ended,Income/Debt Oriented Schemes - Ultra Short Term Fund,2026-09-02,0.99,0.38,2026-09-03T15:06:40Z
UTIM/O/D/LOW/99/07/0010,UTI Ultra Short to Short Term Fund,Open Ended,Income/Debt Oriented Schemes - Ultra Short to Short Term Fund,2026-09-01,0.48,0.37,2026-09-03T15:06:40Z
UTIM/O/D/LOW/99/07/0010,UTI Ultra Short to Short Term Fund,Open Ended,Income/Debt Oriented Schemes - Ultra Short to Short Term Fund,2026-09-02,0.48,0.37,2026-09-03T15:06:40Z
UTIM/O/E/VAF/05/06/0025,UTI Value Fund,Open Ended,Equity Schemes - Value Fund,2026-09-01,1.85,1.33,2026-09-03T15:06:40Z
UTIM/O/E/VAF/05/06/0025,UTI Value Fund,Open Ended,Equity Schemes - Value Fund,2026-09-02,1.85,1.33,2026-09-03T15:06:40Z
WHIT/O/H/AHF/26/05/0023,WhiteOak Capital Aggressive Hybrid Fund,Open Ended,Hybrid Schemes - Aggressive Hybrid Fund,2026-09-01,3.17,1.38,2026-09-03T15:06:40Z
WHIT/O/H/AHF/26/05/0023,WhiteOak Capital Aggressive Hybrid Fund,Open Ended,Hybrid Schemes - Aggressive Hybrid Fund,2026-09-02,3.17,1.37,2026-09-03T15:06:40Z
WHIT/O/H/ARB/24/05/0017,WhiteOak Capital Arbitrage Fund,Open Ended,Hybrid Schemes - Arbitrage Fund,2026-09-01,3.17,2.42,2026-09-03T15:06:40Z
WHIT/O/H/ARB/24/05/0017,WhiteOak Capital Arbitrage Fund,Open Ended,Hybrid Schemes - Arbitrage Fund,2026-09-02,3.17,2.41,2026-09-03T15:06:40Z
WHIT/O/H/BAF/22/10/0008,WhiteOak Capital Balanced Advantage Fund,Open Ended,Hybrid Schemes - Balanced Advantage Fund/ Dynamic Asset Allocation,2026-09-01,2.25,0.83,2026-09-03T15:06:40Z
WHIT/O/H/BAF/22/10/0008,WhiteOak Capital Balanced Advantage Fund,Open Ended,Hybrid Schemes - Balanced Advantage Fund/ Dynamic Asset Allocation,2026-09-02,2.25,0.83,2026-09-03T15:06:40Z
WHIT/O/H/BHF/23/08/0012,WhiteOak Capital Balanced Hybrid Fund,Open Ended,Hybrid Schemes - Balanced Hybrid Fund,2026-09-01,2.26,0.71,2026-09-03T15:06:40Z
WHIT/O/H/BHF/23/08/0012,WhiteOak Capital Balanced Hybrid Fund,Open Ended,Hybrid Schemes - Balanced Hybrid Fund,2026-09-02,2.26,0.71,2026-09-03T15:06:40Z
WHIT/O/E/THE/23/10/0014,WhiteOak Capital Banking & Financial Services Fund,Open Ended,Equity Schemes - Sectoral Fund,2026-09-01,2.74,1.07,2026-09-03T15:06:40Z
WHIT/O/E/THE/23/10/0014,WhiteOak Capital Banking & Financial Services Fund,Open Ended,Equity Schemes - Sectoral Fund,2026-09-02,2.74,1.08,2026-09-03T15:06:40Z
WHIT/O/E/THE/25/12/0022,WhiteOak Capital Consumption Opportunities Fund,Open Ended,Equity Schemes - Thematic Fund,2026-09-01,2.74,1.1,2026-09-03T15:06:40Z
WHIT/O/E/THE/25/12/0022,WhiteOak Capital Consumption Opportunities Fund,Open Ended,Equity Schemes - Thematic Fund,2026-09-02,2.74,1.1,2026-09-03T15:06:40Z
WHIT/O/E/SEC/24/09/0018,WhiteOak Capital Digital Bharat Fund,Open Ended,Equity Schemes - Sectoral Fund,2026-09-01,3.15,1.41,2026-09-03T15:06:40Z
WHIT/O/E/SEC/24/09/0018,WhiteOak Capital Digital Bharat Fund,Open Ended,Equity Schemes - Sectoral Fund,2026-09-02,3.15,1.41,2026-09-03T15:06:40Z
WHIT/O/E/DYF/26/06/0024,WhiteOak Capital Dividend Yield Fund,Open Ended,Equity Schemes - Dividend Yield Fund,2026-09-01,9.86,8.57,2026-09-03T15:06:40Z
WHIT/O/E/DYF/26/06/0024,WhiteOak Capital Dividend Yield Fund,Open Ended,Equity Schemes - Dividend Yield Fund,2026-09-02,9.86,8.57,2026-09-03T15:06:40Z
WHIT/O/E/ELS/22/06/0006,WhiteOak Capital ELSS Tax Saver Fund,Open Ended,Equity Schemes - ELSS- Tax Saver Fund,2026-09-01,2.59,0.87,2026-09-03T15:06:40Z
WHIT/O/E/ELS/22/06/0006,WhiteOak Capital ELSS Tax Saver Fund,Open Ended,Equity Schemes - ELSS- Tax Saver Fund,2026-09-02,2.59,0.87,2026-09-03T15:06:40Z
WHIT/O/H/ESF/25/01/0021,WhiteOak Capital Equity Savings Fund,Open Ended,Hybrid Schemes - Equity Savings Fund,2026-09-01,3.01,1.54,2026-09-03T15:06:40Z
WHIT/O/H/ESF/25/01/0021,WhiteOak Capital Equity Savings Fund,Open Ended,Hybrid Schemes - Equity Savings Fund,2026-09-02,3.01,1.54,2026-09-03T15:06:40Z
WHIT/O/E/THE/24/09/0019,WhiteOak Capital ESG Best-In-Class Strategy Fund,Open Ended,Equity Schemes - Thematic Fund,2026-09-01,2.65,0.98,2026-09-03T15:06:40Z
WHIT/O/E/THE/24/09/0019,WhiteOak Capital ESG Best-In-Class Strategy Fund,Open Ended,Equity Schemes - Thematic Fund,2026-09-02,2.65,0.98,2026-09-03T15:06:40Z
WHIT/O/E/FCF/22/03/0004,WhiteOak Capital Flexi Cap Fund,Open Ended,Equity Schemes - Flexi Cap Fund,2026-09-01,2.06,0.83,2026-09-03T15:06:40Z
WHIT/O/E/FCF/22/03/0004,WhiteOak Capital Flexi Cap Fund,Open Ended,Equity Schemes - Flexi Cap Fund,2026-09-02,2.06,0.83,2026-09-03T15:06:40Z
WHIT/O/E/LMF/23/10/0013,WhiteOak Capital Large & Mid Cap Fund,Open Ended,Equity Schemes - Large & Mid Cap Fund,2026-09-01,2.35,0.87,2026-09-03T15:06:40Z
WHIT/O/E/LMF/23/10/0013,WhiteOak Capital Large & Mid Cap Fund,Open Ended,Equity Schemes - Large & Mid Cap Fund,2026-09-02,2.35,0.87,2026-09-03T15:06:40Z
WHIT/O/E/LCF/22/06/0007,WhiteOak Capital Large Cap Fund,Open Ended,Equity Schemes - Large Cap Fund,2026-09-01,2.48,0.91,2026-09-03T15:06:40Z
WHIT/O/E/LCF/22/06/0007,WhiteOak Capital Large Cap Fund,Open Ended,Equity Schemes - Large Cap Fund,2026-09-02,2.48,0.91,2026-09-03T15:06:40Z
WHIT/O/D/LIF/18/11/0001,WhiteOak Capital Liquid Fund,Open Ended,Income/Debt Oriented Schemes - Liquid Fund,2026-09-01,0.23,0.12,2026-09-03T15:06:40Z
WHIT/O/D/LIF/18/11/0001,WhiteOak Capital Liquid Fund,Open Ended,Income/Debt Oriented Schemes - Liquid Fund,2026-09-02,0.23,0.12,2026-09-03T15:06:40Z
WHIT/O/E/MIF/22/05/0005,WhiteOak Capital Mid Cap Fund,Open Ended,Equity Schemes - Mid Cap Fund,2026-09-01,2.26,0.95,2026-09-03T15:06:40Z
WHIT/O/E/MIF/22/05/0005,WhiteOak Capital Mid Cap Fund,Open Ended,Equity Schemes - Mid Cap Fund,2026-09-02,2.26,0.95,2026-09-03T15:06:40Z
WHIT/O/H/MAA/23/02/0010,WhiteOak Capital Multi Asset Allocation Fund,Open Ended,Hybrid Schemes - Multi Asset Allocation Fund,2026-09-01,1.68,0.65,2026-09-03T15:06:40Z
WHIT/O/H/MAA/23/02/0010,WhiteOak Capital Multi Asset Allocation Fund,Open Ended,Hybrid Schemes - Multi Asset Allocation Fund,2026-09-02,1.68,0.65,2026-09-03T15:06:40Z
WHIT/O/E/MCF/23/08/0011,WhiteOak Capital Multi Cap Fund,Open Ended,Equity Schemes - Multi Cap Fund,2026-09-01,2.22,0.89,2026-09-03T15:06:40Z
WHIT/O/E/MCF/23/08/0011,WhiteOak Capital Multi Cap Fund,Open Ended,Equity Schemes - Multi Cap Fund,2026-09-02,2.22,0.89,2026-09-03T15:06:40Z
WHIT/O/E/SEC/23/12/0015,WhiteOak Capital Pharma and Healthcare Fund,Open Ended,Equity Schemes - Sectoral Fund,2026-09-01,2.78,1.1,2026-09-03T15:06:40Z
WHIT/O/E/SEC/23/12/0015,WhiteOak Capital Pharma and Healthcare Fund,Open Ended,Equity Schemes - Sectoral Fund,2026-09-02,2.78,1.1,2026-09-03T15:06:40Z
WHIT/O/E/THE/24/11/0020,WhiteOak Capital Quality Equity Fund,Open Ended,Equity Schemes - Thematic Fund,2026-09-01,2.67,1.02,2026-09-03T15:06:40Z
WHIT/O/E/THE/24/11/0020,WhiteOak Capital Quality Equity Fund,Open Ended,Equity Schemes - Thematic Fund,2026-09-02,2.67,1.02,2026-09-03T15:06:40Z
WHIT/O/E/THE/24/04/0016,Whiteoak Capital Special Opportunities Fund,Open Ended,Equity Schemes - Thematic Fund,2026-09-01,2.8,1.34,2026-09-03T15:06:40Z
WHIT/O/E/THE/24/04/0016,Whiteoak Capital Special Opportunities Fund,Open Ended,Equity Schemes - Thematic Fund,2026-09-02,2.8,1.34,2026-09-03T15:06:40Z
WHIT/O/D/USD/18/11/0002,WhiteOak Capital Ultra Short Term Fund,Open Ended,Income/Debt Oriented Schemes - Ultra Short Term Fund,2026-09-01,0.82,0.27,2026-09-03T15:06:40Z
WHIT/O/D/USD/18/11/0002,WhiteOak Capital Ultra Short Term Fund,Open Ended,Income/Debt Oriented Schemes - Ultra Short Term Fund,2026-09-02,0.82,0.27,2026-09-03T15:06:40Z
ZERO/O/H/ARB/26/06/0024,Zerodha Arbitrage Fund,Open Ended,Hybrid Schemes - Arbitrage Fund,2026-09-01,0.0,3.83,2026-09-03T15:06:40Z
ZERO/O/H/ARB/26/06/0024,Zerodha Arbitrage Fund,Open Ended,Hybrid Schemes - Arbitrage Fund,2026-09-02,0.0,3.83,2026-09-03T15:06:40Z
ZERO/O/O/EIN/25/08/0015,Zerodha BSE SENSEX Index Fund,Open Ended,Other Scheme - Index Funds,2026-09-01,0.0,0.47,2026-09-03T15:06:40Z
ZERO/O/O/EIN/25/08/0015,Zerodha BSE SENSEX Index Fund,Open Ended,Other Scheme - Index Funds,2026-09-02,0.0,0.47,2026-09-03T15:06:40Z
ZERO/O/O/ELS/23/09/0002,Zerodha ELSS Tax Saver Nifty LargeMidcap 250 Index Fund,Open Ended,Other Scheme - Index Funds,2026-09-01,0.0,0.34,2026-09-03T15:06:40Z
ZERO/O/O/ELS/23/09/0002,Zerodha ELSS Tax Saver Nifty LargeMidcap 250 Index Fund,Open Ended,Other Scheme - Index Funds,2026-09-02,0.0,0.34,2026-09-03T15:06:40Z
ZERO/O/O/GET/24/01/0004,Zerodha Gold ETF,Open Ended,Other Scheme - Gold ETF,2026-09-01,0.0,0.35,2026-09-03T15:06:40Z
ZERO/O/O/GET/24/01/0004,Zerodha Gold ETF,Open Ended,Other Scheme - Gold ETF,2026-09-02,0.0,0.35,2026-09-03T15:06:40Z
ZERO/O/O/FOD/24/09/0008,Zerodha Gold ETF FoF,Open Ended,Other Scheme - FoF Domestic,2026-09-01,0.0,0.28,2026-09-03T15:06:40Z
ZERO/O/O/FOD/24/09/0008,Zerodha Gold ETF FoF,Open Ended,Other Scheme - FoF Domestic,2026-09-02,0.0,0.28,2026-09-03T15:06:40Z
ZERO/O/L/LCY/26/06/0020,Zerodha Life Cycle Fund 2036,Open Ended,Life Cycle Funds - Life Cycle Fund with Maturity of 10 Years,2026-09-01,0.0,1.29,2026-09-03T15:06:40Z
ZERO/O/L/LCY/26/06/0020,Zerodha Life Cycle Fund 2036,Open Ended,Life Cycle Funds - Life Cycle Fund with Maturity of 10 Years,2026-09-02,0.0,1.29,2026-09-03T15:06:40Z
ZERO/O/L/LCY/26/06/0021,Zerodha Life Cycle Fund 2041,Open Ended,Life Cycle Funds - Life Cycle Fund with Maturity of 15 Years,2026-09-01,0.0,1.39,2026-09-03T15:06:40Z
ZERO/O/L/LCY/26/06/0021,Zerodha Life Cycle Fund 2041,Open Ended,Life Cycle Funds - Life Cycle Fund with Maturity of 15 Years,2026-09-02,0.0,1.39,2026-09-03T15:06:40Z
ZERO/O/O/FOD/25/07/0011,Zerodha Multi Asset Passive FoF,Open Ended,Other Scheme - FoF Domestic,2026-09-01,0.0,0.23,2026-09-03T15:06:40Z
ZERO/O/O/FOD/25/07/0011,Zerodha Multi Asset Passive FoF,Open Ended,Other Scheme - FoF Domestic,2026-09-02,0.0,0.23,2026-09-03T15:06:40Z
ZERO/O/O/EET/24/04/0005,Zerodha Nifty 100 ETF,Open Ended,Other Scheme - Other  ETFs,2026-09-01,0.0,0.27,2026-09-03T15:06:40Z
ZERO/O/O/EET/24/04/0005,Zerodha Nifty 100 ETF,Open Ended,Other Scheme - Other  ETFs,2026-09-02,0.0,0.27,2026-09-03T15:06:40Z
ZERO/O/O/DET/23/12/0003,Zerodha Nifty 1D Rate Liquid ETF,Open Ended,Other Scheme - Other  ETFs,2026-09-01,0.0,0.28,2026-09-03T15:06:40Z
ZERO/O/O/DET/23/12/0003,Zerodha Nifty 1D Rate Liquid ETF,Open Ended,Other Scheme - Other  ETFs,2026-09-02,0.0,0.28,2026-09-03T15:06:40Z
ZERO/O/O/EET/25/08/0016,Zerodha Nifty 50 ETF,Open Ended,Other Scheme - Other  ETFs,2026-09-01,0.0,0.05,2026-09-03T15:06:40Z
ZERO/O/O/EET/25/08/0016,Zerodha Nifty 50 ETF,Open Ended,Other Scheme - Other  ETFs,2026-09-02,0.0,0.05,2026-09-03T15:06:40Z
ZERO/O/O/EIN/25/08/0014,Zerodha Nifty 50 Index Fund,Open Ended,Other Scheme - Index Funds,2026-09-01,0.0,0.27,2026-09-03T15:06:40Z
ZERO/O/O/EIN/25/08/0014,Zerodha Nifty 50 Index Fund,Open Ended,Other Scheme - Index Funds,2026-09-02,0.0,0.27,2026-09-03T15:06:40Z
ZERO/O/O/DET/25/07/0012,Zerodha Nifty 8-13 Yr G-Sec ETF,Open Ended,Other Scheme - Other  ETFs,2026-09-01,0.0,0.07,2026-09-03T15:06:40Z
ZERO/O/O/DET/25/07/0012,Zerodha Nifty 8-13 Yr G-Sec ETF,Open Ended,Other Scheme - Other  ETFs,2026-09-02,0.0,0.07,2026-09-03T15:06:40Z
ZERO/O/O/EIN/23/09/0001,Zerodha Nifty LargeMidcap 250 Index Fund,Open Ended,Other Scheme - Index Funds,2026-09-01,0.0,0.36,2026-09-03T15:06:40Z
ZERO/O/O/EIN/23/09/0001,Zerodha Nifty LargeMidcap 250 Index Fund,Open Ended,Other Scheme - Index Funds,2026-09-02,0.0,0.36,2026-09-03T15:06:40Z
ZERO/O/O/OIN/26/03/0019,Zerodha Nifty LargeMidcap250 Plus 8-13 yr G-Sec 70:30 Index Fund,Open Ended,Other Scheme - Index Funds,2026-09-01,0.0,0.85,2026-09-03T15:06:40Z
ZERO/O/O/OIN/26/03/0019,Zerodha Nifty LargeMidcap250 Plus 8-13 yr G-Sec 70:30 Index Fund,Open Ended,Other Scheme - Index Funds,2026-09-02,0.0,0.85,2026-09-03T15:06:40Z
ZERO/O/O/EET/24/04/0006,Zerodha Nifty Midcap 150 ETF,Open Ended,Other Scheme - Other  ETFs,2026-09-01,0.0,0.22,2026-09-03T15:06:40Z
ZERO/O/O/EET/24/04/0006,Zerodha Nifty Midcap 150 ETF,Open Ended,Other Scheme - Other  ETFs,2026-09-02,0.0,0.22,2026-09-03T15:06:40Z
ZERO/O/O/EIN/26/02/0018,Zerodha Nifty MidSmallcap400 50:50 Index Fund,Open Ended,Other Scheme - Index Funds,2026-09-01,0.0,0.88,2026-09-03T15:06:40Z
ZERO/O/O/EIN/26/02/0018,Zerodha Nifty MidSmallcap400 50:50 Index Fund,Open Ended,Other Scheme - Index Funds,2026-09-02,0.0,0.88,2026-09-03T15:06:40Z
ZERO/O/O/DIN/25/12/0017,Zerodha Nifty Short Duration G-Sec Index Fund,Open Ended,Other Scheme - Index Funds,2026-09-01,0.0,0.22,2026-09-03T15:06:40Z
ZERO/O/O/DIN/25/12/0017,Zerodha Nifty Short Duration G-Sec Index Fund,Open Ended,Other Scheme - Index Funds,2026-09-02,0.0,0.22,2026-09-03T15:06:40Z
ZERO/O/O/EET/25/07/0013,Zerodha Nifty Smallcap 100 ETF,Open Ended,Other Scheme - Other  ETFs,2026-09-01,0.0,0.23,2026-09-03T15:06:40Z
ZERO/O/O/EET/25/07/0013,Zerodha Nifty Smallcap 100 ETF,Open Ended,Other Scheme - Other  ETFs,2026-09-02,0.0,0.23,2026-09-03T15:06:40Z
ZERO/O/D/ONF/24/09/0007,Zerodha Overnight Fund,Open Ended,Debt Scheme - Overnight Fund,2026-09-01,0.0,0.13,2026-09-03T15:06:40Z
ZERO/O/D/ONF/24/09/0007,Zerodha Overnight Fund,Open Ended,Debt Scheme - Overnight Fund,2026-09-02,0.0,0.13,2026-09-03T15:06:40Z
ZERO/O/O/OET/25/02/0009,Zerodha Silver ETF,Open Ended,Other Scheme - Other  ETFs,2026-09-01,0.0,0.39,2026-09-03T15:06:40Z
ZERO/O/O/OET/25/02/0009,Zerodha Silver ETF,Open Ended,Other Scheme - Other  ETFs,2026-09-02,0.0,0.39,2026-09-03T15:06:40Z
ZERO/O/O/FOD/25/05/0010,Zerodha Silver ETF FoF,Open Ended,Other Scheme - FoF Domestic,2026-09-01,0.0,0.21,2026-09-03T15:06:40Z
ZERO/O/O/FOD/25/05/0010,Zerodha Silver ETF FoF,Open Ended,Other Scheme - FoF Domestic,2026-09-02,0.0,0.21,2026-09-03T15:06:40Z
